"","w6sgq4","cntry","w6age","gndr","eisced","mnactic","hinctnta","netusoft","hincfel","w6sgq11","w6sgq12","w6sgq5","w6wq2","w6wq8","w6sgq22"
"1",5,"AT",70,9,3,6,10,4,1,5,8,6,5,5,2
"2",6,"AT",77,1,3,6,10,5,1,2,8,9,5,6,3
"3",4,"AT",45,2,6,1,77,5,2,5,7,9,5,3,3
"4",4,"AT",59,2,5,1,5,5,2,3,5,8,4,5,3
"5",4,"AT",39,1,5,1,3,5,1,1,10,7,3,5,5
"6",7,"AT",59,1,3,1,77,4,1,4,8,8,3,5,3
"7",4,"AT",69,2,2,6,7,5,1,3,8,5,3,5,2
"8",4,"AT",31,2,6,8,77,5,2,4,6,6,4,2,2
"9",4,"AT",39,2,7,1,6,5,2,3,6,7,5,5,3
"10",3,"AT",24,2,4,2,8,5,3,5,7,10,4,3,2
"11",4,"AT",72,1,7,6,8,5,1,3,5,99,3,5,2
"12",4,"AT",55,1,5,1,7,4,1,3,3,5,5,4,3
"13",2,"AT",70,1,3,6,5,5,2,1,0,9,2,3,5
"14",3,"AT",60,2,4,1,7,5,2,3,3,8,1,3,2
"15",4,"AT",71,1,3,6,7,2,2,2,2,8,3,6,4
"16",3,"AT",52,1,55,1,5,5,2,4,7,6,3,4,4
"17",4,"AT",43,2,3,8,5,5,2,4,5,8,4,4,5
"18",4,"AT",58,1,7,1,8,5,1,3,6,7,5,3,5
"19",3,"AT",51,2,5,1,6,5,1,4,10,8,2,6,3
"20",4,"AT",31,1,3,1,7,4,2,3,7,0,6,5,3
"21",6,"AT",45,2,7,1,8,5,1,4,9,3,4,3,3
"22",4,"AT",57,1,3,99,7,5,3,4,9,3,3,5,4
"23",4,"AT",32,2,3,1,3,5,3,2,2,9,0,0,5
"24",4,"AT",62,2,5,1,3,5,2,3,5,5,4,4,3
"25",5,"AT",48,1,4,1,10,5,1,4,7,6,4,5,3
"26",2,"AT",38,1,7,1,9,5,2,5,10,7,4,4,4
"27",1,"AT",34,1,7,1,77,5,2,3,4,3,1,4,3
"28",4,"AT",51,2,5,1,5,5,1,3,10,10,3,6,2
"29",4,"AT",33,2,6,1,77,5,1,3,7,8,5,5,4
"30",3,"AT",44,1,3,1,9,5,1,2,1,8,1,5,3
"31",4,"AT",35,2,5,1,6,5,1,4,7,8,4,6,2
"32",5,"AT",60,1,7,1,10,5,1,4,7,5,5,6,2
"33",4,"AT",64,2,3,6,1,3,3,3,5,5,5,4,4
"34",4,"AT",33,2,4,1,9,5,1,5,4,8,3,4,4
"35",4,"AT",63,2,5,1,99,5,1,1,2,3,5,6,3
"36",4,"AT",65,2,5,6,3,1,2,5,2,0,0,0,5
"37",3,"AT",58,1,3,1,9,5,2,3,3,1,4,4,3
"38",3,"AT",22,1,4,2,3,5,2,2,2,8,2,5,3
"39",5,"AT",69,1,3,1,9,5,1,2,5,5,1,5,2
"40",4,"AT",56,2,5,1,9,5,1,3,6,99,4,5,4
"41",4,"AT",59,2,6,1,8,5,1,3,3,5,2,6,3
"42",4,"AT",33,2,3,9,4,5,2,4,6,4,2,3,4
"43",2,"AT",36,2,3,1,8,5,1,3,5,9,3,5,3
"44",4,"AT",70,1,7,6,8,5,2,4,9,1,3,5,4
"45",4,"AT",58,1,7,6,10,5,1,3,5,7,5,5,4
"46",4,"AT",83,2,2,6,6,3,1,4,6,5,4,6,3
"47",1,"AT",75,1,3,6,7,3,1,3,5,7,3,6,2
"48",3,"AT",36,1,6,1,5,5,3,4,5,8,2,3,2
"49",3,"AT",22,2,4,2,5,5,2,5,8,7,2,2,4
"50",2,"AT",47,2,3,8,4,5,2,5,10,10,5,4,4
"51",1,"AT",52,1,5,1,9,5,1,3,5,8,3,5,2
"52",4,"AT",70,2,4,6,4,5,1,3,5,9,4,6,3
"53",2,"AT",50,1,3,1,6,4,2,4,8,9,4,5,3
"54",1,"AT",79,1,7,6,4,4,1,4,8,7,4,5,3
"55",4,"AT",25,1,5,2,9,5,1,5,8,7,4,5,4
"56",4,"AT",73,2,2,6,2,4,2,3,5,7,4,5,4
"57",4,"AT",57,1,7,1,8,5,2,4,8,5,2,4,3
"58",2,"AT",46,1,7,1,10,5,1,4,7,4,6,6,4
"59",3,"AT",77,1,5,6,4,3,1,5,9,9,3,5,2
"60",1,"AT",44,2,7,8,7,4,2,4,4,7,5,6,2
"61",3,"AT",43,2,5,8,7,5,2,3,8,3,4,5,3
"62",4,"AT",58,2,3,1,77,5,3,3,8,8,5,2,3
"63",3,"AT",61,1,5,1,6,5,1,4,8,5,3,5,4
"64",4,"AT",70,2,7,6,9,4,1,3,2,5,3,6,2
"65",2,"AT",68,1,5,6,3,5,2,2,1,2,1,5,5
"66",4,"AT",64,1,3,4,4,2,2,5,5,5,3,3,5
"67",3,"AT",60,1,3,1,2,2,3,4,5,6,1,3,4
"68",4,"AT",47,1,7,1,7,5,2,5,9,8,5,4,3
"69",5,"AT",45,1,5,1,8,5,2,3,6,8,2,5,3
"70",2,"AT",60,1,5,1,4,5,2,3,7,7,2,3,3
"71",3,"AT",58,1,5,1,9,5,1,5,10,7,5,5,2
"72",4,"AT",35,2,3,1,2,5,3,5,8,7,4,4,3
"73",4,"AT",62,2,5,1,8,4,1,4,7,10,4,6,1
"74",4,"AT",58,2,5,1,10,5,1,4,8,6,2,4,2
"75",4,"AT",28,2,5,2,2,5,2,4,7,5,5,1,4
"76",2,"AT",59,2,4,1,6,5,3,5,10,5,5,3,4
"77",4,"AT",57,1,5,9,1,5,2,4,9,1,6,5,9
"78",4,"AT",39,2,7,1,9,5,2,3,6,8,3,5,3
"79",3,"AT",29,2,6,1,5,5,1,3,7,3,2,4,5
"80",4,"AT",78,1,5,6,3,2,2,3,0,3,0,2,4
"81",4,"AT",62,1,5,6,5,5,2,3,2,9,6,5,3
"82",1,"AT",66,1,3,6,9,5,1,3,5,9,3,4,3
"83",4,"AT",27,2,7,2,4,5,2,3,5,5,4,6,5
"84",3,"AT",71,2,7,6,10,5,1,4,7,8,4,4,2
"85",3,"AT",57,1,7,1,10,5,1,4,9,9,5,5,2
"86",2,"AT",38,2,7,1,10,5,1,4,7,9,1,6,4
"87",6,"AT",37,2,7,1,4,5,1,3,3,10,5,5,3
"88",6,"AT",66,1,5,1,6,5,1,3,10,8,4,6,4
"89",4,"AT",42,1,5,1,7,5,2,4,8,7,4,5,3
"90",1,"AT",62,1,5,1,6,5,2,5,9,3,3,6,2
"91",4,"AT",54,1,5,1,8,4,1,4,9,2,5,5,3
"92",5,"AT",51,1,7,1,10,5,1,5,8,2,6,6,3
"93",2,"AT",68,1,3,6,6,5,2,5,9,8,5,6,2
"94",4,"AT",68,1,7,8,99,5,1,4,7,8,1,4,3
"95",4,"AT",56,2,7,1,5,5,1,4,5,8,4,5,3
"96",2,"AT",41,1,6,1,7,5,2,3,4,9,4,5,3
"97",5,"AT",28,1,5,1,6,5,1,4,7,7,6,5,4
"98",2,"AT",62,1,5,1,8,5,2,4,9,9,2,5,1
"99",4,"AT",74,2,2,6,7,5,1,4,8,9,5,5,2
"100",3,"AT",65,2,4,6,1,5,4,5,9,9,3,4,3
"101",4,"AT",37,2,7,8,9,5,1,5,8,7,6,5,4
"102",4,"AT",45,2,7,1,9,5,1,4,7,6,4,5,3
"103",4,"AT",26,9,5,9,8,3,1,4,7,3,4,5,3
"104",4,"AT",35,2,7,8,8,5,1,4,6,4,3,5,3
"105",4,"AT",76,1,5,6,3,2,1,4,8,3,4,2,3
"106",2,"AT",53,1,4,1,9,5,1,5,8,4,1,5,3
"107",5,"AT",43,2,6,1,9,5,2,5,8,0,3,3,2
"108",4,"AT",82,1,3,6,8,4,1,2,2,9,3,5,3
"109",3,"AT",38,2,6,2,1,5,3,4,5,9,0,4,3
"110",5,"AT",36,2,6,1,9,5,1,4,6,7,3,5,2
"111",4,"AT",47,2,5,1,6,5,2,5,9,4,5,5,3
"112",4,"AT",50,1,3,1,3,5,3,3,3,8,1,4,4
"113",3,"AT",71,2,4,6,5,5,1,3,8,9,2,4,4
"114",4,"AT",38,2,3,1,10,5,2,3,3,0,5,3,3
"115",4,"AT",33,1,5,1,8,5,2,3,6,5,4,4,3
"116",3,"AT",55,1,5,1,5,5,2,5,10,0,6,4,5
"117",6,"AT",83,2,1,6,2,5,3,2,5,9,2,4,3
"118",6,"AT",64,2,4,6,5,5,2,4,7,5,3,5,3
"119",2,"AT",38,2,7,8,6,5,2,4,8,7,6,3,3
"120",4,"AT",61,2,7,1,77,5,1,4,6,5,0,6,3
"121",4,"AT",32,2,6,1,10,5,1,4,7,3,5,5,2
"122",4,"AT",59,1,3,1,4,5,1,1,5,0,3,5,5
"123",6,"AT",51,1,3,8,8,5,4,1,0,0,3,5,5
"124",1,"AT",64,2,3,6,10,5,1,4,8,7,5,5,2
"125",3,"AT",25,2,3,1,10,5,2,4,8,9,1,0,1
"126",4,"AT",50,1,6,1,10,5,1,1,0,5,3,3,5
"127",5,"AT",42,1,5,1,77,5,2,2,2,6,5,5,4
"128",1,"AT",70,1,7,6,8,5,1,4,4,8,5,5,2
"129",4,"AT",45,2,3,8,5,5,3,3,7,6,4,6,4
"130",4,"AT",65,2,3,6,77,5,1,4,9,9,3,4,3
"131",1,"AT",35,2,6,1,7,5,2,4,10,9,6,4,2
"132",3,"AT",38,1,5,1,7,5,2,2,4,10,4,4,3
"133",6,"AT",76,1,3,6,6,3,2,4,7,7,5,5,2
"134",4,"AT",27,2,5,1,5,5,1,3,5,5,0,4,4
"135",3,"AT",77,1,7,6,9,5,1,4,5,9,3,5,2
"136",5,"AT",42,1,7,1,9,5,1,3,5,3,5,3,3
"137",4,"AT",63,2,3,8,6,5,1,3,8,9,6,5,4
"138",4,"AT",50,2,5,1,9,5,1,4,8,5,4,4,3
"139",3,"AT",55,1,3,1,3,4,2,3,7,9,1,1,1
"140",5,"AT",39,1,3,1,6,5,2,3,6,3,4,3,3
"141",2,"AT",44,2,7,8,7,5,1,3,7,7,3,5,3
"142",4,"AT",62,1,3,1,2,5,2,3,8,8,2,6,2
"143",3,"AT",51,2,5,1,9,5,1,4,8,10,1,4,3
"144",3,"AT",30,1,3,1,9,5,1,4,7,8,2,5,2
"145",4,"AT",67,2,3,6,99,4,2,4,3,5,2,4,2
"146",4,"AT",53,1,7,1,6,5,2,9,2,5,5,4,3
"147",4,"AT",36,1,5,1,6,5,2,2,3,3,6,5,4
"148",5,"AT",42,2,7,1,9,5,2,4,8,4,5,6,2
"149",4,"AT",38,1,3,1,9,4,2,3,5,5,5,5,4
"150",4,"AT",47,2,3,1,8,4,1,3,6,6,4,3,2
"151",4,"AT",48,1,5,1,8,5,3,4,6,3,3,3,3
"152",1,"AT",34,1,5,2,5,5,4,1,0,0,3,6,5
"153",4,"AT",51,2,5,8,99,4,1,3,7,8,6,5,2
"154",6,"AT",65,1,3,3,2,5,2,4,7,7,4,4,4
"155",4,"AT",69,1,3,6,7,4,2,2,5,8,3,6,4
"156",1,"AT",49,1,7,1,77,5,1,1,0,0,0,0,1
"157",3,"AT",67,1,5,1,7,5,1,5,8,10,4,5,1
"158",4,"AT",56,1,3,1,7,5,1,3,3,9,3,5,3
"159",2,"AT",64,1,3,1,7,5,2,3,5,7,4,5,4
"160",3,"AT",34,2,7,1,4,5,1,5,7,10,6,6,2
"161",2,"AT",57,2,7,1,9,5,1,3,9,10,5,4,3
"162",5,"AT",76,1,5,6,4,4,2,1,0,10,3,3,1
"163",4,"AT",22,1,2,2,10,5,1,3,8,2,5,6,5
"164",1,"AT",53,2,3,1,6,5,2,3,7,7,4,5,4
"165",1,"AT",55,1,3,1,5,5,2,2,0,10,3,4,5
"166",6,"AT",70,1,5,6,5,5,2,4,10,7,6,6,4
"167",4,"AT",50,1,4,1,7,5,1,4,8,3,5,4,4
"168",4,"AT",54,1,3,1,10,5,1,4,4,8,3,5,3
"169",5,"AT",51,1,5,1,10,5,1,2,2,6,4,5,4
"170",4,"AT",45,2,7,1,77,5,1,4,8,4,4,5,3
"171",4,"AT",58,1,5,1,5,5,1,4,9,1,5,5,3
"172",4,"AT",64,2,3,6,3,5,2,2,0,4,3,4,4
"173",4,"AT",43,2,7,1,8,5,1,3,3,3,5,5,5
"174",3,"AT",84,1,3,6,3,5,1,5,9,8,4,4,2
"175",3,"AT",51,1,7,1,6,5,2,5,10,8,3,4,2
"176",4,"AT",49,2,3,1,99,5,3,3,8,5,4,5,4
"177",6,"AT",50,2,3,1,5,5,2,5,7,3,5,6,4
"178",3,"AT",30,2,5,1,10,3,1,3,5,8,4,5,3
"179",4,"AT",48,1,6,1,9,5,1,3,7,7,5,5,3
"180",3,"AT",51,2,7,1,3,5,3,3,7,9,4,5,4
"181",3,"AT",35,2,3,1,6,5,2,3,5,7,3,5,4
"182",4,"AT",39,2,5,1,8,5,2,2,3,1,5,4,4
"183",3,"AT",45,2,7,8,8,5,2,4,6,7,4,5,3
"184",4,"AT",38,2,3,1,5,5,2,2,0,5,6,5,5
"185",2,"AT",53,2,7,1,77,5,2,5,8,3,2,1,5
"186",3,"AT",37,1,1,6,1,4,2,3,0,10,6,6,1
"187",2,"AT",44,1,3,1,7,4,1,3,8,5,5,5,4
"188",1,"AT",42,2,7,1,7,5,1,3,8,9,3,6,3
"189",6,"AT",62,1,3,1,4,3,2,3,7,4,5,6,2
"190",4,"AT",58,2,6,1,77,5,2,1,0,5,0,4,5
"191",5,"AT",52,2,3,8,77,5,1,3,5,5,3,3,3
"192",4,"AT",66,1,5,1,9,5,1,4,9,8,5,5,2
"193",4,"AT",41,2,7,1,10,5,1,2,5,7,5,5,2
"194",1,"AT",65,2,3,6,4,5,2,4,9,8,2,5,2
"195",4,"AT",28,2,4,2,9,5,1,5,10,0,1,4,1
"196",6,"AT",71,2,5,6,6,5,1,2,1,6,4,5,5
"197",6,"AT",54,1,7,1,6,5,1,3,7,8,4,5,2
"198",3,"AT",41,2,5,1,8,5,2,5,7,7,4,3,3
"199",4,"AT",49,2,5,1,8,5,1,4,8,2,3,5,3
"200",1,"AT",61,1,3,9,1,5,4,3,8,5,3,4,4
"201",3,"AT",34,1,6,1,1,5,1,3,2,9,4,6,2
"202",1,"AT",73,1,7,6,8,5,1,5,8,10,4,2,3
"203",1,"AT",84,1,7,6,7,5,1,5,10,8,6,6,1
"204",4,"AT",75,1,5,6,8,5,2,3,5,3,1,5,3
"205",4,"AT",85,1,5,6,6,5,1,4,4,7,4,5,4
"206",4,"AT",29,2,5,2,5,5,1,3,5,3,2,3,4
"207",5,"AT",56,2,4,1,8,5,2,4,8,7,6,5,3
"208",1,"AT",51,2,7,1,9,5,1,4,8,9,4,5,2
"209",2,"AT",72,2,6,6,6,5,1,4,10,2,5,5,3
"210",4,"AT",75,2,5,6,99,4,9,3,7,3,6,6,3
"211",2,"AT",68,2,6,1,9,5,2,4,8,7,4,4,3
"212",4,"AT",39,1,7,1,5,5,1,4,5,5,5,4,4
"213",4,"AT",74,2,3,6,6,5,2,3,7,9,3,5,4
"214",5,"AT",37,2,7,1,10,4,1,4,9,5,4,5,2
"215",4,"AT",61,1,5,1,7,5,1,5,10,8,1,6,1
"216",4,"AT",73,2,7,6,9,5,1,3,8,10,3,3,3
"217",4,"AT",54,2,5,1,10,5,1,3,8,3,2,5,2
"218",4,"AT",30,1,3,1,77,4,2,2,6,8,2,6,4
"219",4,"AT",44,1,7,1,8,5,2,2,8,4,4,4,3
"220",5,"AT",87,2,7,6,1,5,2,3,4,5,4,5,2
"221",5,"AT",40,2,7,1,77,5,1,3,7,6,2,5,3
"222",5,"AT",48,2,5,1,8,5,1,4,8,3,4,6,3
"223",4,"AT",65,1,6,6,7,3,2,3,5,5,4,5,3
"224",5,"AT",68,2,2,8,8,5,1,4,7,10,4,3,3
"225",1,"AT",59,2,7,3,1,5,4,5,10,5,1,2,3
"226",1,"AT",65,1,7,1,77,5,1,4,3,6,4,4,3
"227",3,"AT",56,2,4,1,8,5,1,3,7,10,4,5,2
"228",5,"AT",55,1,7,1,10,5,1,4,6,4,4,5,3
"229",2,"AT",52,1,7,1,9,5,1,4,9,3,5,5,2
"230",4,"AT",51,2,5,1,10,4,1,3,7,6,4,4,4
"231",2,"AT",60,2,6,1,10,5,1,4,5,5,3,4,4
"232",3,"AT",36,1,7,1,10,5,1,5,7,10,4,6,1
"233",4,"AT",50,1,3,1,7,4,2,2,8,3,4,4,4
"234",3,"AT",35,2,6,1,9,5,1,4,7,10,3,6,1
"235",3,"AT",78,1,4,6,3,3,1,2,0,2,0,1,5
"236",1,"AT",28,1,4,2,77,5,1,3,6,10,3,6,3
"237",3,"AT",70,2,5,6,2,5,2,4,10,8,1,5,2
"238",1,"AT",63,1,3,6,8,5,2,2,1,10,5,5,2
"239",1,"AT",46,2,6,1,8,5,2,5,7,5,3,4,3
"240",4,"AT",46,1,3,1,4,5,2,2,8,6,4,2,5
"241",4,"AT",55,2,5,1,5,5,2,3,9,7,2,3,4
"242",3,"AT",27,2,7,1,4,5,1,4,7,8,3,6,4
"243",4,"AT",68,1,5,1,8,5,1,4,9,0,5,5,3
"244",4,"AT",45,2,5,8,4,4,1,2,9,9,5,5,3
"245",4,"AT",77,1,6,6,8,5,2,1,0,8,5,5,3
"246",4,"AT",24,1,3,1,7,5,2,4,5,6,5,6,3
"247",1,"AT",71,2,5,6,9,5,1,4,7,9,6,6,3
"248",4,"AT",44,2,2,8,5,5,1,2,0,5,4,6,5
"249",4,"AT",42,2,5,1,77,4,1,3,8,5,5,5,3
"250",3,"AT",37,1,7,1,3,5,1,5,8,6,5,6,1
"251",2,"AT",70,2,7,6,7,5,1,3,7,6,4,4,4
"252",3,"AT",58,2,5,1,4,5,1,3,5,5,5,4,5
"253",4,"AT",32,2,6,1,9,5,2,4,10,4,4,5,4
"254",4,"AT",52,2,7,1,4,5,3,3,8,7,4,3,4
"255",6,"AT",66,1,3,4,7,5,1,2,5,9,3,6,3
"256",3,"AT",27,2,5,1,10,5,1,4,10,10,4,4,4
"257",1,"AT",66,1,3,6,77,5,2,4,8,8,4,6,4
"258",4,"AT",58,2,5,1,77,5,1,3,5,5,5,5,3
"259",1,"AT",82,2,3,9,10,5,1,3,8,8,4,4,4
"260",3,"AT",29,2,5,1,5,4,2,5,10,9,2,3,3
"261",4,"AT",74,1,5,6,99,5,2,4,9,9,5,5,4
"262",3,"AT",28,2,5,2,8,5,2,3,5,4,3,6,4
"263",3,"AT",44,1,7,1,9,5,1,3,7,6,4,6,2
"264",4,"AT",46,1,6,4,2,5,2,2,3,1,2,3,5
"265",4,"AT",56,2,3,1,6,5,2,4,7,1,4,4,4
"266",1,"AT",42,2,3,1,6,5,2,3,5,10,3,3,3
"267",3,"AT",81,1,7,6,4,5,2,2,7,8,5,4,4
"268",4,"AT",32,1,5,1,77,5,2,4,9,9,2,4,3
"269",4,"AT",53,1,7,1,10,5,1,1,0,8,5,6,3
"270",5,"AT",46,1,7,1,10,5,1,4,7,5,5,4,4
"271",1,"AT",62,2,5,1,99,5,2,2,4,8,2,3,3
"272",4,"AT",58,1,5,1,77,5,2,1,0,0,3,1,5
"273",4,"AT",59,1,4,1,6,5,1,5,5,7,3,1,5
"274",2,"AT",63,2,3,1,5,2,1,4,8,9,3,6,2
"275",4,"AT",38,2,3,1,7,5,3,2,5,2,4,1,5
"276",6,"AT",78,1,3,6,5,4,2,3,7,99,5,4,4
"277",4,"AT",63,1,5,1,10,4,1,3,5,8,4,5,4
"278",6,"AT",65,1,3,6,5,5,2,4,6,8,4,5,3
"279",4,"AT",48,2,6,1,5,5,3,2,5,10,3,3,5
"280",4,"AT",29,1,3,1,4,5,2,3,3,6,4,5,2
"281",5,"AT",69,1,5,1,10,5,1,2,5,7,3,4,3
"282",2,"AT",25,1,4,2,10,5,1,5,8,7,4,6,3
"283",4,"AT",74,1,5,6,8,5,1,4,9,10,1,6,2
"284",5,"AT",67,1,3,1,5,5,1,5,10,5,5,6,3
"285",2,"AT",36,1,7,9,1,4,1,3,5,8,2,2,1
"286",4,"AT",66,1,3,6,7,5,1,2,5,10,4,5,2
"287",3,"AT",24,1,5,7,77,5,2,4,7,3,1,6,2
"288",3,"AT",39,2,7,1,8,5,1,4,8,2,4,5,2
"289",4,"AT",35,1,6,1,3,5,2,3,9,9,1,5,4
"290",4,"AT",56,2,7,1,10,5,2,4,7,2,5,4,4
"291",4,"AT",62,1,5,1,9,5,1,9,1,10,4,4,3
"292",4,"AT",36,2,7,8,3,4,3,3,5,3,5,6,4
"293",3,"AT",37,2,7,9,99,5,9,3,1,4,5,5,4
"294",2,"AT",41,2,5,8,7,5,1,4,6,9,5,6,3
"295",3,"AT",35,2,6,1,5,5,1,3,7,10,1,6,1
"296",4,"AT",26,2,6,1,7,5,2,4,8,8,3,5,4
"297",4,"AT",32,2,7,1,8,5,1,3,9,6,5,5,3
"298",3,"AT",34,1,7,1,10,5,1,5,7,8,4,5,3
"299",1,"AT",66,2,3,6,4,4,3,3,5,1,2,3,3
"300",1,"AT",66,2,3,6,6,4,2,3,7,7,4,6,5
"301",6,"AT",48,2,5,99,5,5,3,3,8,10,3,4,5
"302",4,"AT",63,1,5,1,8,5,1,4,8,3,5,5,4
"303",4,"AT",66,1,4,1,10,5,1,3,2,6,1,5,3
"304",5,"AT",31,1,4,1,77,5,1,5,9,9,4,5,1
"305",4,"AT",62,1,5,1,77,5,1,3,8,5,3,5,3
"306",3,"AT",34,1,5,1,3,5,2,5,6,4,5,3,1
"307",1,"AT",42,2,5,1,4,5,2,4,5,8,3,4,3
"308",4,"AT",66,2,6,1,4,5,2,4,8,9,3,6,3
"309",1,"AT",43,1,6,1,9,5,1,4,5,8,4,5,2
"310",4,"AT",68,2,3,6,3,5,1,3,5,99,5,6,3
"311",7,"AT",35,2,7,1,10,5,1,4,4,7,3,4,2
"312",1,"AT",53,1,5,1,3,5,1,4,10,10,4,6,2
"313",4,"AT",75,1,3,6,6,4,2,3,0,7,5,5,3
"314",6,"AT",64,2,6,1,77,5,1,3,7,9,3,5,3
"315",1,"AT",64,1,7,1,10,4,1,4,8,8,4,4,3
"316",4,"AT",37,2,7,8,10,5,1,3,5,4,4,6,1
"317",4,"AT",52,1,3,1,77,3,2,3,3,10,6,6,4
"318",4,"AT",56,1,5,1,8,5,2,3,5,5,2,2,5
"319",2,"AT",58,1,6,1,9,5,1,5,8,1,5,5,2
"320",4,"AT",46,1,3,1,6,5,1,4,7,5,5,6,3
"321",5,"AT",40,1,6,1,8,5,2,3,7,6,2,4,5
"322",5,"AT",60,1,5,1,5,5,2,3,6,8,4,6,3
"323",4,"AT",40,1,7,1,10,5,1,2,3,6,1,5,3
"324",1,"AT",73,1,7,6,77,5,2,3,8,8,4,4,3
"325",4,"AT",27,1,3,1,7,5,2,3,7,7,4,4,4
"326",1,"AT",42,1,5,1,10,5,1,3,8,0,5,6,2
"327",1,"AT",62,1,3,6,5,5,2,4,1,10,5,5,5
"328",4,"AT",54,1,4,1,9,5,2,3,8,4,5,5,4
"329",1,"AT",85,1,3,6,8,3,1,4,5,10,1,3,3
"330",4,"AT",74,2,7,6,77,4,2,3,7,5,3,5,3
"331",3,"AT",28,2,3,3,9,5,4,4,6,10,2,3,3
"332",3,"AT",46,1,3,1,3,5,2,1,0,9,3,6,5
"333",4,"AT",80,1,5,6,7,5,2,3,7,9,4,5,2
"334",4,"AT",30,2,5,9,3,5,2,3,3,6,3,5,4
"335",3,"AT",45,1,3,99,99,4,9,3,0,3,0,6,3
"336",6,"AT",66,1,7,6,5,5,1,3,2,9,2,4,4
"337",2,"AT",28,1,6,2,9,5,1,3,6,8,5,5,3
"338",4,"AT",66,1,3,1,9,5,1,2,7,4,6,4,3
"339",3,"AT",70,2,4,8,5,5,2,3,5,10,3,5,3
"340",4,"AT",28,2,3,3,3,5,3,2,0,5,3,6,1
"341",2,"AT",57,2,7,1,9,5,2,5,9,3,3,4,4
"342",4,"AT",29,2,5,2,77,5,2,3,9,3,5,4,2
"343",5,"AT",46,1,5,1,8,5,1,3,7,5,5,4,2
"344",4,"AT",69,1,3,6,4,5,2,1,0,5,3,3,3
"345",4,"AT",52,1,5,1,8,4,2,3,6,7,5,5,2
"346",2,"AT",75,2,5,8,4,5,1,4,10,10,5,6,3
"347",5,"AT",67,1,2,6,10,5,1,3,5,5,3,5,1
"348",4,"AT",60,1,3,1,9,5,1,4,6,2,4,4,2
"349",1,"AT",73,1,5,6,4,5,1,1,0,10,0,2,5
"350",4,"AT",68,2,3,6,7,5,1,3,5,7,4,6,3
"351",4,"AT",22,2,4,1,3,5,1,3,9,2,3,3,5
"352",4,"AT",42,2,7,1,7,5,1,5,8,2,3,4,2
"353",3,"AT",67,2,3,6,1,2,3,3,5,5,4,4,4
"354",3,"AT",52,2,7,1,10,5,1,5,10,6,4,6,1
"355",3,"AT",50,1,7,1,9,5,2,4,8,5,3,3,5
"356",4,"AT",55,1,5,1,5,5,2,4,8,9,2,5,3
"357",4,"AT",32,2,7,1,10,5,1,4,9,10,3,5,3
"358",4,"AT",51,1,3,1,8,5,2,3,8,5,4,4,2
"359",4,"AT",72,2,4,6,8,4,2,1,0,5,4,4,4
"360",1,"AT",44,2,3,8,6,5,3,3,6,10,2,2,4
"361",1,"AT",83,1,3,6,1,2,2,3,8,5,5,5,3
"362",4,"AT",78,1,3,6,6,4,2,3,4,7,3,4,4
"363",5,"AT",36,1,3,1,8,5,1,1,3,8,4,6,4
"364",4,"AT",64,2,2,1,77,4,2,3,6,8,4,5,4
"365",4,"AT",33,2,7,1,8,5,1,5,8,3,5,4,4
"366",4,"AT",41,2,5,1,8,5,2,3,7,7,6,4,3
"367",1,"AT",32,1,7,1,9,5,1,5,8,10,3,5,3
"368",6,"AT",72,2,3,9,9,5,1,3,8,8,4,5,3
"369",4,"AT",72,1,3,6,6,3,2,3,5,5,5,5,4
"370",3,"AT",90,1,7,6,4,2,2,2,5,9,4,5,3
"371",1,"AT",64,1,4,9,2,4,2,3,7,9,5,4,3
"372",3,"AT",23,1,2,5,8,5,2,3,8,8,0,2,3
"373",4,"AT",60,1,5,1,8,5,1,4,7,7,4,5,3
"374",6,"AT",89,2,2,6,3,1,1,3,8,5,3,5,2
"375",2,"AT",26,2,5,1,10,5,1,5,6,3,3,6,2
"376",3,"AT",68,2,3,6,9,3,1,2,3,7,1,4,4
"377",4,"AT",62,2,3,1,2,5,2,3,6,4,4,6,3
"378",4,"AT",52,2,6,1,6,5,2,4,7,2,4,2,4
"379",2,"AT",74,1,4,6,6,5,3,4,6,5,3,4,3
"380",3,"AT",36,1,7,1,8,5,1,4,7,8,2,4,3
"381",4,"AT",41,2,5,1,7,5,2,4,8,4,5,5,3
"382",4,"AT",45,2,3,1,77,5,1,2,5,6,4,5,3
"383",4,"AT",37,1,7,1,9,5,1,2,6,4,5,4,3
"384",4,"AT",36,2,3,1,8,5,1,4,7,6,6,5,2
"385",4,"AT",58,2,5,1,99,5,1,3,7,6,2,4,3
"386",1,"AT",63,1,4,1,9,5,2,5,8,10,3,3,3
"387",3,"AT",36,2,6,1,6,5,2,3,5,5,4,2,5
"388",1,"AT",69,1,5,6,5,2,2,3,8,10,4,6,2
"389",4,"AT",44,2,6,1,8,5,1,3,3,0,4,5,4
"390",4,"AT",31,1,5,1,9,5,1,4,3,5,4,5,3
"391",1,"AT",68,1,5,6,9,3,2,3,7,9,3,4,3
"392",4,"AT",25,2,4,99,5,5,1,3,6,3,2,5,4
"393",4,"AT",45,2,3,1,9,5,1,2,7,9,3,5,3
"394",4,"AT",34,2,3,2,1,5,3,3,7,8,1,4,4
"395",5,"AT",79,1,7,6,8,4,1,2,3,8,2,6,3
"396",3,"AT",58,2,6,1,77,5,1,3,4,10,1,5,2
"397",3,"AT",40,2,6,1,7,5,1,3,8,9,5,5,3
"398",4,"AT",38,1,3,8,3,5,2,2,9,5,2,6,5
"399",4,"AT",57,2,3,1,7,5,2,3,6,6,0,6,4
"400",3,"AT",83,1,7,6,8,4,1,3,9,10,5,4,3
"401",2,"AT",72,2,6,9,8,5,1,4,8,9,2,5,3
"402",3,"AT",42,2,7,2,2,5,3,4,5,10,4,4,4
"403",3,"AT",56,1,5,1,10,5,1,5,8,10,2,3,4
"404",4,"AT",61,2,3,1,77,5,2,3,5,0,4,6,5
"405",4,"AT",47,1,5,1,9,5,2,3,5,6,4,4,3
"406",4,"AT",52,2,4,8,5,4,2,3,3,7,3,4,3
"407",3,"AT",42,2,7,8,8,5,2,4,5,10,3,5,4
"408",4,"AT",52,2,3,1,8,5,1,3,6,99,6,5,3
"409",1,"AT",63,2,5,1,77,5,1,3,8,5,5,4,5
"410",7,"AT",53,1,5,1,7,5,1,4,8,5,5,4,3
"411",4,"AT",74,1,3,6,7,5,2,3,8,8,4,5,3
"412",2,"AT",28,1,4,9,10,5,1,4,7,8,2,3,2
"413",2,"AT",60,2,5,1,6,5,2,4,9,2,4,0,4
"414",4,"AT",71,1,3,6,99,5,2,2,5,5,6,6,3
"415",5,"AT",48,1,7,1,9,5,2,4,8,9,4,5,3
"416",2,"AT",35,2,5,8,6,5,1,3,5,10,5,6,3
"417",4,"AT",67,1,5,1,9,5,1,3,8,9,4,5,2
"418",3,"AT",75,2,5,8,6,5,1,4,6,10,6,6,2
"419",4,"AT",28,2,5,1,5,5,2,2,6,5,5,3,4
"420",1,"AT",64,1,5,1,4,5,2,4,4,6,2,3,4
"421",6,"AT",73,1,3,6,5,4,2,3,6,10,3,6,4
"422",4,"AT",76,1,5,1,9,5,1,2,5,7,2,6,4
"423",4,"AT",25,2,5,1,4,5,3,3,7,7,5,2,4
"424",4,"AT",37,2,3,9,7,5,2,3,8,2,2,3,4
"425",4,"AT",55,1,5,1,9,4,2,3,8,7,5,5,2
"426",2,"AT",61,1,3,6,2,5,3,3,5,9,3,2,4
"427",6,"AT",81,2,6,6,10,5,1,3,5,7,4,5,2
"428",3,"AT",35,1,5,1,77,5,2,5,5,5,2,4,4
"429",6,"AT",65,1,5,6,6,5,2,3,9,1,5,6,3
"430",1,"AT",58,2,6,1,10,5,1,4,5,7,3,5,1
"431",4,"AT",59,1,3,1,9,4,2,4,7,4,4,5,3
"432",4,"AT",75,1,7,6,10,5,1,2,0,10,2,6,2
"433",3,"AT",27,1,4,2,1,5,1,1,0,10,0,6,3
"434",4,"AT",52,2,7,1,5,5,2,4,10,5,6,5,2
"435",1,"AT",57,1,3,1,77,5,1,2,5,10,3,6,3
"436",4,"AT",45,2,5,1,9,5,2,3,10,2,6,6,2
"437",4,"AT",41,2,4,1,9,5,1,4,10,2,3,5,2
"438",4,"AT",61,2,6,1,9,5,1,2,4,4,2,4,3
"439",5,"AT",67,1,3,6,8,5,1,3,7,8,5,4,3
"440",4,"AT",70,2,5,6,9,5,2,4,5,5,2,5,3
"441",5,"AT",59,1,5,1,8,5,1,5,10,4,5,6,3
"442",4,"AT",54,1,7,1,10,5,1,4,10,8,3,5,1
"443",3,"AT",26,2,4,2,8,5,1,4,5,8,3,5,4
"444",1,"AT",53,1,5,1,7,5,1,3,4,8,4,5,2
"445",4,"AT",48,1,7,1,10,4,1,3,7,3,6,6,3
"446",4,"AT",77,1,3,6,3,5,2,2,5,4,1,2,5
"447",1,"AT",42,1,7,1,10,5,1,4,6,7,5,6,1
"448",4,"AT",48,2,3,1,4,5,1,4,7,7,3,4,3
"449",2,"AT",46,2,6,1,8,4,1,4,9,4,4,5,3
"450",3,"AT",51,1,5,1,10,5,1,2,2,3,5,5,3
"451",1,"AT",84,2,4,9,9,5,1,4,8,9,3,4,2
"452",3,"AT",30,2,7,1,1,5,2,4,6,9,1,5,3
"453",3,"AT",29,1,4,2,2,5,2,5,5,9,3,6,2
"454",6,"AT",77,1,7,6,9,5,1,3,5,99,5,5,2
"455",4,"AT",34,1,6,1,10,5,1,4,7,9,6,6,2
"456",3,"AT",63,1,3,1,3,5,1,4,8,10,0,3,3
"457",2,"AT",76,1,5,8,8,3,1,1,7,5,4,5,2
"458",1,"AT",82,1,5,6,10,5,1,3,5,9,3,5,2
"459",4,"AT",54,1,3,1,9,5,1,2,0,4,3,5,4
"460",5,"AT",68,1,3,6,6,5,2,4,4,3,4,6,3
"461",4,"AT",53,1,6,5,8,5,1,4,8,5,6,5,2
"462",3,"AT",55,1,7,1,10,5,1,5,10,7,4,6,1
"463",4,"AT",46,1,5,1,10,5,1,4,6,8,2,5,4
"464",2,"AT",70,1,3,6,5,5,1,3,5,4,4,5,3
"465",5,"AT",64,2,5,6,8,4,1,5,10,3,1,4,3
"466",5,"AT",64,2,5,8,7,2,2,3,4,3,5,5,3
"467",4,"AT",62,2,5,1,8,5,1,4,7,3,5,5,3
"468",3,"AT",59,2,7,1,8,5,2,5,10,4,1,2,4
"469",4,"AT",24,2,5,2,10,5,1,3,3,3,4,5,2
"470",4,"AT",59,2,3,1,5,5,1,3,7,5,4,4,3
"471",4,"AT",29,2,5,1,2,5,1,3,10,5,6,4,2
"472",4,"AT",42,2,7,8,10,5,1,4,4,0,5,3,2
"473",4,"AT",68,1,2,6,3,5,2,1,5,10,6,6,3
"474",3,"AT",88,1,4,6,4,5,1,2,1,10,1,5,2
"475",3,"AT",39,2,6,1,6,5,1,4,4,8,3,5,2
"476",1,"AT",70,2,3,99,6,5,1,4,4,8,3,5,4
"477",4,"AT",48,1,5,1,9,5,1,3,5,1,3,5,3
"478",4,"AT",76,1,7,6,7,5,1,4,9,7,5,5,3
"479",4,"AT",80,2,2,8,10,4,1,3,3,3,4,4,3
"480",4,"AT",69,1,3,6,5,3,3,2,7,2,6,6,5
"481",4,"AT",71,2,3,6,9,5,1,3,5,2,2,4,3
"482",1,"AT",33,2,4,1,8,5,1,4,7,10,5,5,3
"483",4,"AT",65,2,5,6,9,5,1,2,0,10,2,5,1
"484",4,"AT",58,2,3,2,6,5,1,4,8,8,4,6,3
"485",4,"AT",30,1,5,9,8,5,1,3,7,6,4,5,2
"486",4,"AT",63,2,6,1,9,5,1,5,9,10,6,5,4
"487",6,"AT",66,1,5,1,9,5,1,4,5,9,6,5,2
"488",4,"AT",56,2,7,1,9,5,1,3,10,5,5,6,4
"489",3,"AT",68,1,3,6,5,5,1,5,8,10,3,5,3
"490",4,"AT",80,1,7,6,10,5,1,2,0,8,6,4,3
"491",4,"AT",59,1,5,1,8,5,1,4,7,4,3,4,4
"492",4,"AT",63,2,2,1,3,5,2,4,7,5,4,5,3
"493",4,"AT",34,1,5,1,99,5,2,3,5,2,3,4,4
"494",1,"AT",30,2,7,1,3,5,2,5,9,6,3,4,2
"495",2,"AT",55,2,5,1,8,5,1,3,5,7,3,3,3
"496",3,"AT",37,2,7,1,3,5,2,3,7,10,1,6,3
"497",4,"AT",32,2,3,1,3,5,2,3,6,5,2,3,5
"498",1,"AT",65,2,3,6,1,5,2,3,3,4,0,3,3
"499",5,"AT",49,1,3,1,8,5,2,3,5,3,3,5,3
"500",4,"AT",48,2,5,1,7,4,2,5,9,4,4,2,3
"501",5,"AT",43,1,7,1,9,5,1,4,10,2,5,6,2
"502",1,"AT",64,2,3,1,6,5,2,5,9,6,3,99,3
"503",4,"AT",45,2,7,2,6,5,3,4,8,1,4,4,3
"504",3,"AT",73,2,5,8,3,5,2,5,10,0,5,6,3
"505",3,"AT",55,1,2,5,2,5,3,3,5,10,4,5,4
"506",2,"AT",79,1,3,6,6,5,1,3,8,8,5,6,1
"507",3,"AT",57,1,5,9,10,4,2,4,8,9,5,6,3
"508",4,"AT",47,2,5,8,1,5,2,3,2,3,3,5,4
"509",4,"AT",43,1,5,1,7,5,2,3,5,6,4,5,5
"510",4,"AT",56,2,5,1,5,5,3,3,5,3,0,3,4
"511",3,"AT",23,2,3,3,2,5,4,3,7,2,3,4,3
"512",4,"AT",75,2,7,6,9,5,1,3,7,6,3,5,4
"513",5,"AT",38,2,3,1,10,5,2,2,5,9,5,5,3
"514",4,"AT",44,2,7,1,3,5,1,3,8,0,6,6,4
"515",2,"AT",51,1,4,1,5,4,2,4,7,8,2,3,2
"516",4,"AT",61,1,2,1,9,5,1,2,5,10,5,6,1
"517",2,"AT",36,2,7,9,4,5,2,3,7,3,1,4,3
"518",1,"AT",60,1,3,1,6,5,2,3,5,10,3,5,3
"519",5,"AT",66,2,7,6,8,5,1,3,7,3,3,4,3
"520",4,"AT",34,2,7,1,8,5,1,5,9,6,4,6,1
"521",4,"AT",36,1,5,1,7,5,1,5,4,5,6,6,4
"522",5,"AT",44,2,7,1,10,5,1,5,9,2,5,5,2
"523",4,"AT",30,1,4,1,7,4,1,4,4,10,4,5,4
"524",2,"AT",40,2,7,1,6,5,2,5,8,5,6,5,3
"525",1,"AT",68,2,3,6,7,5,2,1,0,5,4,6,4
"526",5,"AT",52,2,3,1,4,4,1,5,9,0,4,6,3
"527",6,"AT",48,2,7,1,9,5,1,3,5,5,5,5,3
"528",2,"AT",26,1,4,2,7,5,1,3,5,8,4,6,3
"529",4,"AT",73,1,7,6,8,5,1,4,8,2,4,5,2
"530",4,"AT",85,1,1,6,3,2,2,2,6,8,5,5,3
"531",4,"AT",45,2,5,1,77,5,1,3,8,3,4,5,4
"532",4,"AT",79,1,5,6,8,5,1,1,0,7,3,5,2
"533",3,"AT",73,2,5,6,5,3,1,4,8,10,4,3,3
"534",2,"AT",61,2,3,1,99,4,1,4,10,5,6,6,3
"535",5,"AT",81,1,4,6,99,5,1,3,7,10,6,6,3
"536",2,"AT",53,1,7,1,10,5,1,4,3,10,3,5,3
"537",3,"AT",61,2,7,1,5,5,2,4,9,10,5,6,3
"538",4,"AT",42,1,3,1,9,5,1,1,0,10,5,6,2
"539",3,"AT",68,1,7,9,99,5,1,3,5,8,2,4,2
"540",4,"AT",66,2,3,6,77,3,2,3,3,10,4,3,4
"541",3,"AT",55,2,7,1,6,5,1,5,10,10,4,4,2
"542",4,"AT",51,1,3,1,77,5,1,3,7,8,4,4,3
"543",4,"AT",41,1,3,1,10,5,1,1,3,8,4,4,5
"544",6,"AT",65,2,4,1,7,5,1,4,10,0,4,5,2
"545",3,"AT",47,1,5,1,9,5,1,3,3,9,2,5,3
"546",4,"AT",54,1,7,1,3,5,2,3,3,7,2,4,3
"547",2,"AT",59,1,5,1,8,5,1,5,10,8,5,6,2
"548",2,"AT",65,1,5,1,7,5,3,4,8,8,3,6,4
"549",1,"AT",66,2,3,6,10,5,1,5,7,2,4,2,3
"550",5,"AT",63,1,3,6,77,5,2,3,4,1,5,5,3
"551",3,"AT",67,1,7,1,10,4,1,3,7,8,5,5,3
"552",7,"AT",47,1,3,5,2,5,2,4,5,8,5,3,1
"553",3,"AT",42,1,5,1,7,5,1,5,6,8,5,6,3
"554",3,"AT",44,1,7,1,5,5,2,4,4,10,4,6,3
"555",5,"AT",39,2,6,8,9,5,1,2,3,0,2,6,4
"556",6,"AT",64,2,7,1,9,5,1,5,10,6,6,5,2
"557",4,"AT",64,1,7,1,10,5,1,3,8,10,5,6,2
"558",4,"AT",53,2,5,1,9,5,1,4,7,8,5,5,2
"559",2,"AT",29,2,7,1,4,5,1,4,7,4,3,4,3
"560",4,"AT",49,2,3,1,4,5,2,3,7,9,3,6,3
"561",4,"AT",54,1,7,1,10,5,2,4,4,8,6,3,3
"562",4,"AT",53,2,6,1,7,4,2,3,7,7,5,6,3
"563",1,"AT",57,1,3,1,7,5,1,3,9,3,3,6,1
"564",3,"AT",80,2,3,6,3,2,1,4,6,9,4,5,3
"565",3,"AT",59,1,7,1,10,5,1,3,3,7,3,5,2
"566",3,"AT",33,2,7,1,10,5,1,5,8,5,5,3,2
"567",4,"AT",61,1,3,1,6,5,1,4,7,4,3,5,3
"568",4,"AT",60,1,3,1,9,5,1,4,5,7,4,6,4
"569",4,"AT",49,1,3,1,8,4,2,3,6,7,2,4,2
"570",6,"AT",64,2,5,6,3,5,1,4,7,8,5,5,2
"571",3,"AT",43,1,6,1,9,5,1,5,3,8,3,4,3
"572",4,"AT",44,2,6,1,7,5,1,3,7,2,5,4,3
"573",2,"AT",33,2,7,1,99,5,2,5,9,7,3,3,2
"574",2,"AT",36,2,5,2,4,5,1,3,6,9,3,4,2
"575",6,"AT",78,1,3,6,8,5,1,4,10,8,3,5,3
"576",2,"AT",66,2,5,6,7,4,2,5,10,10,3,5,4
"577",3,"AT",24,2,5,2,7,5,2,4,8,6,4,4,4
"578",4,"AT",66,2,5,6,8,5,1,3,6,8,4,5,3
"579",4,"AT",46,2,5,1,9,5,1,2,5,7,3,6,3
"580",4,"AT",66,1,4,1,5,5,1,4,9,4,2,6,3
"581",3,"AT",50,1,3,1,7,5,2,4,6,10,2,3,5
"582",1,"AT",41,2,7,1,10,5,1,4,7,6,4,5,2
"583",4,"AT",35,2,6,8,7,5,2,4,7,3,6,6,2
"584",4,"AT",62,1,7,1,10,5,1,4,8,9,2,6,4
"585",3,"AT",51,1,4,1,4,5,1,3,2,9,3,6,3
"586",3,"AT",24,2,4,9,5,5,1,3,99,5,5,5,9
"587",4,"AT",54,1,3,1,5,5,1,3,7,2,3,5,2
"588",4,"AT",52,1,7,1,9,5,1,4,7,8,5,6,2
"589",3,"AT",36,1,7,1,2,5,3,4,8,8,5,4,5
"590",1,"AT",66,2,2,6,77,5,2,3,8,8,4,4,3
"591",3,"AT",49,2,6,1,9,5,1,4,9,5,4,5,3
"592",3,"AT",36,2,6,1,77,5,1,4,7,10,5,5,2
"593",1,"AT",52,1,7,1,6,5,1,3,6,5,4,6,3
"594",4,"BE",61,1,6,5,7,5,2,4,8,1,3,4,3
"595",2,"BE",64,1,7,1,6,5,1,4,8,9,5,6,2
"596",2,"BE",49,2,5,1,6,5,1,3,5,4,4,3,2
"597",6,"BE",67,1,6,6,9,5,1,5,8,2,3,3,3
"598",2,"BE",65,1,2,1,3,5,1,3,5,7,4,3,2
"599",3,"BE",23,1,6,2,7,5,2,3,3,8,1,6,2
"600",1,"BE",87,1,4,6,77,5,1,4,8,5,2,99,3
"601",4,"BE",36,2,7,1,10,5,1,5,9,4,5,4,3
"602",4,"BE",52,1,4,9,7,5,1,3,3,8,4,4,4
"603",7,"BE",38,2,7,1,7,5,1,3,7,8,4,4,2
"604",2,"BE",68,1,7,1,6,5,1,4,8,5,4,5,3
"605",2,"BE",26,1,6,2,88,5,1,4,10,4,2,4,3
"606",4,"BE",54,1,5,1,5,5,3,3,7,6,4,4,3
"607",4,"BE",48,2,7,8,9,5,1,3,6,0,4,5,3
"608",5,"BE",60,1,6,1,10,4,1,5,8,0,6,5,2
"609",3,"BE",45,2,6,1,9,5,1,3,8,5,5,5,3
"610",3,"BE",29,2,7,1,10,5,1,5,8,8,4,5,1
"611",5,"BE",58,1,4,1,7,5,2,2,4,3,4,4,4
"612",4,"BE",71,1,4,1,6,5,2,2,0,4,5,5,3
"613",5,"BE",40,1,7,1,10,5,1,5,8,8,4,6,4
"614",4,"BE",62,1,6,1,5,4,2,2,4,4,3,3,3
"615",4,"BE",36,1,5,1,3,5,1,3,6,8,5,5,3
"616",3,"BE",84,1,4,6,6,4,2,3,6,8,4,4,2
"617",1,"BE",46,1,7,5,7,5,2,5,7,6,4,5,4
"618",2,"BE",35,1,4,1,6,5,3,3,4,0,5,4,4
"619",6,"BE",60,1,7,1,10,5,1,4,5,6,5,5,1
"620",1,"BE",79,1,6,6,4,2,2,4,0,5,4,2,3
"621",4,"BE",33,2,6,8,8,5,2,3,6,7,4,3,3
"622",5,"BE",50,2,7,1,77,5,2,1,0,6,3,3,5
"623",5,"BE",66,2,6,1,7,5,2,3,7,8,0,4,4
"624",4,"BE",25,1,4,2,8,5,1,4,7,5,4,6,3
"625",4,"BE",34,1,6,1,7,5,1,3,10,5,5,3,2
"626",4,"BE",64,1,6,6,7,5,2,3,8,5,1,4,3
"627",5,"BE",71,2,4,6,6,2,1,3,6,3,3,4,3
"628",4,"BE",35,1,7,1,5,5,1,3,2,2,2,5,4
"629",4,"BE",23,1,4,2,5,5,2,2,4,7,3,0,3
"630",4,"BE",64,1,6,6,7,5,2,4,9,3,4,4,2
"631",3,"BE",45,2,7,1,6,5,1,4,7,10,3,4,2
"632",4,"BE",64,2,6,1,8,5,1,3,6,6,2,3,3
"633",2,"BE",76,2,2,6,77,5,2,3,5,6,4,4,3
"634",2,"BE",62,2,2,1,7,4,2,2,3,1,5,4,4
"635",5,"BE",27,1,4,2,7,5,1,4,5,3,4,4,4
"636",4,"BE",73,1,4,6,7,5,1,4,8,0,3,4,5
"637",4,"BE",73,2,3,6,5,5,2,3,5,9,4,3,3
"638",4,"BE",53,1,2,1,8,5,2,3,7,8,4,5,3
"639",1,"BE",70,1,2,6,4,4,2,2,3,7,3,4,2
"640",2,"BE",43,2,7,8,6,4,1,1,0,9,5,6,3
"641",4,"BE",73,1,7,6,88,5,3,4,8,7,5,5,4
"642",5,"BE",33,2,6,1,7,5,2,3,6,6,4,5,2
"643",4,"BE",56,1,4,5,2,5,2,1,0,99,4,4,5
"644",4,"BE",45,2,5,5,3,5,4,3,8,5,3,4,3
"645",5,"BE",26,1,6,2,88,5,1,3,7,5,4,4,3
"646",4,"BE",79,1,4,6,5,5,3,3,7,4,6,4,4
"647",1,"BE",66,1,2,6,5,4,2,2,1,5,4,5,1
"648",2,"BE",32,2,7,8,8,5,1,4,6,7,3,5,2
"649",2,"BE",33,1,5,5,2,5,1,4,8,5,2,2,4
"650",1,"BE",33,2,4,2,6,5,2,5,10,4,3,4,4
"651",7,"BE",72,1,5,6,6,5,2,3,5,6,3,4,4
"652",4,"BE",60,2,5,5,6,5,2,3,0,0,5,4,3
"653",4,"BE",61,1,7,1,88,5,1,3,7,0,0,6,3
"654",4,"BE",46,2,6,1,3,5,3,4,3,5,1,2,4
"655",4,"BE",44,2,7,1,8,5,2,4,7,0,4,4,3
"656",5,"BE",36,2,7,1,5,5,1,4,6,4,4,5,3
"657",4,"BE",30,2,6,1,10,5,1,4,7,7,2,5,3
"658",2,"BE",70,2,6,8,7,5,1,5,9,9,5,4,2
"659",5,"BE",54,1,3,1,8,5,1,4,8,6,4,2,4
"660",4,"BE",69,1,2,6,3,4,2,5,8,6,3,1,5
"661",2,"BE",74,2,2,6,3,5,3,4,6,8,5,5,4
"662",5,"BE",64,2,6,1,8,5,1,4,7,8,3,5,3
"663",1,"BE",52,1,1,1,6,5,3,5,10,5,1,4,5
"664",1,"BE",70,1,4,6,3,5,3,3,6,7,2,4,4
"665",2,"BE",71,2,6,6,7,4,1,4,8,4,3,5,3
"666",2,"BE",69,1,4,6,5,5,2,4,8,7,4,4,3
"667",4,"BE",45,1,5,1,9,5,1,2,4,6,4,5,3
"668",4,"BE",62,2,7,9,6,5,2,4,8,99,2,4,2
"669",4,"BE",63,1,7,1,8,5,1,4,6,7,3,3,3
"670",4,"BE",73,1,6,1,8,5,2,4,1,99,6,4,4
"671",2,"BE",26,2,6,2,8,5,1,3,5,7,4,5,2
"672",4,"BE",65,2,1,1,5,5,4,3,7,5,2,4,3
"673",2,"BE",38,2,6,1,9,5,1,3,8,8,5,5,2
"674",4,"BE",55,2,4,1,7,5,2,3,7,7,3,5,3
"675",2,"BE",67,2,2,6,2,4,2,2,5,4,5,5,4
"676",2,"BE",62,2,4,8,2,5,2,1,0,8,5,5,3
"677",4,"BE",53,2,4,1,10,5,1,2,3,7,2,5,2
"678",5,"BE",58,2,6,1,10,5,1,4,7,3,6,5,5
"679",2,"BE",40,2,6,1,6,5,2,4,7,8,5,4,3
"680",4,"BE",75,2,6,6,6,5,2,3,3,0,4,4,2
"681",4,"BE",31,2,7,1,3,5,2,3,6,8,1,4,3
"682",5,"BE",54,2,7,1,10,5,1,3,5,10,2,6,1
"683",3,"BE",41,2,6,1,3,5,1,4,9,9,2,6,4
"684",4,"BE",21,2,4,4,88,5,2,3,8,6,5,3,3
"685",4,"BE",62,2,6,5,4,5,1,3,8,7,2,3,4
"686",5,"BE",44,1,7,1,9,5,1,2,1,9,5,6,5
"687",1,"BE",66,2,6,6,9,4,1,3,7,5,1,2,5
"688",4,"BE",76,1,6,6,4,5,2,4,6,7,4,5,4
"689",4,"BE",72,2,4,6,4,5,3,3,5,8,4,5,3
"690",4,"BE",58,2,5,1,8,5,3,4,7,3,3,4,3
"691",4,"BE",51,2,2,1,6,5,2,3,5,0,4,2,5
"692",3,"BE",61,2,3,5,2,2,4,4,8,3,0,0,5
"693",4,"BE",27,2,4,1,5,5,1,3,8,6,3,4,5
"694",4,"BE",58,2,6,1,6,5,2,3,5,8,4,5,3
"695",5,"BE",45,1,5,1,7,4,3,2,5,8,3,4,4
"696",5,"BE",37,1,6,1,9,5,1,4,8,4,4,4,1
"697",5,"BE",44,1,5,1,9,5,1,3,7,0,3,5,3
"698",3,"BE",61,1,4,1,5,4,2,2,3,4,2,3,4
"699",2,"BE",68,1,6,6,8,5,1,5,8,5,4,5,2
"700",2,"BE",31,2,7,8,9,5,1,5,9,9,4,5,2
"701",5,"BE",62,2,4,1,8,5,1,4,8,1,4,5,3
"702",4,"BE",46,2,4,1,8,5,2,2,3,7,2,3,5
"703",4,"BE",65,2,4,8,1,4,2,2,2,10,2,5,4
"704",4,"BE",32,2,7,1,3,5,1,3,5,8,4,4,4
"705",2,"BE",70,1,7,6,7,5,1,5,7,5,6,5,3
"706",1,"BE",68,1,2,6,3,5,2,3,5,9,1,5,4
"707",4,"BE",42,1,7,1,8,5,1,3,10,5,4,6,5
"708",4,"BE",60,1,6,3,77,5,3,2,0,9,5,2,2
"709",2,"BE",62,2,7,1,9,5,1,3,4,7,1,6,2
"710",6,"BE",66,1,2,6,7,4,1,2,5,6,2,5,3
"711",5,"BE",77,2,6,6,5,2,1,4,7,7,4,4,3
"712",4,"BE",64,1,7,1,7,5,2,4,7,2,5,6,1
"713",3,"BE",29,2,7,1,7,5,2,3,8,8,5,4,3
"714",2,"BE",79,2,6,8,4,2,1,4,10,8,5,5,3
"715",4,"BE",60,1,5,1,9,5,1,3,3,5,3,5,3
"716",5,"BE",47,1,4,1,8,5,2,3,5,5,4,3,5
"717",5,"BE",58,2,7,1,10,5,1,5,10,5,4,6,9
"718",2,"BE",61,1,6,6,3,3,3,3,99,2,2,3,2
"719",5,"BE",32,1,6,1,10,5,1,3,7,2,4,4,4
"720",5,"BE",62,2,6,3,3,3,3,3,4,7,3,2,4
"721",4,"BE",68,1,5,6,5,5,2,3,5,7,4,5,4
"722",2,"BE",65,2,2,3,5,5,3,2,4,6,2,5,4
"723",5,"BE",45,2,6,5,7,5,2,3,6,5,2,3,3
"724",4,"BE",76,1,6,6,10,5,1,4,2,2,3,4,2
"725",4,"BE",53,2,4,1,5,5,1,4,8,6,4,5,4
"726",4,"BE",72,1,2,6,5,5,2,2,5,6,1,2,5
"727",5,"BE",31,2,7,1,4,5,2,4,9,5,4,5,3
"728",4,"BE",61,1,2,1,10,5,1,3,2,5,3,4,3
"729",4,"BE",44,2,4,5,2,5,4,3,8,7,3,3,5
"730",1,"BE",37,2,7,1,9,5,1,3,5,9,3,6,2
"731",5,"BE",55,1,7,1,10,5,1,5,10,8,5,5,2
"732",2,"BE",63,2,4,1,8,4,1,4,7,6,4,4,3
"733",2,"BE",37,2,4,1,8,5,1,2,3,6,2,3,5
"734",4,"BE",50,2,6,1,6,5,2,4,5,0,2,2,5
"735",2,"BE",22,2,4,2,9,5,1,3,7,5,4,4,9
"736",4,"BE",71,2,4,8,6,5,1,3,5,0,2,3,3
"737",4,"BE",76,2,4,6,7,5,2,3,3,5,3,5,2
"738",4,"BE",57,1,7,1,10,5,1,4,7,3,4,5,2
"739",1,"BE",33,1,4,1,1,5,3,3,4,2,1,3,4
"740",2,"BE",26,2,7,2,88,5,1,3,6,6,2,5,2
"741",1,"BE",74,1,4,6,5,4,2,3,5,6,4,5,3
"742",2,"BE",72,2,7,6,6,5,1,4,5,7,5,4,4
"743",4,"BE",81,1,5,6,2,5,2,3,3,8,2,4,2
"744",7,"BE",69,1,4,6,4,5,2,2,0,6,3,3,4
"745",4,"BE",54,2,6,1,9,5,1,3,5,5,6,6,4
"746",4,"BE",51,1,4,1,10,5,1,4,6,7,3,3,3
"747",6,"BE",83,1,7,6,9,5,1,4,7,0,1,5,2
"748",1,"BE",72,1,7,6,5,5,1,5,3,5,2,99,3
"749",4,"BE",61,1,4,1,3,5,2,2,2,7,3,4,4
"750",5,"BE",66,1,7,1,7,1,1,1,0,6,3,2,4
"751",4,"BE",55,1,6,1,9,5,1,3,6,0,3,5,5
"752",4,"BE",44,2,7,1,9,5,1,3,5,5,4,4,3
"753",2,"BE",34,2,5,1,8,5,1,4,7,8,3,4,3
"754",4,"BE",76,2,6,6,5,3,2,4,9,2,6,6,3
"755",4,"BE",64,1,2,6,7,2,1,3,4,99,2,4,3
"756",1,"BE",23,2,4,2,88,5,1,4,8,3,4,4,3
"757",4,"BE",50,1,2,1,8,5,2,3,6,8,5,3,5
"758",2,"BE",61,1,5,1,4,5,2,3,4,6,4,4,3
"759",1,"BE",36,2,4,1,6,5,2,3,6,7,2,5,4
"760",4,"BE",57,2,6,1,6,5,2,3,7,8,6,5,4
"761",4,"BE",47,2,6,1,8,5,2,5,9,5,2,5,3
"762",4,"BE",35,1,4,1,7,5,2,2,5,1,3,3,4
"763",2,"BE",40,2,6,1,7,5,2,4,7,1,2,4,3
"764",2,"BE",57,2,6,1,8,5,1,4,7,5,4,5,4
"765",1,"BE",78,1,7,6,3,5,3,3,3,8,5,3,4
"766",4,"BE",51,2,6,1,10,5,1,2,5,3,3,4,3
"767",2,"BE",56,1,6,1,5,5,2,4,5,6,5,5,3
"768",4,"BE",61,1,7,1,10,5,2,2,2,2,2,4,4
"769",4,"BE",53,2,5,1,2,5,2,4,8,5,4,4,3
"770",5,"BE",68,2,7,6,5,5,1,5,10,99,2,4,2
"771",3,"BE",90,2,2,6,6,5,1,5,10,10,99,5,3
"772",2,"BE",38,2,6,1,4,4,1,4,9,10,4,5,2
"773",2,"BE",57,2,7,8,8,5,1,3,5,10,4,5,3
"774",3,"BE",40,1,4,1,3,5,2,2,7,6,1,4,5
"775",4,"BE",66,2,6,6,8,5,1,3,6,5,5,5,3
"776",5,"BE",63,2,4,1,7,5,1,3,5,2,3,3,3
"777",4,"BE",72,2,4,6,4,3,3,3,5,6,4,3,4
"778",5,"BE",48,1,4,1,8,5,1,3,7,0,3,6,2
"779",1,"BE",71,1,4,6,6,5,2,4,8,5,5,5,4
"780",2,"BE",74,2,6,8,4,5,1,5,8,7,4,5,2
"781",4,"BE",39,2,6,1,3,5,4,3,8,0,5,0,5
"782",3,"BE",78,1,6,1,6,5,1,3,6,8,2,4,3
"783",5,"BE",63,1,6,1,9,5,1,4,7,3,5,5,3
"784",4,"BE",56,1,5,5,7,5,1,2,7,5,4,5,3
"785",2,"BE",51,1,6,1,9,5,2,3,4,10,4,5,3
"786",5,"BE",75,1,4,6,7,5,3,3,5,5,4,4,2
"787",4,"BE",35,1,5,1,8,5,2,3,4,4,3,99,3
"788",2,"BE",48,1,55,1,7,5,3,4,5,6,2,3,3
"789",2,"BE",79,1,7,6,5,5,1,3,4,4,5,5,3
"790",4,"BE",69,2,7,1,7,5,2,5,8,7,2,3,3
"791",1,"BE",62,1,4,1,9,5,2,4,7,10,5,99,3
"792",4,"BE",53,1,7,1,9,5,1,4,4,7,4,5,4
"793",1,"BE",74,2,6,6,7,2,1,4,8,9,4,4,4
"794",4,"BE",62,1,5,1,9,5,1,2,5,7,3,4,3
"795",4,"BE",60,1,6,1,4,5,2,4,7,7,4,5,4
"796",4,"BE",70,1,4,6,7,3,2,4,10,99,4,5,3
"797",4,"BE",57,1,5,5,2,5,3,9,99,2,5,4,9
"798",5,"BE",53,2,6,1,5,5,2,3,6,2,1,4,4
"799",4,"BE",50,1,7,1,10,5,1,2,3,3,4,5,4
"800",5,"BE",33,1,6,1,9,5,1,3,1,2,5,5,5
"801",3,"BE",22,2,4,2,7,5,1,3,0,1,3,1,2
"802",4,"BE",54,2,4,5,2,5,2,3,3,8,5,5,3
"803",2,"BE",73,2,6,6,5,5,2,4,6,6,4,4,3
"804",4,"BE",70,2,4,8,5,2,2,3,3,3,4,5,3
"805",5,"BE",32,2,7,1,5,5,2,3,4,8,4,2,2
"806",1,"BE",23,2,4,2,88,5,2,3,1,8,2,3,5
"807",1,"BE",64,2,6,5,77,5,2,3,4,9,6,6,3
"808",4,"BE",84,2,6,6,7,5,1,3,3,5,4,4,5
"809",4,"BE",71,2,6,8,6,4,2,5,7,5,4,5,3
"810",5,"BE",59,2,6,1,5,5,1,3,6,10,5,5,3
"811",5,"BE",28,2,4,1,8,5,2,2,4,7,2,3,5
"812",3,"BE",63,1,6,1,7,5,2,4,6,3,4,5,3
"813",4,"BE",35,2,6,1,4,5,2,4,7,4,4,4,3
"814",5,"BE",58,1,4,1,6,5,2,3,3,2,4,4,4
"815",2,"BE",24,2,4,2,6,5,1,4,7,7,4,3,3
"816",2,"BE",25,2,6,1,9,5,1,5,10,7,2,4,3
"817",3,"BE",32,2,7,1,4,5,1,2,99,0,2,4,9
"818",6,"BE",87,1,3,6,88,5,2,1,3,5,6,5,5
"819",4,"BE",29,1,6,1,4,5,1,2,2,6,4,3,3
"820",4,"BE",23,1,2,2,5,5,2,1,0,4,0,2,1
"821",4,"BE",30,1,7,1,10,5,1,2,4,5,0,6,3
"822",2,"BE",67,2,4,6,7,5,1,3,4,6,4,5,2
"823",4,"BE",49,1,6,1,6,5,2,3,7,7,4,3,3
"824",2,"BE",40,2,7,1,9,5,1,5,8,8,4,4,3
"825",2,"BE",47,1,7,1,6,5,1,3,3,8,4,6,2
"826",4,"BE",82,2,6,6,7,5,1,3,0,99,4,5,1
"827",4,"BE",30,2,5,1,6,5,1,3,7,10,3,3,5
"828",3,"BE",44,2,6,1,8,5,2,4,8,8,2,4,3
"829",4,"BE",27,1,5,1,4,5,1,2,3,6,2,4,3
"830",3,"BE",57,2,6,3,3,5,2,3,6,8,3,2,3
"831",4,"BE",46,2,7,1,9,5,1,3,5,2,2,4,3
"832",6,"BE",68,1,6,6,77,5,2,3,2,0,3,0,4
"833",5,"BE",44,2,6,1,5,5,2,1,0,1,5,6,1
"834",3,"BE",23,2,4,9,88,5,1,3,5,4,2,3,4
"835",4,"BE",62,2,6,8,4,5,3,3,0,3,3,2,4
"836",3,"BE",38,2,6,1,8,5,2,4,8,7,5,4,3
"837",1,"BE",30,2,7,1,8,5,1,3,4,8,4,4,4
"838",2,"BE",47,1,7,1,9,5,1,3,5,7,3,4,3
"839",1,"BE",22,2,4,2,88,5,1,4,8,6,4,5,3
"840",4,"BE",50,2,4,5,6,5,2,3,6,3,5,4,4
"841",6,"BE",70,2,3,6,1,4,2,3,5,6,5,4,4
"842",5,"BE",36,1,5,3,6,5,3,2,5,0,2,4,5
"843",4,"BE",51,2,4,3,2,5,3,2,4,3,5,5,3
"844",4,"BE",33,2,6,1,4,5,2,2,2,0,4,4,5
"845",2,"BE",65,1,6,1,8,5,1,3,1,4,5,2,4
"846",5,"BE",64,2,2,1,2,5,1,3,5,2,2,3,4
"847",4,"BE",62,2,4,1,7,4,1,3,7,6,3,4,4
"848",4,"BE",62,1,5,1,9,5,2,2,3,2,2,2,4
"849",2,"BE",58,1,7,1,10,5,1,4,8,6,4,5,1
"850",4,"BE",54,1,7,1,8,5,1,4,8,5,1,3,3
"851",4,"BE",42,1,4,1,7,5,1,4,7,5,4,4,3
"852",4,"BE",29,1,6,1,88,5,1,4,6,9,4,4,3
"853",2,"BE",57,2,7,1,10,5,1,5,7,8,4,4,2
"854",4,"BE",61,1,7,1,7,5,1,5,9,7,4,6,2
"855",7,"BE",49,1,4,1,7,5,1,1,0,0,3,5,5
"856",2,"BE",49,1,6,1,7,5,1,4,8,8,4,5,2
"857",5,"BE",67,2,1,5,7,5,2,2,5,5,4,5,2
"858",1,"BE",52,1,4,1,7,3,1,2,4,6,4,4,4
"859",2,"BE",70,1,1,6,6,4,1,3,5,5,3,4,3
"860",4,"BE",77,1,55,6,4,5,2,3,3,5,1,5,4
"861",4,"BE",83,1,6,6,10,5,1,3,0,99,5,6,1
"862",2,"BE",47,2,7,8,8,5,1,5,8,8,4,5,2
"863",2,"BE",62,2,6,1,5,5,2,3,7,9,4,4,3
"864",4,"BE",54,2,7,1,10,5,1,4,4,10,1,6,2
"865",4,"BE",74,1,2,6,2,5,3,3,5,2,3,4,4
"866",4,"BE",34,1,2,1,7,5,2,4,6,8,3,5,4
"867",3,"BE",52,1,6,1,9,5,1,4,8,8,4,5,3
"868",4,"BE",37,2,4,1,8,5,2,2,5,0,5,5,3
"869",4,"BE",39,1,7,1,7,5,1,2,8,8,5,6,2
"870",3,"BE",22,1,2,9,5,5,3,3,6,4,4,5,3
"871",4,"BE",48,1,2,1,5,4,3,2,5,99,0,3,5
"872",4,"BE",45,1,4,1,7,5,1,3,5,8,4,5,3
"873",5,"BE",78,2,4,6,5,4,1,3,6,5,4,3,9
"874",4,"BE",74,1,4,6,4,4,3,4,8,99,4,5,2
"875",4,"BE",59,2,6,1,7,5,1,3,5,5,3,4,4
"876",2,"BE",45,2,6,1,8,5,1,4,8,5,4,6,5
"877",4,"BE",61,2,6,1,10,5,1,3,6,1,4,4,3
"878",2,"BE",70,1,7,6,5,5,1,3,6,7,5,5,2
"879",4,"BE",70,2,4,8,6,2,2,3,7,7,3,4,2
"880",2,"BE",77,1,4,6,6,5,1,2,1,3,4,5,4
"881",4,"BE",71,1,4,6,3,5,3,4,5,4,4,4,3
"882",4,"BE",52,2,7,1,77,5,2,2,2,2,4,5,4
"883",5,"BE",39,1,7,1,9,5,1,5,8,2,3,6,2
"884",4,"BE",47,2,5,1,88,4,3,2,6,10,2,2,4
"885",4,"BE",74,1,7,6,5,5,2,2,0,5,0,4,4
"886",4,"BE",68,1,6,6,7,5,2,3,3,5,4,1,4
"887",4,"BE",25,2,4,2,88,5,1,3,5,9,4,4,4
"888",4,"BE",24,1,4,2,88,5,1,5,3,7,5,6,4
"889",4,"BE",49,2,7,1,9,5,1,4,8,6,2,2,3
"890",4,"BE",38,1,3,1,5,5,2,3,4,7,3,3,3
"891",2,"BE",62,2,3,1,3,5,2,3,7,6,3,5,3
"892",4,"BE",82,1,1,6,5,1,2,3,8,0,3,5,4
"893",4,"BE",65,1,6,6,7,5,1,4,8,5,2,3,4
"894",5,"BE",42,2,4,1,9,5,1,3,7,6,4,4,3
"895",4,"BE",57,1,7,1,8,5,1,4,7,7,3,5,2
"896",5,"BE",34,2,7,1,8,5,1,4,8,4,5,5,2
"897",4,"BE",25,1,1,1,10,5,2,1,0,0,0,6,1
"898",4,"BE",42,1,6,1,10,5,1,3,5,6,4,5,4
"899",4,"BE",25,2,6,2,10,5,2,3,5,5,5,5,2
"900",4,"BE",78,2,6,6,5,5,1,3,3,1,2,4,5
"901",2,"BE",44,1,6,1,9,5,1,5,9,8,3,4,3
"902",4,"BE",33,1,6,1,7,5,2,3,2,3,2,4,5
"903",5,"BE",55,2,4,1,2,5,1,4,9,6,5,4,3
"904",2,"BE",48,1,6,1,7,5,1,4,7,8,4,6,2
"905",4,"BE",70,2,6,6,7,5,2,3,3,9,0,4,9
"906",5,"BE",68,2,6,6,8,5,1,3,3,7,4,4,3
"907",3,"BE",47,2,6,1,8,5,1,4,7,3,5,4,4
"908",3,"BE",84,1,7,6,8,5,1,4,5,7,4,4,3
"909",4,"BE",73,1,2,6,6,5,1,2,1,5,3,4,4
"910",6,"BE",75,2,7,8,1,2,1,3,8,5,5,6,2
"911",1,"BE",50,2,6,1,7,5,2,4,8,5,5,6,3
"912",4,"BE",54,2,6,1,5,5,2,3,5,8,3,5,4
"913",5,"BE",48,1,7,1,10,5,1,3,5,5,4,5,2
"914",2,"BE",50,1,4,1,7,5,2,3,5,10,5,5,4
"915",6,"BE",80,2,4,6,2,5,4,3,5,5,4,3,2
"916",4,"BE",49,1,7,1,9,5,1,3,8,0,3,4,3
"917",2,"BE",80,2,4,6,3,5,1,4,6,7,4,4,3
"918",5,"BE",51,1,7,1,10,5,1,4,8,1,5,5,2
"919",4,"BE",68,2,4,5,2,5,2,3,5,10,2,6,4
"920",2,"BE",39,1,6,1,88,5,1,3,6,3,4,4,3
"921",3,"BE",61,1,7,1,10,5,1,2,2,8,1,6,4
"922",5,"BE",56,1,7,1,10,5,1,4,7,8,4,5,3
"923",5,"BE",58,2,6,1,8,5,1,3,6,0,4,4,3
"924",2,"BE",43,1,7,1,7,5,1,3,7,3,3,3,3
"925",4,"BE",51,2,7,1,8,5,1,4,8,7,4,5,3
"926",4,"BE",55,2,7,1,10,5,1,3,8,5,3,5,2
"927",4,"BE",41,1,5,1,8,5,2,3,1,2,4,2,5
"928",4,"BE",56,2,7,1,5,5,3,3,10,2,3,4,5
"929",3,"BE",43,1,4,2,1,5,3,2,6,7,3,3,3
"930",4,"BE",61,2,7,5,5,5,2,5,7,3,0,1,5
"931",4,"BE",44,1,4,1,8,5,2,4,8,1,4,5,3
"932",4,"BE",70,2,4,6,2,5,3,3,7,0,2,4,3
"933",4,"BE",75,2,2,5,3,5,2,3,10,0,2,0,3
"934",4,"BE",53,2,4,8,8,5,1,3,7,3,2,4,2
"935",4,"BE",50,1,2,1,5,5,3,2,0,3,0,4,5
"936",3,"BE",23,2,4,2,88,5,1,5,10,6,99,99,9
"937",4,"BE",74,2,6,6,4,5,3,1,0,6,3,5,1
"938",4,"BE",73,2,6,6,8,5,1,5,7,9,2,3,3
"939",4,"BE",66,2,7,1,9,5,1,4,7,2,3,2,3
"940",5,"BE",63,2,7,1,10,5,1,4,6,7,4,4,3
"941",1,"BE",64,2,7,8,77,5,1,4,7,4,3,4,2
"942",3,"BE",25,2,4,2,3,5,1,3,6,7,1,4,3
"943",2,"BE",70,2,2,6,3,4,2,2,6,4,4,5,3
"944",4,"BE",58,2,7,1,6,5,3,3,8,0,2,3,3
"945",4,"BE",60,1,4,1,1,5,1,3,5,5,4,5,3
"946",4,"BE",46,1,6,1,4,5,2,3,1,8,3,5,3
"947",4,"BE",49,1,5,1,4,5,1,2,7,0,2,4,5
"948",2,"BE",59,2,4,1,5,5,2,4,8,8,3,3,3
"949",4,"BE",47,2,2,1,7,5,2,2,0,5,1,6,4
"950",4,"BE",39,2,3,8,7,5,1,3,5,8,3,6,5
"951",4,"BE",41,2,5,1,7,5,2,2,5,5,3,6,3
"952",1,"BE",50,2,6,1,7,5,2,4,9,10,4,5,3
"953",1,"BE",71,2,4,6,3,5,1,3,7,9,6,4,2
"954",4,"BE",23,2,4,2,88,5,1,4,8,7,3,3,4
"955",4,"BE",59,2,6,1,10,5,1,3,6,4,5,3,5
"956",1,"BE",64,1,7,1,10,5,1,2,4,6,5,5,3
"957",4,"BE",51,2,5,1,8,5,1,3,6,6,5,5,3
"958",2,"BE",55,2,6,1,10,5,2,3,7,8,3,3,3
"959",5,"BE",39,2,6,1,8,5,1,3,5,8,4,3,2
"960",4,"BE",67,1,4,1,8,5,2,4,5,8,4,2,3
"961",4,"BE",48,1,4,5,6,5,1,3,5,7,4,3,3
"962",6,"BE",73,2,2,6,77,5,2,1,0,99,0,0,2
"963",5,"BE",43,2,4,1,6,5,2,2,3,3,2,4,3
"964",1,"BE",63,1,5,6,5,5,1,2,6,6,4,4,3
"965",2,"BE",66,1,4,6,6,5,1,3,5,4,5,5,2
"966",2,"BE",37,1,6,1,8,5,3,5,8,10,4,4,4
"967",2,"BE",52,2,5,1,8,5,1,4,8,10,6,5,2
"968",4,"BE",47,1,6,1,6,5,2,2,5,6,4,3,3
"969",5,"BE",57,2,6,1,8,5,1,3,8,7,2,4,3
"970",4,"BE",32,2,7,1,5,5,1,3,8,1,3,4,3
"971",3,"BE",60,1,7,1,9,5,1,4,9,5,4,4,3
"972",4,"BE",85,2,77,6,1,3,2,3,6,3,2,3,3
"973",1,"BE",38,1,7,1,7,5,1,2,2,7,5,2,2
"974",2,"BE",71,2,4,6,6,4,2,3,5,5,4,5,4
"975",2,"BE",37,2,6,1,7,5,1,3,3,7,4,5,3
"976",5,"BE",50,1,7,1,9,5,2,5,8,5,2,4,1
"977",2,"BE",47,2,6,1,4,5,1,4,8,5,3,6,3
"978",4,"BE",57,2,4,8,5,5,1,2,8,6,3,5,3
"979",6,"BE",65,1,3,1,5,5,2,3,2,5,3,4,5
"980",1,"BE",79,2,4,6,3,5,3,1,0,7,1,4,5
"981",2,"BE",78,1,3,6,6,5,2,5,10,5,5,5,4
"982",7,"BE",51,2,7,1,9,5,1,3,7,9,5,5,1
"983",7,"BE",57,2,6,1,9,5,1,3,0,6,4,4,2
"984",5,"BE",42,2,7,1,5,5,2,3,7,5,3,5,3
"985",5,"BE",56,2,6,1,9,5,1,3,7,6,6,5,2
"986",5,"BE",49,1,6,1,7,5,2,3,7,1,3,3,4
"987",2,"BE",65,1,7,1,10,5,1,3,5,5,4,5,2
"988",4,"BE",51,2,6,1,9,5,1,3,6,5,5,6,3
"989",4,"BE",68,1,4,6,4,5,1,3,5,99,4,6,3
"990",6,"BE",65,1,3,1,3,5,1,3,5,5,4,5,3
"991",5,"BE",60,1,6,1,9,4,2,3,5,10,1,3,4
"992",2,"BE",39,1,7,1,7,5,1,5,10,8,3,5,2
"993",5,"BE",32,1,7,1,88,5,1,5,9,8,4,6,2
"994",2,"BE",51,2,4,5,4,5,1,4,5,5,5,1,3
"995",4,"BE",69,1,6,6,7,5,1,4,10,0,5,6,3
"996",5,"BE",38,2,7,1,7,5,1,2,2,3,2,5,3
"997",2,"BE",60,2,6,1,8,5,1,2,5,5,6,4,4
"998",4,"BE",60,1,6,1,10,5,2,4,5,0,2,5,3
"999",6,"BE",78,1,4,6,5,3,2,3,5,9,6,5,3
"1000",4,"BE",55,1,6,5,7,5,1,3,6,7,2,4,4
"1001",4,"BE",54,2,4,1,3,5,3,4,7,0,1,3,2
"1002",2,"BE",46,2,6,8,8,5,1,3,5,4,2,4,9
"1003",4,"BE",65,2,6,1,7,5,1,5,7,0,3,6,3
"1004",4,"BE",45,2,7,1,6,5,2,2,2,2,5,5,4
"1005",4,"BE",37,1,6,1,8,5,3,4,5,0,0,3,5
"1006",4,"BE",55,2,5,1,7,5,2,3,3,7,4,4,3
"1007",3,"BE",46,2,7,1,10,5,1,4,10,10,3,6,3
"1008",6,"BE",70,1,7,6,8,5,1,2,2,3,3,5,5
"1009",2,"BE",66,1,6,1,5,5,2,4,8,8,4,5,3
"1010",4,"BE",25,2,6,2,4,5,1,4,8,8,2,5,3
"1011",4,"BE",65,2,4,6,2,5,2,3,6,5,3,6,5
"1012",5,"BE",37,2,5,8,6,4,2,3,7,0,1,4,3
"1013",4,"BE",45,1,7,1,5,5,1,3,7,6,4,6,2
"1014",2,"BE",48,1,4,1,9,5,2,5,9,4,5,6,3
"1015",2,"BE",73,1,4,6,6,5,2,3,6,7,4,5,3
"1016",4,"BE",82,1,5,8,4,5,2,4,5,7,2,4,3
"1017",2,"BE",44,1,4,1,3,5,2,3,5,5,3,4,3
"1018",5,"BE",42,1,6,1,7,5,1,4,3,6,4,5,3
"1019",4,"BE",62,1,7,1,4,5,2,3,3,9,3,4,4
"1020",4,"BE",57,1,6,1,6,5,1,3,5,6,5,2,3
"1021",4,"BE",40,2,7,3,4,5,3,3,7,6,4,2,5
"1022",4,"BE",42,1,6,1,9,5,2,3,6,10,3,4,3
"1023",3,"BE",50,2,6,1,9,5,2,3,5,7,4,5,3
"1024",4,"BE",31,2,7,1,9,5,2,4,7,5,3,3,3
"1025",2,"BE",72,2,4,6,4,4,2,4,7,5,3,4,3
"1026",4,"BE",47,2,3,8,8,5,1,3,8,8,1,3,9
"1027",5,"BE",44,2,7,1,10,5,1,3,9,5,1,4,3
"1028",2,"BE",35,1,6,1,8,5,1,4,8,2,2,4,2
"1029",2,"BE",70,1,4,6,7,5,1,3,4,3,6,6,4
"1030",2,"BE",71,2,7,6,5,5,2,3,5,4,3,4,3
"1031",4,"BE",75,1,6,6,10,5,1,3,7,3,3,4,2
"1032",4,"BE",49,2,5,1,10,5,1,2,1,1,0,4,4
"1033",2,"BE",28,2,6,1,8,5,1,2,3,6,2,3,5
"1034",5,"BE",53,2,7,1,7,5,2,4,8,6,3,4,3
"1035",4,"BE",58,2,2,1,7,2,2,3,7,5,5,5,3
"1036",4,"BE",34,2,5,1,7,5,1,3,4,5,1,4,4
"1037",2,"BE",65,2,6,9,3,5,3,4,10,6,2,4,9
"1038",4,"BE",61,2,4,1,8,5,1,3,5,5,3,6,1
"1039",2,"BE",66,2,4,8,3,5,2,4,6,2,3,5,4
"1040",3,"BE",23,2,4,2,5,5,1,3,6,6,4,3,4
"1041",5,"BE",52,2,4,1,9,5,1,3,5,7,5,4,3
"1042",3,"BE",60,1,7,1,10,5,1,3,1,8,3,5,3
"1043",2,"BE",25,2,4,2,88,5,8,3,5,6,3,5,3
"1044",4,"BE",80,2,7,6,4,5,2,4,8,6,4,5,3
"1045",4,"BE",79,2,6,6,4,4,3,2,7,2,2,4,4
"1046",5,"BE",43,2,7,1,5,5,1,4,7,3,4,3,3
"1047",5,"BE",31,1,6,1,5,5,1,3,3,3,5,3,4
"1048",4,"BE",34,1,6,1,8,5,1,3,7,7,5,4,2
"1049",4,"BE",63,1,4,1,88,5,1,2,3,3,4,4,2
"1050",5,"BE",43,1,7,1,10,5,1,1,0,9,2,5,5
"1051",5,"BE",66,1,4,6,7,5,1,4,6,5,4,4,4
"1052",2,"BE",66,1,3,6,7,4,1,3,8,6,3,3,4
"1053",2,"BE",71,1,4,6,88,3,2,5,7,2,4,4,4
"1054",4,"BE",59,2,6,1,88,5,1,3,7,8,3,4,3
"1055",1,"BE",78,1,7,6,8,5,1,3,4,7,5,6,4
"1056",4,"BE",75,1,6,6,5,5,1,4,2,5,4,5,2
"1057",4,"BE",63,2,4,1,10,5,1,4,3,6,4,5,3
"1058",4,"BE",31,1,7,1,9,5,1,3,6,5,5,5,3
"1059",4,"BE",74,1,7,6,8,5,1,4,9,3,1,4,2
"1060",4,"BE",76,2,4,8,6,5,2,4,8,8,4,3,4
"1061",3,"BE",82,2,2,8,1,5,2,3,0,4,3,4,3
"1062",5,"BE",46,2,7,1,9,5,1,3,7,4,4,4,3
"1063",4,"BE",55,1,7,1,10,5,1,3,5,5,4,4,2
"1064",4,"BE",58,2,4,1,8,5,3,4,6,99,1,6,3
"1065",5,"BE",39,2,3,1,7,5,1,3,7,7,0,4,3
"1066",2,"BE",36,1,7,1,8,5,1,5,5,3,3,6,4
"1067",4,"BE",43,2,4,1,7,5,2,4,10,2,5,6,5
"1068",2,"BE",60,2,7,1,6,5,2,4,8,6,5,6,2
"1069",4,"BE",87,1,7,6,10,5,1,3,5,8,2,5,1
"1070",5,"BE",42,1,6,1,8,4,1,2,5,8,4,5,2
"1071",4,"BE",61,1,3,1,7,5,1,4,9,5,4,6,4
"1072",2,"BE",41,1,6,2,6,5,2,3,3,3,4,3,3
"1073",4,"BE",72,2,2,6,6,3,1,3,2,6,5,3,2
"1074",4,"BE",34,2,2,1,4,5,2,2,4,7,4,3,2
"1075",4,"BE",52,2,7,1,10,5,2,3,7,10,4,6,4
"1076",4,"BE",55,1,6,1,4,5,2,3,3,0,5,5,3
"1077",1,"BE",62,2,4,5,2,4,3,3,5,4,3,2,5
"1078",4,"BE",48,2,7,1,8,5,2,4,10,4,4,6,2
"1079",2,"BE",81,2,6,6,6,5,1,2,3,0,6,4,3
"1080",2,"BE",56,1,7,1,10,5,1,5,0,9,3,5,1
"1081",4,"BE",55,1,6,1,9,5,1,4,8,5,4,5,3
"1082",4,"BE",56,1,3,1,3,5,2,1,5,9,0,6,4
"1083",4,"BE",56,1,5,9,8,5,1,2,4,3,5,5,3
"1084",5,"BE",64,1,7,1,10,5,1,4,7,5,6,5,3
"1085",2,"CZ",55,2,3,6,77,5,3,9,99,8,4,2,3
"1086",1,"CZ",61,2,7,3,3,5,3,5,10,0,0,0,1
"1087",3,"CZ",53,2,5,5,1,3,4,3,5,7,4,3,3
"1088",2,"CZ",56,2,4,1,2,5,3,2,1,7,3,5,2
"1089",3,"CZ",80,2,3,6,1,4,4,2,4,7,5,4,3
"1090",3,"CZ",24,2,3,1,77,5,3,1,10,5,2,99,4
"1091",3,"CZ",25,2,4,77,7,5,1,5,8,3,3,2,2
"1092",3,"CZ",53,2,5,1,7,2,3,3,5,9,4,6,4
"1093",3,"CZ",48,2,2,8,2,5,4,5,10,10,0,6,5
"1094",4,"CZ",46,1,5,1,10,5,1,3,6,6,2,5,1
"1095",3,"CZ",82,2,5,6,2,3,2,2,8,8,5,5,3
"1096",3,"CZ",49,2,4,1,77,5,2,5,7,7,3,4,2
"1097",3,"CZ",77,2,4,6,7,4,2,2,5,7,4,4,3
"1098",4,"CZ",70,2,3,1,77,5,1,4,5,10,2,5,4
"1099",2,"CZ",65,1,3,4,1,5,2,2,3,10,1,5,2
"1100",2,"CZ",53,2,3,1,2,5,2,3,5,3,4,3,3
"1101",3,"CZ",79,2,3,6,3,2,2,3,6,5,4,3,3
"1102",1,"CZ",71,2,3,6,5,5,2,4,3,5,1,4,4
"1103",1,"CZ",80,1,7,1,77,2,2,1,0,8,3,5,3
"1104",3,"CZ",47,1,4,1,7,5,2,2,7,9,4,5,3
"1105",3,"CZ",34,1,7,1,8,5,1,1,0,10,5,6,4
"1106",3,"CZ",47,2,4,1,2,4,3,3,4,4,1,4,3
"1107",3,"CZ",62,1,5,1,5,2,2,4,4,4,4,3,3
"1108",1,"CZ",37,2,4,1,10,5,2,4,8,6,4,1,3
"1109",4,"CZ",28,1,4,1,8,5,1,2,5,8,2,5,2
"1110",2,"CZ",61,2,2,1,4,3,2,4,0,8,2,1,5
"1111",4,"CZ",65,1,7,1,7,5,2,4,8,10,4,6,1
"1112",1,"CZ",28,1,6,2,77,5,2,3,5,6,2,4,3
"1113",3,"CZ",63,1,7,6,2,5,3,4,7,7,2,99,3
"1114",4,"CZ",32,2,7,8,88,5,2,4,5,4,0,4,2
"1115",4,"CZ",39,1,7,3,3,4,2,1,7,5,3,2,5
"1116",3,"CZ",52,2,3,1,1,3,3,4,5,4,3,3,3
"1117",3,"CZ",84,2,4,6,2,4,1,3,1,9,5,4,5
"1118",1,"CZ",76,1,3,6,4,4,3,2,5,5,2,4,3
"1119",3,"CZ",42,2,7,1,3,5,2,3,4,8,3,5,4
"1120",4,"CZ",39,2,4,8,77,5,2,1,0,2,3,4,5
"1121",3,"CZ",49,2,4,8,6,5,2,3,4,8,3,5,3
"1122",4,"CZ",37,2,4,1,1,5,4,2,0,0,0,1,2
"1123",4,"CZ",67,2,5,6,7,5,4,4,0,5,3,2,4
"1124",4,"CZ",50,2,5,1,77,5,2,3,5,5,2,3,4
"1125",5,"CZ",55,2,4,1,77,5,3,5,8,3,5,5,3
"1126",1,"CZ",63,2,7,1,77,5,2,3,5,10,5,5,5
"1127",4,"CZ",38,2,4,3,7,5,2,2,5,3,6,5,3
"1128",3,"CZ",75,2,4,6,6,5,1,3,0,10,0,5,1
"1129",4,"CZ",30,2,6,1,7,5,2,4,6,7,2,5,3
"1130",4,"CZ",38,1,7,1,88,5,2,1,4,8,3,4,5
"1131",6,"CZ",82,1,5,6,77,3,2,2,4,7,5,5,4
"1132",3,"CZ",73,2,88,6,3,2,2,2,6,7,4,4,3
"1133",3,"CZ",43,2,4,1,8,5,2,3,5,10,2,5,3
"1134",6,"CZ",55,2,7,1,9,5,1,3,6,8,4,3,5
"1135",1,"CZ",84,1,4,6,5,4,2,3,5,8,0,6,3
"1136",4,"CZ",66,1,5,1,5,4,1,3,7,8,2,4,3
"1137",4,"CZ",48,1,3,1,6,4,1,1,0,4,5,3,5
"1138",4,"CZ",47,2,5,1,6,3,1,3,6,5,3,4,3
"1139",3,"CZ",43,1,3,1,2,5,3,5,10,5,6,3,5
"1140",3,"CZ",42,2,5,1,9,4,2,5,2,0,1,1,3
"1141",3,"CZ",75,2,3,6,2,5,2,4,3,10,4,5,4
"1142",4,"CZ",57,1,3,6,7,5,3,2,4,3,2,5,4
"1143",1,"CZ",68,1,4,5,1,5,3,1,2,0,3,3,5
"1144",3,"CZ",81,2,3,6,4,3,2,3,5,4,3,5,2
"1145",1,"CZ",84,1,5,6,7,5,1,2,5,8,6,5,3
"1146",1,"CZ",47,2,4,1,7,4,2,3,3,7,2,2,3
"1147",3,"CZ",48,1,3,1,6,5,3,4,5,6,3,4,2
"1148",3,"CZ",56,2,5,1,77,5,3,3,2,8,4,4,2
"1149",3,"CZ",74,1,88,6,77,2,2,2,5,7,3,3,3
"1150",1,"CZ",59,2,4,1,77,5,2,3,8,5,3,4,3
"1151",4,"CZ",74,1,4,6,7,5,2,3,2,6,1,1,3
"1152",1,"CZ",36,1,7,1,7,5,1,4,7,10,4,6,2
"1153",3,"CZ",64,2,3,1,2,4,3,3,5,8,3,4,4
"1154",3,"CZ",57,2,3,1,6,4,2,3,5,5,0,4,3
"1155",4,"CZ",46,1,4,1,7,5,2,3,4,5,2,3,2
"1156",4,"CZ",75,1,5,6,2,5,2,2,3,4,3,3,4
"1157",1,"CZ",60,2,4,1,4,5,2,3,7,10,2,3,4
"1158",3,"CZ",39,2,3,1,7,5,2,3,5,4,5,2,3
"1159",3,"CZ",42,1,4,1,10,5,1,1,0,7,3,4,5
"1160",3,"CZ",59,2,4,1,3,5,3,3,4,10,2,5,5
"1161",3,"CZ",51,2,4,1,7,4,2,3,5,9,4,5,4
"1162",1,"CZ",60,2,3,3,77,4,3,2,3,7,4,4,4
"1163",5,"CZ",46,1,6,1,7,5,1,3,7,9,3,4,3
"1164",4,"CZ",55,1,3,1,6,5,3,3,4,6,0,4,3
"1165",4,"CZ",52,2,4,1,10,5,1,4,5,5,1,4,3
"1166",1,"CZ",74,2,4,6,77,5,2,4,7,9,4,5,4
"1167",1,"CZ",74,1,4,6,4,5,2,1,0,10,3,3,5
"1168",4,"CZ",80,1,3,6,5,3,3,4,6,8,3,5,4
"1169",4,"CZ",62,1,3,1,88,3,2,4,7,3,2,5,5
"1170",3,"CZ",63,2,7,1,77,5,2,2,4,5,1,2,4
"1171",3,"CZ",67,2,4,1,88,5,2,1,5,9,3,5,4
"1172",4,"CZ",51,2,5,1,77,5,7,2,9,9,3,3,2
"1173",4,"CZ",53,1,4,1,7,5,2,1,0,2,3,5,3
"1174",3,"CZ",80,1,7,6,77,5,1,1,2,10,4,5,1
"1175",4,"CZ",53,2,4,1,77,5,1,2,2,9,4,5,4
"1176",7,"CZ",50,2,4,1,5,5,1,5,9,10,1,6,2
"1177",1,"CZ",82,2,4,6,3,3,2,2,6,8,3,4,3
"1178",1,"CZ",49,2,3,1,5,5,1,3,5,5,4,4,2
"1179",2,"CZ",61,2,7,1,6,5,3,2,4,8,3,3,4
"1180",4,"CZ",78,2,7,6,5,5,2,2,2,9,3,5,5
"1181",3,"CZ",75,2,4,6,5,4,2,2,0,10,0,5,5
"1182",1,"CZ",40,2,7,1,10,5,2,4,7,9,2,4,2
"1183",3,"CZ",39,2,7,8,77,4,7,3,7,6,4,4,4
"1184",4,"CZ",66,2,3,1,88,3,2,2,3,10,0,6,4
"1185",2,"CZ",40,2,4,8,6,5,2,2,5,5,3,3,5
"1186",3,"CZ",39,2,5,5,4,5,2,4,8,4,4,5,5
"1187",3,"CZ",77,2,4,6,77,4,2,3,5,7,3,4,3
"1188",4,"CZ",40,1,5,1,7,5,1,2,4,2,4,5,5
"1189",4,"CZ",62,2,7,1,7,5,2,3,7,7,2,4,3
"1190",3,"CZ",28,1,6,2,77,5,8,4,5,8,3,2,3
"1191",4,"CZ",31,2,5,8,5,5,1,3,4,5,3,4,2
"1192",3,"CZ",51,1,6,1,4,4,2,3,4,5,1,3,5
"1193",4,"CZ",73,2,5,6,5,5,2,2,0,5,3,5,5
"1194",2,"CZ",70,2,3,6,1,3,3,1,99,10,0,4,3
"1195",3,"CZ",44,2,7,1,10,5,1,3,5,8,2,4,2
"1196",1,"CZ",74,1,5,6,5,5,2,2,0,6,1,6,5
"1197",1,"CZ",80,2,7,6,5,5,2,2,2,9,2,4,3
"1198",3,"CZ",81,1,4,6,5,5,2,3,6,7,2,2,3
"1199",1,"CZ",77,2,7,6,5,5,2,2,0,9,4,5,3
"1200",1,"CZ",74,2,4,6,77,5,1,2,4,8,3,3,4
"1201",3,"CZ",52,2,3,1,77,3,2,3,5,10,0,3,2
"1202",4,"CZ",69,2,4,6,9,5,2,3,3,9,4,5,4
"1203",4,"CZ",61,2,5,1,88,5,1,3,5,5,2,3,4
"1204",7,"CZ",45,2,5,1,77,5,2,2,5,5,5,5,4
"1205",4,"CZ",53,2,4,1,1,5,4,5,8,5,0,2,4
"1206",3,"CZ",58,2,5,8,77,5,3,1,0,6,4,5,5
"1207",4,"CZ",62,2,3,1,6,5,1,3,4,8,2,4,3
"1208",4,"CZ",28,2,2,8,4,5,3,3,5,5,2,2,4
"1209",4,"CZ",69,1,4,1,6,5,2,1,0,8,3,5,3
"1210",3,"CZ",52,2,3,3,1,2,3,3,5,4,3,3,9
"1211",3,"CZ",72,1,3,6,5,3,2,2,2,5,2,3,4
"1212",3,"CZ",57,1,4,1,5,5,2,3,2,9,0,5,3
"1213",4,"CZ",67,2,3,1,6,5,1,3,2,3,3,4,5
"1214",3,"CZ",62,2,4,3,77,5,4,3,0,9,1,4,3
"1215",4,"CZ",37,1,7,1,8,5,1,4,8,5,6,5,4
"1216",3,"CZ",23,2,2,2,7,5,3,3,0,5,0,2,4
"1217",4,"CZ",80,1,3,6,4,3,3,3,2,8,1,2,5
"1218",4,"CZ",84,2,4,6,2,5,2,2,5,7,4,5,5
"1219",4,"CZ",38,2,7,8,4,4,2,3,7,8,4,3,4
"1220",6,"CZ",72,2,4,1,8,5,2,2,2,7,1,2,4
"1221",3,"CZ",57,1,3,1,7,5,2,1,8,99,4,6,4
"1222",1,"CZ",60,2,7,1,9,5,1,5,7,3,4,5,3
"1223",3,"CZ",76,2,4,6,3,5,3,2,0,5,1,2,5
"1224",3,"CZ",52,1,7,1,9,5,1,2,5,7,3,4,3
"1225",3,"CZ",46,2,4,8,5,4,3,1,0,9,2,4,5
"1226",3,"CZ",46,2,5,1,7,5,3,3,5,5,5,2,4
"1227",4,"CZ",53,2,5,1,88,3,3,4,6,7,4,5,3
"1228",2,"CZ",58,1,5,1,77,5,1,3,6,9,2,6,2
"1229",3,"CZ",48,2,3,1,77,4,4,4,5,4,3,3,3
"1230",4,"CZ",51,2,5,1,7,5,2,4,7,6,3,6,4
"1231",2,"CZ",66,1,4,1,3,5,1,2,6,3,1,99,5
"1232",3,"CZ",64,2,4,1,7,3,1,2,2,8,4,3,5
"1233",3,"CZ",37,2,3,3,2,3,3,2,5,7,3,3,2
"1234",3,"CZ",52,2,5,8,3,5,2,3,6,9,2,4,3
"1235",1,"CZ",39,2,7,8,9,5,1,2,6,7,4,5,2
"1236",4,"CZ",39,2,6,1,88,3,2,4,9,10,2,6,2
"1237",1,"CZ",53,1,4,1,6,5,2,4,5,5,5,4,4
"1238",3,"CZ",53,2,4,1,3,5,2,4,5,5,3,3,5
"1239",3,"CZ",70,2,3,6,7,5,1,2,3,9,4,3,4
"1240",2,"CZ",61,1,4,1,8,5,2,3,5,8,1,2,3
"1241",1,"CZ",58,2,5,1,7,5,2,1,5,10,3,6,2
"1242",4,"CZ",41,1,7,1,77,5,1,5,10,10,4,4,4
"1243",3,"CZ",48,2,7,1,4,4,2,4,6,8,3,4,3
"1244",1,"CZ",82,2,5,6,2,3,3,4,3,9,3,3,3
"1245",4,"CZ",58,1,7,1,77,5,1,3,5,6,4,5,4
"1246",4,"CZ",57,2,7,1,9,5,1,2,2,2,3,4,5
"1247",4,"CZ",48,2,7,1,2,5,2,5,10,5,3,4,4
"1248",1,"CZ",77,1,7,6,5,5,2,4,3,3,4,2,4
"1249",3,"CZ",57,2,3,1,10,5,1,2,5,10,4,6,4
"1250",1,"CZ",60,1,3,6,77,5,2,3,8,5,3,5,3
"1251",3,"CZ",72,2,3,8,5,4,3,4,5,8,2,5,5
"1252",3,"CZ",61,1,5,1,3,5,3,4,8,10,5,4,3
"1253",4,"CZ",38,1,6,1,9,5,1,3,5,5,3,4,4
"1254",1,"CZ",49,1,3,1,77,5,2,3,7,7,4,4,4
"1255",1,"CZ",44,1,7,1,10,5,2,2,0,10,6,6,3
"1256",1,"CZ",60,2,7,5,7,5,1,2,6,8,0,2,5
"1257",3,"CZ",69,2,5,6,7,4,1,2,5,6,3,2,4
"1258",3,"CZ",40,2,7,1,3,4,2,2,5,5,1,3,4
"1259",3,"CZ",34,2,3,5,77,5,2,3,4,3,3,3,3
"1260",4,"CZ",36,2,6,1,5,5,2,5,6,3,5,3,5
"1261",4,"CZ",57,1,4,1,8,5,1,1,5,10,5,6,2
"1262",4,"CZ",55,1,3,1,7,4,2,1,1,0,5,1,5
"1263",3,"CZ",55,1,7,1,10,5,2,4,7,1,3,5,5
"1264",4,"CZ",61,1,4,1,8,5,2,1,0,7,1,0,5
"1265",4,"CZ",40,1,7,1,77,5,1,2,0,8,3,4,3
"1266",3,"CZ",77,2,4,6,1,3,3,3,2,7,5,5,3
"1267",3,"CZ",22,2,2,2,10,5,1,5,4,8,3,4,3
"1268",5,"CZ",40,1,7,1,9,5,1,4,4,0,4,4,5
"1269",3,"CZ",61,2,5,3,4,3,3,2,6,6,2,1,4
"1270",4,"CZ",69,2,4,1,6,5,1,2,2,9,6,3,5
"1271",4,"CZ",64,1,3,1,4,5,3,2,5,5,3,3,4
"1272",1,"CZ",66,2,7,6,2,3,2,3,5,3,2,3,3
"1273",3,"CZ",56,2,3,1,2,4,4,4,3,9,2,4,4
"1274",2,"CZ",80,2,5,6,88,3,2,3,5,7,4,6,2
"1275",1,"CZ",75,1,4,6,5,3,1,2,4,9,2,3,2
"1276",4,"CZ",66,1,3,5,77,5,4,2,5,5,1,4,4
"1277",3,"CZ",61,2,3,5,6,5,2,3,4,8,3,3,4
"1278",4,"CZ",30,2,4,8,77,5,1,4,5,7,3,2,4
"1279",1,"CZ",62,2,5,1,2,5,2,5,5,5,1,4,3
"1280",1,"CZ",74,2,5,6,4,5,2,4,5,5,3,4,3
"1281",4,"CZ",32,2,4,1,4,5,4,4,3,8,4,4,4
"1282",1,"CZ",71,2,4,6,2,3,2,3,3,8,2,5,2
"1283",3,"CZ",70,1,4,6,1,2,2,3,4,8,3,6,3
"1284",1,"CZ",39,2,4,9,6,3,2,2,4,7,3,4,4
"1285",4,"CZ",33,2,7,8,77,5,2,5,6,10,6,0,3
"1286",1,"CZ",27,2,4,2,2,5,3,4,8,6,2,1,4
"1287",4,"CZ",61,2,3,77,1,2,3,1,0,9,3,3,5
"1288",4,"CZ",42,1,3,1,5,2,2,2,4,3,2,3,2
"1289",1,"CZ",80,1,7,6,7,5,1,3,3,8,3,5,3
"1290",6,"CZ",69,2,4,6,5,3,1,3,5,5,4,5,2
"1291",3,"CZ",49,2,4,1,6,5,3,2,4,5,99,99,9
"1292",4,"CZ",65,1,4,1,2,2,2,4,0,5,3,5,3
"1293",2,"CZ",54,2,7,1,7,5,2,3,4,8,2,4,4
"1294",1,"CZ",45,2,3,1,77,5,1,3,5,9,3,5,9
"1295",1,"CZ",68,2,5,77,1,4,4,5,6,5,2,2,4
"1296",3,"CZ",72,2,4,6,1,4,3,4,5,7,4,2,2
"1297",3,"CZ",33,1,5,8,88,5,3,3,8,9,0,5,3
"1298",3,"CZ",26,1,4,2,4,5,4,1,0,9,4,5,5
"1299",3,"CZ",72,2,4,6,77,4,2,3,5,8,2,5,2
"1300",4,"CZ",33,1,7,1,77,5,2,1,2,7,3,4,4
"1301",3,"CZ",54,2,4,1,3,5,2,1,4,9,5,6,2
"1302",4,"CZ",75,1,3,6,3,2,2,3,4,8,3,3,4
"1303",3,"CZ",41,2,7,1,7,5,2,2,6,3,4,3,4
"1304",1,"CZ",28,2,4,2,3,5,1,4,6,10,2,99,2
"1305",4,"CZ",54,1,3,1,6,2,3,2,5,7,3,3,4
"1306",6,"CZ",72,1,3,6,5,5,2,1,0,10,4,5,5
"1307",6,"CZ",79,2,4,6,3,5,4,2,0,8,2,3,4
"1308",3,"CZ",64,2,3,1,3,5,4,3,5,7,2,1,3
"1309",3,"CZ",65,2,5,6,5,3,3,4,5,5,3,4,3
"1310",3,"CZ",62,2,3,1,6,5,2,4,6,9,2,1,5
"1311",4,"CZ",74,2,4,6,1,3,3,2,0,5,0,1,4
"1312",1,"CZ",30,2,7,1,7,5,2,3,1,5,0,3,4
"1313",4,"FI",68,1,4,1,6,2,2,2,2,0,0,3,4
"1314",1,"FI",27,1,4,1,5,5,2,1,0,8,1,3,5
"1315",4,"FI",63,1,7,4,8,5,2,4,10,6,3,4,1
"1316",4,"FI",60,2,7,1,10,5,1,4,8,7,4,4,2
"1317",4,"FI",52,1,4,1,8,5,2,5,7,5,5,2,2
"1318",6,"FI",90,2,4,6,5,3,1,3,6,8,5,5,2
"1319",1,"FI",74,2,4,6,2,3,4,5,10,8,4,6,2
"1320",4,"FI",56,2,6,1,9,5,1,3,8,5,1,5,2
"1321",3,"FI",77,2,5,6,6,5,2,3,7,8,4,5,2
"1322",9,"FI",68,1,4,6,2,5,2,5,5,1,3,4,4
"1323",2,"FI",46,2,7,1,8,5,2,3,8,8,4,5,2
"1324",2,"FI",53,2,7,1,10,5,1,2,7,2,3,4,3
"1325",1,"FI",66,2,5,5,4,5,2,3,5,9,2,3,3
"1326",6,"FI",28,2,6,2,9,5,2,3,7,7,3,4,3
"1327",1,"FI",32,2,4,2,1,5,4,4,7,1,3,5,2
"1328",4,"FI",50,1,4,1,5,5,2,3,5,4,2,2,5
"1329",4,"FI",28,2,4,2,1,5,2,5,10,5,5,2,2
"1330",1,"FI",77,1,7,1,9,5,1,4,8,9,2,6,2
"1331",2,"FI",57,1,4,1,7,5,1,1,0,7,3,5,2
"1332",7,"FI",67,2,5,6,1,5,4,3,4,99,99,3,2
"1333",1,"FI",56,1,4,1,9,5,1,3,8,8,4,5,2
"1334",3,"FI",37,2,4,1,8,5,2,4,9,4,1,1,3
"1335",4,"FI",68,2,1,1,4,5,2,3,4,2,4,3,3
"1336",1,"FI",34,2,7,1,7,5,2,3,5,7,4,4,3
"1337",2,"FI",37,2,6,9,9,5,1,3,9,7,5,4,2
"1338",4,"FI",29,2,4,1,4,5,2,3,9,3,4,5,4
"1339",3,"FI",37,2,6,2,1,5,2,5,7,8,3,4,2
"1340",5,"FI",68,1,7,1,8,5,1,4,9,5,5,6,1
"1341",3,"FI",60,2,6,3,2,5,4,4,5,8,3,2,2
"1342",1,"FI",56,1,6,1,7,5,2,3,8,8,6,5,3
"1343",2,"FI",40,1,4,1,6,5,2,3,1,5,3,5,3
"1344",1,"FI",61,1,4,1,6,5,2,2,0,6,1,5,4
"1345",4,"FI",47,2,6,1,10,5,1,3,3,6,4,5,2
"1346",3,"FI",68,2,7,6,6,5,1,3,8,9,3,5,1
"1347",6,"FI",66,2,6,1,9,5,1,2,5,5,1,5,3
"1348",4,"FI",76,2,4,6,6,4,2,2,5,2,3,5,3
"1349",5,"FI",34,1,6,1,8,5,1,4,5,9,5,5,2
"1350",4,"FI",67,1,6,1,9,5,1,4,8,8,4,5,2
"1351",2,"FI",65,2,4,1,1,5,4,4,8,3,3,5,3
"1352",4,"FI",22,2,2,2,7,5,2,5,7,5,2,3,3
"1353",4,"FI",75,1,5,6,7,5,2,3,7,6,4,5,4
"1354",4,"FI",32,1,7,1,8,5,2,3,5,5,2,4,3
"1355",4,"FI",32,2,6,1,9,5,1,3,5,8,4,5,3
"1356",4,"FI",54,2,6,1,10,5,1,3,9,9,4,5,2
"1357",1,"FI",82,2,5,6,8,4,2,3,8,7,4,3,2
"1358",4,"FI",70,2,7,6,7,5,2,4,8,4,5,5,2
"1359",5,"FI",60,1,4,1,7,5,2,2,3,8,4,5,4
"1360",5,"FI",30,1,4,1,3,5,2,2,4,9,4,4,3
"1361",5,"FI",56,1,4,1,10,5,1,2,4,10,6,6,2
"1362",4,"FI",51,2,4,1,8,5,2,3,10,7,2,5,4
"1363",4,"FI",52,2,6,1,8,5,2,3,8,1,4,3,3
"1364",4,"FI",70,2,5,6,8,5,1,5,10,1,3,4,3
"1365",2,"FI",66,1,5,4,6,5,1,3,8,8,4,6,3
"1366",4,"FI",68,2,6,6,4,5,2,2,8,3,5,5,3
"1367",4,"FI",73,2,5,6,5,5,2,3,7,6,3,5,3
"1368",5,"FI",79,2,4,6,6,5,2,2,5,9,4,5,3
"1369",4,"FI",60,2,7,1,8,5,2,4,7,7,4,5,4
"1370",1,"FI",75,2,4,6,3,5,3,9,8,1,4,3,4
"1371",1,"FI",40,1,4,1,6,5,1,2,1,7,4,6,4
"1372",3,"FI",60,2,5,1,5,5,1,4,8,8,2,5,3
"1373",4,"FI",79,1,4,6,7,5,2,2,8,0,5,6,3
"1374",1,"FI",80,2,6,6,7,3,1,3,6,4,5,5,2
"1375",4,"FI",49,2,6,1,6,5,3,9,99,3,99,99,9
"1376",1,"FI",65,2,5,6,1,5,2,4,7,4,3,3,1
"1377",5,"FI",50,1,5,1,9,5,1,3,5,5,3,5,9
"1378",1,"FI",63,2,7,6,9,5,1,3,8,4,3,6,3
"1379",1,"FI",76,1,7,6,9,5,1,4,9,5,5,4,1
"1380",4,"FI",74,1,5,6,7,5,2,3,7,4,3,3,3
"1381",4,"FI",47,1,5,1,8,5,2,1,0,7,0,2,5
"1382",6,"FI",77,2,1,6,6,2,2,3,5,4,5,5,3
"1383",1,"FI",63,2,4,1,5,5,1,4,6,7,3,4,2
"1384",1,"FI",63,2,6,6,9,5,2,4,10,6,4,5,3
"1385",2,"FI",54,1,7,1,9,5,1,4,9,7,6,5,2
"1386",5,"FI",72,2,5,6,7,5,2,4,6,9,4,3,2
"1387",5,"FI",48,2,6,1,10,5,2,4,9,3,5,5,2
"1388",4,"FI",53,2,7,1,10,5,1,3,7,7,4,5,3
"1389",4,"FI",51,1,6,1,8,5,2,1,5,8,4,5,5
"1390",1,"FI",70,2,4,6,9,5,2,4,6,9,4,4,3
"1391",1,"FI",75,2,5,6,77,4,2,3,5,99,1,2,4
"1392",4,"FI",74,1,7,6,8,5,1,3,7,9,4,5,4
"1393",1,"FI",69,1,5,6,9,5,1,4,8,8,3,4,3
"1394",4,"FI",73,2,5,6,7,5,2,3,7,6,4,5,3
"1395",1,"FI",79,1,55,6,2,5,2,4,10,10,4,5,4
"1396",1,"FI",56,1,7,1,9,5,1,3,7,8,5,5,3
"1397",1,"FI",61,2,5,1,8,5,1,3,5,6,2,5,2
"1398",3,"FI",62,2,6,1,10,5,2,3,6,8,2,5,2
"1399",4,"FI",34,2,7,1,5,5,1,2,8,9,4,6,2
"1400",4,"FI",76,2,5,6,1,5,2,3,9,8,4,4,2
"1401",4,"FI",54,2,7,1,10,5,2,3,8,2,5,5,5
"1402",5,"FI",43,1,4,1,6,5,3,3,2,7,4,3,3
"1403",1,"FI",80,2,5,6,6,3,2,3,6,3,3,5,2
"1404",3,"FI",39,2,7,2,10,5,1,5,8,8,3,5,1
"1405",4,"FI",37,1,4,1,88,5,2,3,6,4,5,4,3
"1406",4,"FI",76,1,6,1,7,5,1,3,8,9,3,5,2
"1407",5,"FI",71,1,6,6,6,5,1,5,9,6,3,5,2
"1408",1,"FI",66,2,7,1,10,5,1,4,7,7,4,5,2
"1409",1,"FI",80,2,4,6,77,5,2,3,8,5,3,5,3
"1410",1,"FI",86,2,7,6,9,5,2,3,4,9,3,4,2
"1411",1,"FI",81,1,6,6,7,5,2,4,6,7,2,4,4
"1412",6,"FI",27,2,4,2,1,5,2,3,6,7,3,5,9
"1413",5,"FI",55,1,5,1,10,5,2,2,2,5,3,5,4
"1414",1,"FI",53,1,4,3,7,3,2,3,5,7,5,4,9
"1415",5,"FI",48,1,6,1,9,5,2,1,0,10,3,5,5
"1416",1,"FI",64,1,4,1,4,5,2,2,2,99,3,4,4
"1417",4,"FI",39,2,6,1,8,5,2,3,10,6,6,6,3
"1418",1,"FI",57,1,6,1,9,5,2,4,4,8,1,2,3
"1419",5,"FI",61,1,6,1,10,5,1,4,3,3,2,2,3
"1420",5,"FI",37,1,7,1,9,5,1,3,8,9,4,4,2
"1421",4,"FI",55,2,7,1,10,5,2,4,10,0,5,6,1
"1422",1,"FI",24,2,4,2,1,5,2,3,7,10,4,5,3
"1423",5,"FI",60,1,4,1,10,5,2,3,7,6,3,4,4
"1424",3,"FI",85,2,5,6,2,5,2,3,5,10,3,4,2
"1425",4,"FI",41,1,7,1,7,5,1,2,1,8,5,6,3
"1426",3,"FI",53,1,4,1,9,5,2,3,5,9,4,4,3
"1427",3,"FI",36,2,7,2,7,5,2,3,8,8,2,4,1
"1428",4,"FI",34,2,7,1,9,5,1,5,8,9,5,5,2
"1429",1,"FI",66,1,5,1,9,5,1,4,9,8,4,4,1
"1430",1,"FI",29,2,7,1,6,5,1,5,10,5,4,5,2
"1431",5,"FI",55,1,7,1,10,5,2,4,8,0,4,4,2
"1432",2,"FI",79,1,7,6,8,5,1,3,5,8,3,4,2
"1433",2,"FI",79,2,4,6,3,5,2,4,7,7,3,3,3
"1434",4,"FI",73,2,1,6,4,2,3,4,4,8,2,2,2
"1435",4,"FI",62,1,4,1,8,5,2,3,7,8,2,4,3
"1436",4,"FI",55,2,5,1,8,5,2,3,5,0,4,5,3
"1437",3,"FI",38,2,7,1,9,5,1,3,8,8,4,4,1
"1438",4,"FI",66,2,5,3,7,5,1,3,8,3,4,5,3
"1439",5,"FI",44,1,7,1,10,5,1,3,7,8,4,5,3
"1440",5,"FI",41,2,7,1,9,5,1,5,6,3,3,4,2
"1441",5,"FI",58,1,7,1,10,5,1,3,8,4,5,6,3
"1442",4,"FI",56,1,4,1,8,5,2,2,1,8,2,5,3
"1443",4,"FI",25,1,4,1,88,5,1,2,1,7,4,4,5
"1444",4,"FI",32,2,4,8,6,5,2,3,7,6,4,2,4
"1445",5,"FI",43,2,7,1,10,5,1,3,2,0,5,6,3
"1446",3,"FI",70,2,7,1,5,5,2,2,5,8,2,4,2
"1447",1,"FI",34,1,7,1,10,5,1,4,8,7,3,5,2
"1448",1,"FI",60,1,4,6,1,5,2,3,0,10,3,6,1
"1449",2,"FI",62,2,7,3,4,5,3,4,9,8,6,2,2
"1450",4,"FI",73,1,5,6,7,5,1,3,6,9,3,5,2
"1451",5,"FI",63,1,5,1,7,5,1,4,7,8,3,5,3
"1452",4,"FI",73,1,5,6,4,5,1,3,7,6,3,5,3
"1453",4,"FI",72,1,1,6,3,5,2,2,5,10,3,5,3
"1454",3,"FI",52,1,5,1,5,5,3,4,10,9,4,5,2
"1455",1,"FI",67,2,5,6,8,4,1,3,3,8,4,5,3
"1456",5,"FI",48,1,7,1,10,5,1,4,6,1,5,5,2
"1457",1,"FI",58,2,7,1,10,5,1,4,5,5,4,5,3
"1458",1,"FI",47,2,4,1,9,5,2,3,8,5,4,4,5
"1459",3,"FI",82,1,6,6,9,5,1,4,8,8,1,4,2
"1460",4,"FI",35,2,7,1,9,5,1,2,6,5,6,6,4
"1461",1,"FI",74,2,7,6,10,5,1,3,7,8,4,5,4
"1462",2,"FI",47,1,7,1,10,5,1,2,5,0,1,4,4
"1463",1,"FI",72,2,4,6,6,3,1,2,8,8,4,4,3
"1464",1,"FI",40,2,6,1,8,5,2,2,6,10,3,4,3
"1465",2,"FI",57,1,6,1,9,5,1,4,8,9,3,5,1
"1466",2,"FI",56,2,7,1,9,5,2,4,7,9,3,4,2
"1467",5,"FI",53,1,4,1,8,5,2,3,6,5,3,3,3
"1468",4,"FI",45,2,7,1,9,5,2,3,7,2,5,4,4
"1469",1,"FI",76,1,5,6,9,5,1,4,6,8,2,4,2
"1470",2,"FI",74,1,6,6,1,5,3,5,9,1,0,1,5
"1471",1,"FI",60,1,7,1,7,5,2,2,3,8,3,5,3
"1472",4,"FI",49,2,7,1,8,5,1,3,6,3,5,6,3
"1473",4,"FI",69,1,4,1,7,5,2,2,7,3,5,6,3
"1474",4,"FI",51,1,4,1,7,5,2,3,10,10,5,3,3
"1475",2,"FI",45,1,4,1,6,5,3,3,7,9,2,5,2
"1476",4,"FI",63,2,4,3,6,5,2,5,10,10,6,6,5
"1477",4,"FI",74,1,5,6,5,5,2,3,6,7,3,3,2
"1478",1,"FI",79,2,6,6,6,5,2,4,5,4,3,5,3
"1479",5,"FI",40,2,6,1,5,5,3,3,8,7,3,5,3
"1480",3,"FI",57,1,6,1,2,5,2,5,8,9,5,5,2
"1481",1,"FI",39,1,6,2,1,5,8,3,4,7,5,4,4
"1482",5,"FI",73,2,5,6,9,4,1,2,5,3,1,6,3
"1483",4,"FI",77,1,7,6,6,5,3,3,7,5,4,4,2
"1484",4,"FI",41,1,4,2,9,5,1,3,1,3,6,4,4
"1485",6,"FI",67,2,6,4,9,5,1,4,9,8,4,5,2
"1486",4,"FI",51,2,5,1,9,5,1,3,7,5,4,4,4
"1487",2,"FI",55,1,4,1,9,5,2,3,6,8,2,3,3
"1488",1,"FI",84,1,4,6,6,4,2,3,6,8,3,4,3
"1489",1,"FI",59,1,4,1,8,5,1,4,9,9,5,5,2
"1490",4,"FI",46,2,7,1,7,5,1,4,9,6,3,4,3
"1491",4,"FI",62,1,4,1,7,4,1,3,4,7,4,4,3
"1492",1,"FI",82,2,6,6,7,4,2,4,9,8,2,4,2
"1493",4,"FI",42,1,6,1,7,5,1,2,3,6,3,4,5
"1494",5,"FI",80,1,7,6,9,5,1,4,8,5,4,5,2
"1495",4,"FI",64,2,5,6,6,5,3,3,6,3,4,5,3
"1496",6,"FI",90,1,7,6,6,5,1,4,5,7,4,6,3
"1497",4,"FI",74,1,6,6,4,5,2,4,8,7,3,5,3
"1498",1,"FI",63,2,2,1,6,5,2,4,9,10,3,5,3
"1499",1,"FI",79,1,7,6,6,5,1,4,9,8,4,5,2
"1500",4,"FI",75,1,7,6,9,5,1,2,3,8,3,5,4
"1501",1,"FI",35,1,6,1,8,5,2,3,7,8,4,4,2
"1502",3,"FI",22,2,2,1,7,5,2,5,9,10,4,6,2
"1503",1,"FI",75,1,5,6,3,5,3,4,9,9,3,4,3
"1504",5,"FI",73,1,7,6,7,5,2,4,5,10,3,3,5
"1505",1,"FI",52,2,6,1,5,5,1,3,7,8,2,2,2
"1506",4,"FI",86,1,7,6,3,4,2,4,3,99,1,5,2
"1507",4,"FI",80,1,4,6,5,3,2,3,4,7,5,5,3
"1508",4,"FI",41,2,7,1,9,5,1,3,6,5,4,5,2
"1509",7,"FI",61,1,4,1,9,5,2,3,7,6,5,5,2
"1510",5,"FI",73,2,5,6,9,5,1,5,8,3,4,4,3
"1511",3,"FI",31,2,7,1,6,5,1,4,8,7,4,5,1
"1512",1,"FI",61,2,7,1,10,5,1,3,10,5,5,5,2
"1513",4,"FI",78,1,7,6,8,5,1,2,7,8,5,6,3
"1514",4,"FI",71,1,4,6,3,2,2,4,7,99,3,5,2
"1515",1,"FI",66,2,7,1,8,5,1,4,8,10,4,6,2
"1516",6,"FI",80,1,5,6,4,5,2,3,3,8,3,2,2
"1517",5,"FI",75,1,1,6,7,5,2,2,10,7,2,5,3
"1518",5,"FI",52,1,4,1,10,5,2,3,7,0,5,5,4
"1519",4,"FI",64,2,5,1,6,5,2,3,6,0,3,6,3
"1520",4,"FI",44,1,6,1,6,5,2,1,0,8,4,4,5
"1521",1,"FI",71,2,5,6,8,5,1,4,5,10,4,6,2
"1522",3,"FI",26,2,4,2,1,5,2,3,8,8,3,4,2
"1523",2,"FI",27,1,4,2,1,5,2,4,2,10,5,4,3
"1524",1,"FI",46,2,6,3,6,5,2,3,8,9,4,3,3
"1525",4,"FI",62,2,7,1,9,5,1,2,5,5,4,5,3
"1526",4,"FI",34,1,2,2,1,5,4,2,1,0,2,2,5
"1527",4,"FI",78,2,6,6,4,5,1,3,4,5,4,5,3
"1528",2,"FI",68,1,5,6,6,4,2,3,7,6,4,5,3
"1529",5,"FI",73,2,7,6,8,5,1,4,5,8,4,5,2
"1530",4,"FI",30,2,7,1,6,5,1,4,8,8,3,4,2
"1531",4,"FI",46,1,5,1,9,5,2,2,5,7,1,3,5
"1532",4,"FI",49,2,7,1,7,5,1,4,7,5,3,5,2
"1533",1,"FI",30,1,4,1,6,5,1,3,8,3,5,5,4
"1534",5,"FI",69,2,5,6,5,5,2,5,4,3,3,5,2
"1535",5,"FI",63,1,4,1,8,5,2,3,7,1,4,2,4
"1536",5,"FI",59,1,4,1,8,5,1,3,6,7,3,5,3
"1537",6,"FI",54,2,4,1,9,5,2,3,7,9,4,5,3
"1538",1,"FI",73,1,7,6,7,5,1,2,8,5,1,6,1
"1539",4,"FI",69,2,7,1,10,5,1,3,6,5,4,4,2
"1540",1,"FI",65,2,7,1,9,5,2,5,7,3,4,5,3
"1541",1,"FI",45,2,2,1,4,5,1,2,7,6,5,5,3
"1542",2,"FI",62,2,7,1,10,5,1,2,5,4,4,6,2
"1543",4,"FI",67,2,5,6,9,4,1,3,7,9,4,5,3
"1544",6,"FI",38,2,6,1,8,5,1,3,6,5,5,4,2
"1545",1,"FI",70,1,7,6,7,5,2,3,2,9,3,4,3
"1546",1,"FI",68,1,4,6,5,5,2,4,9,5,5,6,1
"1547",1,"FI",64,1,5,5,6,4,3,3,8,99,2,1,3
"1548",4,"FI",74,1,4,6,4,2,2,4,7,6,4,5,4
"1549",1,"FI",71,1,6,6,7,5,2,4,5,4,5,5,3
"1550",3,"FI",22,2,2,2,9,5,2,3,8,9,1,5,3
"1551",1,"FI",61,2,55,1,2,5,2,3,5,8,4,4,3
"1552",3,"FI",84,1,5,6,8,4,1,4,3,9,4,5,2
"1553",6,"FI",89,2,7,6,4,5,1,3,3,0,4,5,2
"1554",5,"FI",41,1,4,1,8,5,2,3,7,5,2,5,4
"1555",1,"FI",66,2,4,1,10,5,1,3,4,9,4,6,3
"1556",2,"FI",74,1,6,6,8,5,2,3,7,8,3,5,3
"1557",4,"FI",71,1,5,6,7,5,1,3,7,1,4,5,2
"1558",6,"FI",86,1,4,6,9,5,2,5,6,6,2,4,2
"1559",4,"FI",70,2,5,6,3,5,2,3,4,3,4,4,3
"1560",6,"FI",42,2,7,1,8,5,1,3,8,7,4,4,1
"1561",4,"FI",61,1,6,1,8,5,2,3,7,2,4,4,5
"1562",5,"FI",49,2,4,1,2,5,3,3,6,2,6,6,2
"1563",5,"FI",48,1,6,1,6,5,2,3,4,8,3,4,4
"1564",5,"FI",72,2,5,6,8,5,1,4,9,8,4,4,2
"1565",4,"FI",37,1,4,3,4,5,2,1,0,0,4,4,5
"1566",4,"FI",65,2,5,3,4,5,2,4,7,8,3,5,4
"1567",4,"FI",58,2,4,6,1,5,4,3,6,1,3,3,4
"1568",1,"FI",69,1,6,1,10,5,1,3,4,7,4,5,2
"1569",4,"FI",76,2,5,1,9,5,1,3,2,6,3,5,3
"1570",1,"FI",49,1,4,1,5,5,2,3,6,8,4,5,2
"1571",5,"FI",71,1,1,6,8,5,1,4,8,5,4,4,4
"1572",5,"FI",46,1,6,1,9,5,2,4,7,4,1,3,3
"1573",1,"FI",74,2,6,6,6,5,1,5,6,6,4,5,2
"1574",5,"FI",71,1,4,1,9,5,1,4,7,7,4,5,2
"1575",3,"FI",58,2,7,1,9,5,1,3,8,9,5,5,1
"1576",7,"FI",57,1,7,1,9,5,1,4,8,7,3,5,2
"1577",4,"FI",45,1,4,1,10,5,1,3,5,5,2,4,4
"1578",4,"FI",49,2,7,1,10,5,1,4,9,8,3,4,2
"1579",4,"FI",51,2,4,3,6,5,2,1,0,0,2,1,5
"1580",2,"FI",41,2,4,1,9,5,1,4,9,7,2,4,4
"1581",5,"FI",56,2,6,1,9,5,2,4,8,9,4,5,2
"1582",3,"FI",57,2,4,1,4,5,2,3,7,7,1,3,4
"1583",5,"FI",74,2,2,6,8,5,1,4,9,3,5,5,2
"1584",1,"FI",87,2,4,6,4,5,2,3,8,6,2,3,3
"1585",4,"FI",22,2,2,2,5,4,2,1,6,5,2,2,4
"1586",4,"FI",57,2,5,1,3,5,2,3,8,8,4,3,3
"1587",5,"FI",61,1,5,1,10,5,1,4,10,8,4,6,1
"1588",4,"FI",63,1,5,1,8,5,1,3,6,5,2,5,3
"1589",1,"FI",62,2,4,1,88,4,2,5,6,5,3,3,4
"1590",2,"FI",49,1,6,1,6,5,1,3,7,2,4,4,2
"1591",4,"FI",74,1,4,6,6,5,2,4,8,7,4,5,3
"1592",5,"FI",64,1,6,1,10,5,1,3,8,8,3,5,2
"1593",2,"FI",37,2,6,1,8,5,2,3,6,5,3,4,3
"1594",4,"FI",57,1,2,5,77,5,2,2,5,0,4,4,4
"1595",4,"FI",52,2,4,1,5,5,3,4,8,6,2,4,5
"1596",4,"FI",62,1,4,1,7,5,1,2,5,2,5,5,4
"1597",4,"FI",45,2,6,1,4,5,2,4,9,4,2,4,3
"1598",4,"FI",43,2,2,8,6,5,2,3,7,6,5,3,4
"1599",4,"FI",63,2,7,1,6,5,1,1,0,8,5,1,4
"1600",2,"FI",64,1,4,1,5,5,2,3,4,3,2,4,4
"1601",1,"FI",58,2,7,1,6,5,1,3,7,8,4,4,3
"1602",5,"FI",37,2,7,1,10,5,1,3,5,6,4,4,3
"1603",1,"FI",27,2,4,2,1,5,4,4,7,7,4,3,3
"1604",1,"FI",32,2,4,2,3,5,2,4,8,8,3,4,2
"1605",4,"FI",33,2,6,1,7,5,2,3,7,2,3,4,3
"1606",4,"FI",49,1,5,1,10,5,2,2,5,7,4,5,3
"1607",4,"FI",36,2,2,8,5,5,1,2,6,2,3,6,3
"1608",5,"FI",48,1,7,1,9,5,1,4,5,5,4,5,3
"1609",1,"FI",76,2,2,6,2,4,3,3,8,9,3,3,3
"1610",5,"FI",33,1,6,1,5,5,1,3,7,8,3,4,3
"1611",3,"FI",65,1,7,1,10,5,1,3,8,9,4,5,1
"1612",6,"FI",27,1,6,2,1,5,2,3,7,8,4,3,3
"1613",3,"FI",79,2,1,6,2,5,2,5,10,10,6,3,3
"1614",2,"FI",70,1,5,9,77,5,1,2,5,3,5,5,5
"1615",4,"FI",77,1,7,6,9,5,2,2,2,9,4,5,2
"1616",1,"FI",77,2,7,6,10,5,1,4,9,7,5,5,2
"1617",4,"FI",31,2,6,1,4,5,2,2,5,5,4,6,2
"1618",4,"FI",31,1,6,1,5,5,1,3,8,9,4,6,3
"1619",1,"FI",60,2,4,1,4,5,2,2,4,3,5,5,3
"1620",2,"FI",61,2,4,1,7,5,3,3,6,7,4,6,3
"1621",1,"FI",36,2,4,1,3,5,1,4,8,8,4,4,2
"1622",1,"FI",32,1,4,4,4,5,2,4,7,5,4,4,3
"1623",2,"FI",71,1,6,6,6,5,2,4,6,3,2,3,1
"1624",1,"FI",66,2,5,5,2,5,2,4,7,9,3,5,2
"1625",4,"FI",36,1,6,1,9,4,1,2,6,5,5,5,3
"1626",2,"FI",52,1,4,1,4,5,1,3,4,6,5,6,1
"1627",1,"FI",65,2,4,1,8,5,1,3,7,8,4,4,3
"1628",1,"FI",41,1,7,1,9,5,1,3,5,5,3,4,3
"1629",4,"FI",33,1,4,1,10,5,1,1,0,7,2,4,5
"1630",1,"FI",66,1,6,1,5,5,1,2,6,8,2,5,3
"1631",2,"FI",50,1,7,1,8,5,1,3,8,8,5,6,2
"1632",1,"FI",73,2,5,6,6,5,2,4,6,4,2,2,9
"1633",1,"FI",78,1,5,6,10,5,1,3,5,10,2,5,2
"1634",1,"FI",46,1,6,1,6,5,1,2,3,4,3,5,2
"1635",4,"FI",68,1,7,1,10,5,1,3,8,4,3,4,3
"1636",1,"FI",75,1,5,6,3,5,2,3,6,0,2,3,3
"1637",4,"FI",34,1,6,1,6,5,1,3,7,7,4,5,3
"1638",1,"FI",61,2,4,1,6,5,2,2,2,0,3,1,5
"1639",1,"FI",28,2,4,1,10,5,1,2,7,7,3,6,3
"1640",5,"FI",70,2,4,6,6,5,2,3,7,9,4,5,2
"1641",4,"FI",46,1,6,1,8,5,2,4,7,3,3,5,3
"1642",5,"FI",57,2,7,1,9,5,2,3,8,8,4,5,2
"1643",3,"FI",46,2,7,8,88,5,2,4,8,8,4,4,2
"1644",2,"FI",65,2,4,6,1,5,4,5,10,5,4,5,1
"1645",2,"FI",52,2,4,1,7,5,2,3,7,8,4,5,2
"1646",4,"FI",40,1,7,1,6,5,2,3,6,2,4,2,4
"1647",4,"FI",67,1,7,4,1,5,1,3,7,4,4,6,3
"1648",1,"FI",26,1,4,4,1,5,1,2,0,6,4,3,4
"1649",5,"FI",33,2,6,1,4,5,3,4,8,6,3,2,4
"1650",4,"FI",48,1,4,4,2,5,3,3,8,2,3,5,3
"1651",4,"FI",45,2,6,1,8,5,2,2,4,5,3,5,4
"1652",1,"FI",46,2,6,1,9,5,1,3,7,8,2,6,3
"1653",1,"FI",74,2,4,6,5,5,2,3,6,2,4,5,4
"1654",1,"FI",74,1,2,6,6,5,1,3,5,7,4,4,2
"1655",4,"FI",44,2,6,6,6,5,1,3,5,99,4,5,3
"1656",2,"FI",45,1,4,1,9,5,1,3,10,10,6,5,2
"1657",4,"FI",72,2,4,6,2,5,2,3,3,10,4,3,3
"1658",1,"FI",73,2,5,6,4,5,2,4,9,9,1,5,2
"1659",5,"FI",36,1,5,1,9,5,2,3,8,9,6,5,2
"1660",4,"FI",55,1,7,1,8,5,1,3,7,3,2,2,4
"1661",6,"FI",84,1,1,6,4,5,2,3,6,7,5,5,3
"1662",5,"FI",50,1,6,1,10,5,1,3,8,7,4,5,3
"1663",2,"FI",71,1,1,6,3,5,1,4,5,7,5,5,3
"1664",4,"FI",39,2,6,8,7,5,2,4,5,3,4,3,3
"1665",6,"FI",78,1,7,6,10,5,1,3,6,7,2,5,2
"1666",1,"FI",35,2,7,3,2,5,3,5,2,7,1,1,4
"1667",4,"FI",56,2,4,1,7,5,2,4,9,5,5,2,3
"1668",3,"FI",86,2,2,6,5,3,1,4,9,8,5,4,9
"1669",5,"FI",69,2,5,6,7,5,2,3,7,5,4,4,3
"1670",4,"FI",73,1,5,6,6,5,1,3,7,2,3,5,2
"1671",1,"FI",44,2,7,1,7,5,2,3,7,1,5,4,3
"1672",2,"FI",85,1,6,6,7,5,1,2,1,99,99,4,2
"1673",5,"FI",50,2,6,1,9,5,1,4,10,8,2,5,4
"1674",4,"FI",45,2,7,1,8,5,2,4,6,5,4,4,3
"1675",6,"FI",44,2,5,2,1,5,3,5,9,7,6,2,1
"1676",5,"FI",36,2,7,1,8,5,1,3,7,0,4,4,3
"1677",4,"FI",59,2,6,2,6,5,3,3,8,7,4,4,3
"1678",1,"FI",68,2,5,6,7,5,2,3,9,10,5,5,3
"1679",4,"FI",34,2,4,1,6,5,2,2,5,8,4,5,3
"1680",4,"FI",64,1,6,1,6,5,1,3,5,8,4,5,2
"1681",4,"FI",37,1,6,1,5,5,1,3,7,5,3,5,4
"1682",5,"FI",67,2,6,1,6,5,1,4,8,5,3,5,2
"1683",3,"FI",47,1,6,1,8,5,1,3,7,7,2,5,3
"1684",5,"FI",67,1,7,1,10,5,2,2,3,3,3,3,3
"1685",3,"FI",33,2,4,8,7,5,1,4,8,9,2,5,2
"1686",4,"FI",46,2,7,1,8,5,2,3,7,5,3,3,3
"1687",4,"FI",62,1,4,1,9,5,1,4,5,2,5,5,3
"1688",4,"FI",30,2,4,8,5,5,2,1,3,5,5,5,4
"1689",1,"FI",33,2,7,1,10,5,1,5,10,7,3,6,2
"1690",4,"FI",47,1,4,1,7,5,2,3,7,9,3,4,3
"1691",4,"FI",52,1,5,1,9,5,2,3,7,0,3,5,3
"1692",1,"FI",31,2,4,1,3,5,2,4,8,6,4,2,3
"1693",1,"FI",32,1,4,9,1,5,2,4,8,5,2,3,2
"1694",2,"FI",42,2,6,1,5,5,2,4,10,10,4,4,2
"1695",5,"FI",63,1,6,1,9,5,1,3,9,5,3,5,4
"1696",1,"FI",74,2,4,6,7,5,1,4,6,8,4,5,2
"1697",4,"FI",65,2,7,4,4,5,2,3,7,99,4,4,3
"1698",5,"FI",78,1,4,6,6,5,2,3,5,10,5,4,3
"1699",2,"FI",86,2,7,6,4,5,1,3,6,5,4,5,9
"1700",1,"FI",79,1,7,6,88,5,1,2,2,6,3,4,3
"1701",5,"FI",64,2,7,1,9,5,1,3,8,10,4,5,2
"1702",2,"FI",79,1,5,6,8,5,2,3,6,5,2,3,3
"1703",2,"FI",63,2,6,1,9,5,1,3,6,8,4,6,3
"1704",1,"FI",35,2,4,4,1,5,4,5,8,0,4,3,3
"1705",5,"FI",29,1,6,1,4,5,3,2,5,5,4,2,4
"1706",5,"FI",40,2,6,1,9,5,2,3,8,6,4,4,4
"1707",1,"FI",78,2,6,6,2,4,3,4,7,7,3,4,2
"1708",1,"FI",69,1,4,6,9,5,2,4,8,7,5,5,2
"1709",3,"FI",45,1,7,1,9,5,1,3,7,10,5,6,1
"1710",1,"FI",76,2,7,6,8,5,1,4,8,7,4,5,2
"1711",4,"FI",76,1,4,6,6,5,1,5,8,5,4,5,3
"1712",4,"FI",83,1,1,6,7,5,2,3,5,3,3,4,4
"1713",5,"FI",50,1,4,1,7,5,2,1,0,9,3,3,5
"1714",1,"FI",54,1,6,1,5,5,2,4,2,7,2,3,1
"1715",4,"FI",47,1,6,1,9,5,1,3,7,6,3,3,3
"1716",1,"FI",56,2,6,1,7,5,1,4,10,5,5,5,2
"1717",2,"FI",44,1,7,1,9,5,1,2,3,5,4,6,3
"1718",5,"FI",33,2,4,1,7,5,1,2,7,6,6,5,3
"1719",1,"FI",60,2,7,4,9,5,2,3,5,9,4,4,3
"1720",1,"FI",69,1,7,6,10,5,1,4,9,9,4,5,2
"1721",3,"FI",46,1,5,1,3,5,3,4,8,9,4,5,4
"1722",5,"FI",64,1,6,6,8,5,1,4,8,8,4,5,1
"1723",9,"FI",78,2,2,6,3,5,1,3,8,99,4,5,2
"1724",4,"FI",30,1,4,2,3,5,2,1,2,5,5,3,3
"1725",1,"FI",34,1,4,1,3,5,2,3,6,6,3,5,2
"1726",1,"FI",34,2,6,2,6,5,1,3,2,10,2,6,2
"1727",4,"FI",36,1,7,1,8,5,1,4,8,7,5,4,2
"1728",4,"FI",80,1,5,6,7,5,1,3,6,4,1,5,1
"1729",4,"FI",74,2,4,6,5,5,2,3,5,5,5,5,2
"1730",1,"FI",71,1,4,6,6,5,2,4,5,2,3,3,4
"1731",1,"FI",80,2,7,6,6,5,2,3,8,8,3,5,2
"1732",4,"FI",33,2,4,1,4,5,2,4,7,0,4,4,4
"1733",5,"FI",53,2,2,1,9,5,1,4,10,5,6,6,1
"1734",3,"FI",24,1,4,2,1,5,2,3,9,8,4,5,2
"1735",5,"FI",47,2,6,1,9,5,1,3,7,8,3,6,2
"1736",3,"FI",34,2,7,1,6,5,2,3,6,8,2,5,1
"1737",4,"FI",60,1,7,4,6,5,3,4,5,5,3,4,3
"1738",4,"FI",31,1,4,1,8,5,1,3,5,7,6,5,5
"1739",4,"FI",68,2,6,6,3,2,4,4,9,9,5,5,3
"1740",4,"FI",59,1,4,1,2,5,2,2,2,5,2,5,3
"1741",4,"FI",41,2,4,1,7,5,2,3,7,9,6,5,3
"1742",4,"FI",73,2,5,6,4,5,2,2,5,9,4,5,2
"1743",4,"FI",76,2,5,6,5,5,2,2,7,7,5,6,3
"1744",1,"FI",37,2,6,8,7,5,1,3,7,2,4,5,3
"1745",1,"FI",77,1,5,6,6,5,2,3,5,4,4,5,1
"1746",4,"FI",67,1,7,1,7,5,2,3,7,3,3,6,2
"1747",5,"FI",54,1,6,1,7,5,2,2,5,3,2,5,3
"1748",1,"FI",67,2,4,6,6,5,2,3,7,7,4,4,4
"1749",1,"FI",64,2,6,6,6,4,2,3,7,7,3,3,3
"1750",5,"FI",67,1,7,1,8,5,1,3,8,8,4,4,2
"1751",3,"FI",56,2,7,1,9,5,1,4,9,6,4,5,3
"1752",1,"FI",63,1,5,1,9,5,2,3,7,10,4,6,3
"1753",4,"FI",59,1,7,1,8,5,2,3,7,8,3,6,3
"1754",5,"FI",44,1,6,1,8,5,2,3,5,6,3,5,3
"1755",3,"FI",57,2,5,1,7,5,1,2,8,10,5,5,3
"1756",1,"FI",71,2,5,6,3,5,2,4,8,9,3,5,2
"1757",4,"FI",68,1,4,6,1,4,2,5,8,7,4,5,4
"1758",1,"FI",43,2,6,1,8,5,2,4,8,99,3,6,2
"1759",4,"FI",81,2,2,6,7,5,1,2,5,7,3,5,2
"1760",4,"FI",37,1,6,1,7,5,2,3,7,6,2,6,5
"1761",4,"FI",64,1,6,1,5,5,2,1,2,7,4,2,5
"1762",2,"FI",24,1,4,7,10,5,1,4,7,7,4,6,2
"1763",1,"FI",69,1,7,6,6,5,2,3,8,0,4,6,3
"1764",1,"FI",50,2,7,1,7,5,1,2,7,8,4,6,5
"1765",4,"FI",78,1,1,6,5,4,2,4,7,8,4,5,3
"1766",1,"FI",73,2,7,9,6,5,1,3,4,5,4,5,3
"1767",4,"FI",75,1,4,6,8,5,2,3,8,10,5,5,2
"1768",4,"FI",49,1,4,1,5,5,2,3,10,10,5,6,5
"1769",4,"FI",65,2,4,4,3,5,2,3,6,10,2,4,3
"1770",1,"FI",70,1,1,6,7,5,1,2,1,5,3,5,3
"1771",4,"FI",53,2,5,1,5,5,1,3,5,5,5,5,3
"1772",1,"FI",77,1,1,6,4,5,2,2,3,0,4,5,4
"1773",1,"FI",85,1,4,6,6,5,2,4,8,7,4,4,2
"1774",1,"FI",64,2,7,1,7,5,1,4,9,9,2,5,3
"1775",4,"FI",80,1,6,6,7,3,2,4,8,2,2,5,2
"1776",4,"FI",44,2,4,1,4,5,3,3,8,8,2,2,3
"1777",4,"FI",34,1,6,1,6,5,2,3,3,5,5,2,3
"1778",1,"FI",34,1,4,1,3,5,1,2,3,9,4,3,1
"1779",1,"FI",69,2,6,6,8,5,1,3,8,4,5,5,2
"1780",4,"FI",63,2,4,1,5,5,1,4,10,2,5,5,3
"1781",4,"FI",71,1,4,9,4,5,2,4,9,4,4,5,4
"1782",4,"FI",53,2,5,1,4,5,2,4,8,7,2,4,2
"1783",4,"FI",36,1,7,1,8,5,2,3,2,7,3,5,4
"1784",2,"FI",49,2,6,1,5,5,2,3,2,9,4,2,3
"1785",4,"FI",50,2,7,1,9,5,1,3,6,6,2,4,3
"1786",4,"FI",84,2,4,6,6,5,1,2,9,5,5,5,2
"1787",2,"FI",59,2,6,1,4,5,3,2,6,4,4,5,3
"1788",1,"FI",32,2,4,8,5,5,1,3,5,10,4,5,3
"1789",5,"FI",67,1,7,1,8,5,1,3,9,8,4,6,2
"1790",5,"FI",48,1,7,1,10,5,1,4,8,9,4,5,1
"1791",3,"FI",64,1,6,1,7,5,1,4,9,9,3,6,2
"1792",2,"FI",33,1,4,1,3,5,1,4,9,9,4,4,3
"1793",4,"FI",76,2,6,6,2,5,3,3,6,2,4,5,3
"1794",3,"FI",48,2,7,1,9,5,2,4,6,7,3,2,5
"1795",3,"FI",32,1,6,1,5,5,2,2,4,9,5,6,3
"1796",5,"FI",43,2,7,1,9,5,1,4,10,8,4,5,2
"1797",1,"FI",84,1,4,6,5,3,1,3,7,9,4,4,3
"1798",1,"FI",66,2,5,9,10,5,1,4,8,6,3,4,3
"1799",4,"FI",40,2,6,3,3,5,3,5,7,1,3,4,2
"1800",4,"FI",47,1,6,1,9,5,1,3,8,3,5,6,2
"1801",4,"FI",27,1,4,1,4,5,2,2,4,7,4,4,3
"1802",1,"FI",49,1,7,1,9,5,1,3,6,10,4,5,3
"1803",5,"FI",45,1,6,1,8,5,2,4,9,5,6,4,2
"1804",4,"FI",75,1,4,6,77,5,2,5,10,0,4,4,3
"1805",1,"FI",67,2,6,3,5,5,2,5,10,9,3,5,5
"1806",1,"FI",72,2,4,6,7,5,1,3,6,5,4,4,4
"1807",2,"FI",37,1,7,1,9,5,1,4,8,9,4,4,3
"1808",5,"FI",43,1,4,1,10,5,2,3,4,2,5,3,3
"1809",3,"FI",62,2,7,1,9,5,1,4,9,7,5,5,1
"1810",1,"FI",40,2,7,1,5,5,1,3,10,7,3,5,2
"1811",1,"FI",62,2,6,5,1,5,4,5,10,7,1,2,2
"1812",1,"FI",73,1,4,6,2,5,2,3,3,99,1,5,2
"1813",5,"FI",37,2,6,2,7,5,1,4,8,6,3,4,2
"1814",5,"FI",52,1,7,1,10,5,1,3,5,7,3,4,4
"1815",1,"FI",46,1,7,1,10,5,1,3,4,9,4,5,2
"1816",2,"FI",69,2,6,1,6,5,2,4,8,6,4,5,2
"1817",1,"FI",56,1,7,1,9,5,1,3,7,9,3,5,2
"1818",1,"FI",62,2,6,1,3,5,2,3,7,8,4,4,2
"1819",5,"FI",31,2,6,1,6,5,1,2,2,1,2,4,4
"1820",4,"FI",62,1,5,1,9,5,2,4,10,8,4,5,3
"1821",1,"FI",80,1,5,6,5,5,1,3,8,10,4,6,3
"1822",4,"FI",82,2,4,6,6,5,1,4,6,8,4,3,4
"1823",4,"FI",60,2,4,1,6,5,2,3,9,2,4,2,3
"1824",1,"FI",76,1,7,6,5,5,2,3,7,8,4,5,2
"1825",1,"FI",70,2,7,1,9,5,2,4,7,9,2,4,2
"1826",1,"FI",50,1,7,1,6,5,2,4,9,10,3,5,1
"1827",1,"FI",89,2,5,6,4,5,1,3,7,9,2,3,2
"1828",3,"FI",77,2,5,6,9,5,1,4,8,9,4,6,2
"1829",4,"FI",59,1,6,1,4,5,2,3,4,1,4,5,3
"1830",1,"FI",74,2,5,6,6,5,2,3,5,5,4,4,2
"1831",5,"FI",52,1,5,1,6,5,2,3,8,9,4,5,2
"1832",1,"FI",73,2,4,6,2,4,2,4,8,8,4,4,2
"1833",4,"FI",66,1,5,1,8,5,2,3,8,9,4,5,3
"1834",4,"FI",53,1,7,1,10,5,1,3,5,8,4,5,2
"1835",6,"FI",49,1,7,1,9,5,2,2,9,4,4,5,3
"1836",3,"FI",54,1,7,1,10,5,1,3,8,9,5,5,2
"1837",1,"FI",70,2,1,6,1,5,3,4,8,7,1,2,3
"1838",1,"FI",66,2,5,6,3,5,2,3,5,2,3,2,4
"1839",1,"FI",73,1,7,6,4,5,2,3,5,8,3,5,2
"1840",5,"FI",49,2,7,1,10,5,1,4,8,9,5,6,2
"1841",1,"FI",76,2,4,6,3,5,1,4,9,8,4,6,2
"1842",4,"FI",58,1,6,1,9,5,2,2,5,5,1,4,4
"1843",1,"FI",45,2,6,1,9,5,2,3,6,4,3,5,4
"1844",2,"FI",46,1,7,1,4,5,2,3,6,6,4,5,3
"1845",2,"FI",77,1,4,6,7,5,1,3,4,4,3,4,2
"1846",4,"FI",45,2,7,1,6,5,2,3,7,9,4,5,4
"1847",3,"FI",61,2,5,1,7,5,2,3,9,9,5,5,3
"1848",1,"FI",67,1,7,1,10,5,1,4,6,9,5,4,2
"1849",1,"FI",33,1,7,1,5,5,1,3,2,9,3,5,1
"1850",3,"FI",57,2,7,1,7,5,2,3,7,10,99,4,4
"1851",4,"FI",58,2,6,1,6,5,2,4,7,5,4,5,4
"1852",5,"FI",43,1,5,1,4,5,2,2,7,3,2,5,4
"1853",4,"FI",64,2,5,1,6,5,2,3,9,9,4,6,3
"1854",2,"FI",64,2,4,1,8,3,2,3,6,10,1,5,5
"1855",4,"FI",45,1,4,1,10,5,1,2,3,3,4,5,3
"1856",2,"FI",73,1,4,6,4,5,3,4,8,2,2,3,4
"1857",4,"FI",63,2,4,1,5,5,2,3,8,3,4,4,2
"1858",4,"FI",55,1,6,1,8,5,1,3,6,2,3,3,4
"1859",1,"FI",37,1,7,1,10,5,1,4,7,7,5,6,1
"1860",5,"FI",52,2,6,1,9,5,1,3,7,5,6,6,2
"1861",2,"FI",63,2,5,2,2,5,3,4,9,9,4,5,3
"1862",1,"FI",46,2,7,1,10,5,2,4,7,2,5,4,2
"1863",3,"FI",62,2,6,1,9,5,1,4,9,9,4,5,3
"1864",5,"FI",47,2,7,1,9,5,1,4,8,3,4,6,3
"1865",5,"FI",27,1,4,1,10,5,2,3,7,1,5,5,3
"1866",1,"FI",60,1,6,5,7,5,2,2,0,9,2,4,5
"1867",5,"FI",71,1,4,1,6,5,1,3,5,5,2,5,3
"1868",1,"FI",48,1,6,1,9,5,2,3,9,8,4,5,2
"1869",4,"FI",55,1,4,1,9,5,2,3,6,10,4,5,3
"1870",2,"FI",31,2,7,1,5,5,1,4,8,9,5,6,2
"1871",4,"FI",68,1,4,1,9,5,1,3,4,5,5,5,3
"1872",7,"FI",63,1,2,1,6,5,1,3,8,3,3,5,4
"1873",4,"FI",80,2,4,6,3,4,2,3,7,7,4,5,2
"1874",4,"FI",51,2,4,1,1,5,2,3,9,7,4,4,3
"1875",1,"FI",42,2,7,8,7,5,1,4,8,5,3,4,4
"1876",2,"FI",65,1,2,1,7,5,2,3,5,10,4,4,1
"1877",1,"FI",66,2,7,1,10,5,1,5,9,9,5,5,2
"1878",4,"FI",60,1,6,1,7,5,2,3,7,8,2,5,5
"1879",1,"FI",36,1,6,2,7,5,2,3,6,10,3,5,3
"1880",5,"FI",62,2,7,1,5,5,1,2,4,99,1,3,2
"1881",4,"FI",55,1,5,1,10,5,2,2,9,5,4,5,4
"1882",1,"FI",75,1,6,6,6,5,2,4,10,4,5,6,3
"1883",3,"FI",69,2,5,6,88,5,2,3,10,6,5,5,2
"1884",2,"FI",37,2,7,8,9,5,2,4,6,9,5,5,1
"1885",4,"FI",59,2,5,1,9,5,2,3,9,6,5,5,2
"1886",1,"FI",80,1,4,6,2,5,2,4,9,8,4,3,4
"1887",5,"FI",24,1,4,2,1,5,2,2,7,8,4,4,3
"1888",5,"FI",39,1,6,1,8,5,1,4,9,9,4,5,2
"1889",5,"FI",33,1,6,1,5,5,1,3,7,5,4,6,2
"1890",4,"FI",72,1,4,6,5,3,2,2,2,5,4,4,4
"1891",4,"FI",48,1,7,1,9,5,2,3,6,1,4,5,3
"1892",1,"FI",79,2,5,6,3,5,2,4,9,7,4,5,3
"1893",4,"FI",37,1,7,1,8,5,2,4,7,9,3,5,2
"1894",4,"FI",41,1,6,1,7,5,2,2,5,5,2,2,5
"1895",3,"FI",57,2,6,1,9,5,2,4,7,8,3,4,2
"1896",1,"FI",81,2,4,6,5,5,2,3,7,0,6,6,4
"1897",3,"FI",80,2,4,6,5,4,2,4,6,10,4,5,2
"1898",4,"FI",34,2,7,1,6,5,1,3,5,2,4,2,3
"1899",4,"FI",36,2,7,1,10,5,1,3,9,1,2,5,9
"1900",4,"FI",59,2,4,1,3,5,2,3,4,0,2,3,4
"1901",4,"FI",38,2,7,1,9,5,1,4,8,7,4,5,1
"1902",1,"FI",55,2,5,1,8,5,2,4,8,3,5,5,2
"1903",1,"FI",81,2,7,6,4,5,1,5,10,10,2,6,1
"1904",2,"FI",44,2,7,1,7,5,2,4,6,7,3,5,2
"1905",3,"FI",28,2,6,1,5,5,1,3,7,9,5,4,2
"1906",1,"FI",38,1,6,1,8,5,1,3,7,2,6,6,3
"1907",5,"FI",67,2,4,6,3,5,2,4,7,99,4,5,2
"1908",1,"FI",43,1,7,1,10,5,1,5,6,7,4,5,2
"1909",5,"FI",45,1,6,8,6,5,2,2,0,6,2,1,5
"1910",4,"FI",58,2,5,1,6,5,4,3,5,8,4,4,3
"1911",4,"FI",25,1,4,1,6,5,1,1,2,2,4,6,1
"1912",1,"FI",70,2,5,6,6,5,2,5,5,9,1,3,2
"1913",1,"FI",81,2,1,6,4,5,1,3,3,5,3,4,3
"1914",4,"FI",81,2,2,6,2,3,2,4,8,3,4,4,3
"1915",1,"FI",83,1,4,1,3,5,2,3,6,9,2,2,2
"1916",2,"FI",53,1,7,1,8,5,1,4,8,8,4,5,2
"1917",5,"FI",71,2,5,6,8,5,2,3,5,8,2,5,3
"1918",2,"FI",44,1,4,1,8,5,2,3,5,5,4,3,1
"1919",2,"FI",75,2,4,6,6,5,2,3,1,7,5,99,3
"1920",4,"FI",34,2,7,1,5,5,1,4,8,6,4,5,2
"1921",4,"FI",65,2,7,1,10,5,1,3,10,0,5,6,1
"1922",5,"FI",80,2,7,6,9,4,1,3,8,6,4,5,3
"1923",4,"FI",42,2,4,8,6,5,1,5,8,4,3,5,2
"1924",5,"FI",55,1,5,1,9,5,1,3,4,6,4,4,3
"1925",5,"FI",33,2,6,3,1,5,2,3,7,3,4,3,3
"1926",7,"FI",70,2,7,6,9,5,2,5,10,0,0,0,2
"1927",4,"FI",67,2,7,8,4,5,2,4,8,8,4,5,2
"1928",3,"FI",30,2,7,1,5,5,2,3,6,10,2,5,3
"1929",6,"FI",63,2,4,6,6,5,2,3,5,4,4,4,2
"1930",5,"FI",66,1,2,1,5,5,2,4,8,8,4,5,3
"1931",1,"FI",87,1,7,6,8,5,1,4,9,9,4,6,1
"1932",4,"FI",41,2,6,1,8,5,2,2,1,8,3,4,5
"1933",4,"FI",62,1,4,1,7,5,2,3,1,2,5,4,3
"1934",1,"FI",70,2,4,6,6,5,2,3,0,10,99,3,9
"1935",5,"FI",39,1,4,1,10,5,1,2,2,8,3,5,5
"1936",1,"FI",43,1,6,1,9,5,2,2,3,2,6,5,4
"1937",5,"FI",65,1,7,1,9,5,2,3,8,7,1,5,3
"1938",1,"FI",74,2,2,6,4,5,1,5,9,8,4,5,4
"1939",4,"FI",61,1,5,1,5,5,2,2,2,5,2,5,5
"1940",3,"FI",41,1,6,4,1,5,2,4,7,7,2,3,4
"1941",2,"FI",69,2,5,6,2,5,2,3,6,4,4,3,2
"1942",2,"FI",50,2,6,1,6,5,2,4,8,3,4,4,3
"1943",4,"FI",73,2,7,6,8,5,1,3,5,8,3,5,2
"1944",1,"FI",75,2,5,6,8,5,2,4,8,9,4,4,3
"1945",1,"FI",46,1,7,1,10,5,2,4,6,7,4,4,3
"1946",6,"FI",76,1,4,6,5,5,2,3,4,9,3,99,3
"1947",4,"FI",38,2,7,1,10,5,2,3,9,6,3,4,2
"1948",6,"FI",49,2,4,1,6,5,2,2,3,99,4,5,5
"1949",4,"FI",64,1,4,6,1,5,2,3,3,8,4,5,3
"1950",3,"FI",51,2,4,1,8,5,1,4,8,8,3,4,2
"1951",1,"FI",65,2,5,1,7,4,1,5,8,9,5,5,1
"1952",5,"FI",56,2,7,1,10,5,1,4,8,7,6,6,3
"1953",4,"FI",76,1,4,6,5,5,2,3,6,7,4,4,3
"1954",4,"FI",55,2,5,1,9,5,1,3,5,5,4,5,3
"1955",4,"FI",61,2,4,1,5,5,2,4,8,1,5,2,3
"1956",4,"FI",58,2,4,1,3,5,2,4,3,3,4,3,4
"1957",1,"FI",59,1,5,1,9,5,1,3,1,9,3,4,4
"1958",5,"FI",48,2,7,1,8,5,2,5,10,7,5,3,2
"1959",4,"FI",56,1,7,1,9,5,1,4,9,9,4,5,2
"1960",4,"FI",60,2,5,3,77,5,2,3,7,2,2,4,2
"1961",4,"FI",57,2,5,1,9,5,2,3,8,3,3,6,3
"1962",3,"FI",35,2,4,8,1,5,1,3,5,10,0,5,5
"1963",4,"FI",60,2,4,1,7,5,2,3,6,99,3,5,3
"1964",3,"FI",28,1,4,2,1,5,2,4,9,8,2,3,3
"1965",1,"FI",76,2,7,6,8,5,1,3,7,8,3,4,2
"1966",4,"FI",74,1,4,6,4,5,2,3,3,0,2,3,3
"1967",4,"FI",22,2,2,2,1,5,2,3,3,2,3,4,4
"1968",4,"FR",36,2,6,1,10,5,3,3,6,4,0,4,4
"1969",4,"FR",67,1,3,6,2,5,2,2,2,6,5,5,2
"1970",3,"FR",55,1,2,1,10,5,2,4,8,9,3,4,2
"1971",2,"FR",42,1,7,1,10,4,1,3,7,10,3,5,3
"1972",4,"FR",49,1,7,1,10,5,1,3,5,4,2,4,3
"1973",5,"FR",40,1,5,1,9,5,1,2,6,7,4,5,4
"1974",6,"FR",67,2,4,1,8,5,1,4,10,0,3,6,9
"1975",4,"FR",22,2,4,2,4,5,1,3,7,8,4,5,2
"1976",3,"FR",54,1,7,1,10,5,1,5,7,8,2,4,4
"1977",4,"FR",66,2,3,6,5,3,2,3,8,3,2,2,2
"1978",4,"FR",48,2,7,1,10,5,2,3,5,5,2,5,2
"1979",1,"FR",28,1,4,1,1,5,2,3,6,7,3,3,3
"1980",2,"FR",23,2,4,2,7,4,2,3,4,6,4,4,4
"1981",4,"FR",52,2,3,1,9,5,1,3,7,5,4,5,4
"1982",4,"FR",34,1,6,1,10,5,1,4,7,6,4,5,2
"1983",4,"FR",31,1,7,1,9,5,1,3,3,5,4,2,4
"1984",4,"FR",64,1,5,1,10,5,1,5,9,7,4,5,3
"1985",1,"FR",68,2,4,6,9,5,1,4,9,7,4,4,2
"1986",4,"FR",24,1,4,2,10,5,1,5,3,7,3,5,1
"1987",1,"FR",77,2,7,6,77,4,2,3,8,99,3,5,3
"1988",4,"FR",41,1,4,1,2,5,3,5,10,0,0,6,1
"1989",4,"FR",74,2,2,6,7,4,1,2,4,0,4,4,3
"1990",9,"FR",32,2,5,1,9,5,2,9,99,99,99,99,9
"1991",6,"FR",66,1,7,6,9,5,1,3,7,1,4,5,2
"1992",4,"FR",51,1,4,1,9,5,1,4,9,5,2,4,3
"1993",4,"FR",60,1,3,1,6,5,2,3,8,5,3,4,3
"1994",1,"FR",33,1,5,2,4,5,2,2,4,7,4,4,4
"1995",5,"FR",69,1,2,6,2,5,2,4,10,0,5,6,5
"1996",4,"FR",67,1,3,6,4,5,2,2,5,8,0,6,5
"1997",4,"FR",61,1,5,1,10,5,1,3,7,5,3,4,3
"1998",5,"FR",50,2,5,1,8,4,2,3,8,2,5,5,4
"1999",5,"FR",53,1,4,1,10,5,1,2,5,6,3,2,3
"2000",3,"FR",24,1,4,2,10,5,1,4,6,8,4,4,2
"2001",5,"FR",51,2,5,1,10,5,1,4,7,7,4,4,2
"2002",4,"FR",59,2,5,1,77,5,1,3,8,2,4,4,2
"2003",4,"FR",70,2,4,6,7,5,3,5,10,10,4,1,4
"2004",1,"FR",55,1,5,1,9,5,1,2,8,8,3,6,2
"2005",4,"FR",39,1,5,1,4,5,2,4,8,0,4,3,3
"2006",4,"FR",73,2,4,6,10,5,1,3,8,8,5,6,3
"2007",2,"FR",22,1,3,4,3,5,2,5,10,8,5,6,2
"2008",5,"FR",42,1,7,1,9,5,1,3,9,4,2,5,3
"2009",1,"FR",49,1,6,1,5,5,1,2,4,3,3,2,4
"2010",2,"FR",57,1,7,1,10,5,1,4,9,8,3,5,2
"2011",4,"FR",62,1,7,1,7,4,3,4,7,7,2,5,2
"2012",1,"FR",67,2,3,6,7,5,1,3,7,99,3,3,2
"2013",5,"FR",51,2,2,1,9,5,2,4,10,9,3,4,4
"2014",4,"FR",74,1,3,6,7,5,2,3,10,7,4,99,3
"2015",4,"FR",62,2,4,1,10,5,1,2,5,8,4,6,4
"2016",1,"FR",25,1,2,1,1,5,2,3,7,7,5,5,2
"2017",4,"FR",79,1,7,6,10,5,1,3,7,8,4,4,3
"2018",6,"FR",70,2,3,6,4,5,2,3,8,2,2,4,3
"2019",4,"FR",56,1,3,1,5,5,3,3,6,5,4,4,4
"2020",4,"FR",70,2,5,6,10,5,1,3,7,5,2,3,2
"2021",4,"FR",25,2,4,1,88,5,1,3,5,5,3,3,3
"2022",1,"FR",53,2,2,1,4,5,2,2,5,3,3,5,4
"2023",4,"FR",45,1,6,1,10,5,1,5,8,7,3,5,1
"2024",3,"FR",54,2,6,1,8,5,1,2,5,5,3,4,3
"2025",4,"FR",45,2,5,1,6,5,1,2,5,9,4,5,3
"2026",4,"FR",77,1,4,6,5,5,2,3,6,0,3,5,3
"2027",3,"FR",47,2,5,1,5,5,2,3,6,4,1,3,3
"2028",6,"FR",52,2,1,1,8,5,3,5,10,0,2,5,4
"2029",1,"FR",47,1,5,1,3,5,2,4,6,4,3,3,3
"2030",5,"FR",69,1,3,6,2,4,2,3,5,0,3,4,4
"2031",1,"FR",77,1,1,6,6,2,1,4,8,10,0,4,4
"2032",4,"FR",63,2,7,1,5,5,2,4,10,4,4,5,2
"2033",4,"FR",57,2,2,1,8,2,2,2,5,5,3,3,4
"2034",5,"FR",61,2,4,1,10,5,1,3,9,2,3,5,2
"2035",4,"FR",53,1,4,1,10,3,1,4,7,0,4,5,4
"2036",4,"FR",52,2,5,1,7,5,2,3,5,0,0,3,3
"2037",4,"FR",42,2,3,1,5,5,2,3,7,1,4,4,3
"2038",4,"FR",37,2,3,1,2,5,4,4,9,0,3,3,5
"2039",4,"FR",47,2,7,1,8,5,2,3,4,6,2,3,4
"2040",1,"FR",63,2,3,1,2,5,2,5,10,5,3,2,3
"2041",4,"FR",45,2,7,1,10,5,3,4,6,1,2,2,5
"2042",3,"FR",40,2,7,1,10,3,1,2,3,8,0,3,4
"2043",5,"FR",57,2,5,1,10,5,1,3,6,5,5,4,2
"2044",4,"FR",61,1,7,1,10,5,1,1,0,8,5,4,4
"2045",3,"FR",27,2,6,3,1,5,3,5,7,0,2,4,4
"2046",1,"FR",37,2,2,8,4,5,2,2,6,8,4,3,3
"2047",4,"FR",72,1,6,6,5,5,2,4,7,5,3,4,3
"2048",2,"FR",53,2,3,1,5,5,2,3,7,5,2,4,4
"2049",5,"FR",39,2,5,1,8,5,1,2,2,7,2,5,3
"2050",1,"FR",69,1,3,6,5,4,2,3,8,5,4,4,3
"2051",4,"FR",55,2,5,8,88,5,2,2,2,8,1,2,3
"2052",1,"FR",32,2,3,1,7,5,3,3,0,0,0,0,5
"2053",4,"FR",64,2,4,6,7,3,2,5,10,5,3,4,3
"2054",4,"FR",45,2,7,1,77,5,2,3,8,4,2,2,4
"2055",4,"FR",68,2,4,6,5,5,2,3,8,4,4,5,3
"2056",3,"FR",37,2,7,1,10,5,1,4,8,6,3,6,2
"2057",1,"FR",34,1,7,1,9,5,1,4,2,8,2,3,1
"2058",1,"FR",28,2,4,1,2,5,3,3,7,5,2,3,3
"2059",1,"FR",56,1,3,1,9,5,2,3,7,8,3,4,2
"2060",3,"FR",24,2,6,4,5,5,2,5,7,7,2,3,9
"2061",5,"FR",73,1,5,6,10,5,1,4,7,7,3,3,3
"2062",4,"FR",64,1,4,1,9,5,1,4,8,6,3,5,3
"2063",4,"FR",57,2,3,1,8,5,2,4,8,4,1,4,2
"2064",1,"FR",82,2,7,6,4,4,2,3,5,7,4,3,3
"2065",6,"FR",64,2,7,1,88,5,2,4,7,6,2,2,3
"2066",4,"FR",67,1,5,6,6,4,2,3,8,4,4,4,3
"2067",1,"FR",73,1,5,6,10,5,1,4,9,7,3,5,2
"2068",4,"FR",57,2,4,1,10,5,2,3,8,5,4,4,4
"2069",1,"FR",61,2,4,5,7,5,1,3,7,5,2,5,2
"2070",3,"FR",77,1,3,6,7,5,2,2,8,10,2,3,3
"2071",4,"FR",45,2,3,1,5,5,4,4,8,5,1,0,4
"2072",4,"FR",47,2,5,1,8,5,2,4,7,2,5,4,4
"2073",4,"FR",57,1,5,1,10,5,2,4,5,8,3,4,3
"2074",4,"FR",43,1,2,1,5,5,1,4,10,4,4,5,2
"2075",1,"FR",40,2,7,1,10,5,1,3,7,8,4,6,3
"2076",4,"FR",48,2,4,1,4,5,2,3,6,9,4,5,2
"2077",2,"FR",24,1,5,1,4,5,1,3,7,2,5,5,3
"2078",4,"FR",71,1,3,6,7,4,2,4,8,0,4,4,3
"2079",4,"FR",57,1,3,1,5,4,2,2,5,10,4,3,3
"2080",4,"FR",42,1,7,1,10,5,1,4,10,6,4,5,3
"2081",3,"FR",34,1,5,1,5,5,1,4,1,9,4,6,2
"2082",4,"FR",59,1,5,1,7,5,2,2,99,8,2,5,1
"2083",1,"FR",50,2,1,8,3,5,1,5,10,7,2,2,3
"2084",2,"FR",73,1,6,6,1,4,2,1,6,8,5,5,1
"2085",4,"FR",71,1,5,6,4,5,3,2,5,2,3,3,5
"2086",4,"FR",46,2,3,1,4,5,2,3,5,6,3,5,3
"2087",3,"FR",25,2,6,2,5,5,1,5,8,7,3,5,2
"2088",4,"FR",59,1,7,1,10,5,1,2,5,0,3,2,5
"2089",6,"FR",67,1,4,1,10,5,1,3,5,7,2,5,4
"2090",4,"FR",44,1,3,1,9,5,2,2,5,2,2,3,5
"2091",4,"FR",31,2,4,1,6,5,2,3,4,5,4,2,3
"2092",5,"FR",68,1,4,1,10,5,1,3,7,10,4,5,2
"2093",4,"FR",47,2,4,1,9,5,2,5,10,7,3,4,4
"2094",3,"FR",66,2,6,1,7,4,1,4,7,8,3,4,2
"2095",4,"FR",49,2,55,1,10,5,1,5,9,2,4,4,2
"2096",5,"FR",57,1,6,1,10,5,1,2,2,2,1,2,4
"2097",4,"FR",24,2,4,1,2,5,2,3,6,4,4,4,3
"2098",4,"FR",22,2,4,2,7,5,2,3,6,2,3,2,4
"2099",6,"FR",80,2,4,6,10,5,1,3,5,2,4,4,3
"2100",3,"FR",69,1,7,6,10,5,1,4,7,6,5,5,2
"2101",4,"FR",65,2,6,1,8,5,3,3,5,6,2,4,3
"2102",5,"FR",29,1,6,1,10,5,1,2,2,5,3,5,4
"2103",6,"FR",81,2,4,6,5,5,2,4,7,5,3,5,3
"2104",4,"FR",29,2,3,9,10,5,2,3,6,8,1,3,3
"2105",5,"FR",43,1,5,1,10,5,1,3,7,0,5,99,3
"2106",5,"FR",64,2,4,1,7,5,1,3,7,1,4,5,3
"2107",4,"FR",50,1,5,1,10,5,1,4,9,9,0,1,3
"2108",1,"FR",73,1,1,6,9,5,2,3,5,7,99,6,3
"2109",4,"FR",61,2,4,1,7,5,2,4,10,10,4,0,3
"2110",5,"FR",46,2,3,8,10,5,2,3,7,7,2,3,3
"2111",4,"FR",38,2,5,1,8,5,2,3,8,0,3,2,5
"2112",4,"FR",63,1,3,1,5,5,2,3,5,6,0,4,3
"2113",4,"FR",54,1,3,1,8,5,3,2,5,3,3,5,2
"2114",4,"FR",75,2,3,6,77,5,1,2,5,3,4,4,3
"2115",4,"FR",34,2,4,2,6,5,2,3,7,3,3,4,3
"2116",4,"FR",57,1,5,1,10,5,1,3,6,6,4,4,3
"2117",4,"FR",45,1,3,1,2,4,3,3,5,3,1,2,4
"2118",4,"FR",43,2,5,1,9,2,1,3,7,5,3,4,9
"2119",5,"FR",60,2,5,1,8,5,2,4,8,5,2,4,4
"2120",4,"FR",57,1,7,1,9,5,3,5,10,2,0,1,4
"2121",4,"FR",39,2,3,1,9,5,2,4,10,5,4,4,3
"2122",1,"FR",51,2,4,1,3,5,2,4,5,5,2,5,3
"2123",3,"FR",23,2,6,2,77,5,1,4,7,6,3,1,3
"2124",3,"FR",61,1,6,1,7,5,2,5,9,8,2,3,3
"2125",4,"FR",55,2,7,3,9,5,1,3,7,8,2,5,4
"2126",4,"FR",34,2,5,1,4,5,1,5,10,1,3,1,4
"2127",1,"FR",37,2,3,1,8,5,1,4,7,5,3,4,4
"2128",4,"FR",64,1,3,1,5,5,1,2,4,5,3,4,3
"2129",6,"FR",72,1,5,6,5,5,1,3,4,8,2,6,3
"2130",3,"FR",50,2,7,1,10,5,1,3,4,5,3,4,2
"2131",5,"FR",50,2,5,5,2,5,3,4,3,0,4,1,2
"2132",4,"FR",73,2,4,6,6,4,1,2,5,5,3,4,4
"2133",3,"FR",23,2,4,2,2,5,3,3,10,6,0,99,9
"2134",4,"FR",70,1,3,6,3,5,1,4,8,5,5,5,4
"2135",4,"FR",30,2,7,1,10,5,1,5,10,5,2,5,3
"2136",4,"FR",72,2,5,6,9,5,1,4,8,4,4,6,2
"2137",1,"FR",75,1,5,6,5,5,1,5,10,8,5,6,2
"2138",4,"FR",41,1,3,1,9,5,2,3,5,5,3,3,3
"2139",5,"FR",62,2,3,1,9,3,1,4,8,8,4,5,3
"2140",4,"FR",51,2,4,1,8,5,2,3,8,8,3,5,2
"2141",1,"FR",62,1,4,1,10,5,2,2,7,5,2,6,4
"2142",5,"FR",59,1,7,1,10,5,1,4,10,7,5,5,2
"2143",4,"FR",72,1,3,6,4,5,2,3,8,5,0,99,3
"2144",4,"FR",46,2,4,1,8,5,2,5,8,0,3,3,3
"2145",1,"FR",56,2,7,1,10,5,1,4,8,5,3,3,2
"2146",4,"FR",69,2,5,6,7,5,2,3,8,9,3,3,3
"2147",4,"FR",77,1,5,6,5,5,2,4,7,0,4,3,3
"2148",5,"FR",45,1,7,1,10,5,1,5,7,8,3,4,2
"2149",4,"FR",78,2,6,6,4,5,3,3,8,5,2,5,3
"2150",5,"FR",69,1,3,6,9,5,1,3,7,4,3,3,3
"2151",1,"FR",46,2,7,1,6,5,2,3,7,10,4,4,3
"2152",4,"FR",67,1,7,6,10,5,2,3,7,5,2,4,3
"2153",4,"FR",22,2,2,2,88,5,1,3,7,3,3,4,3
"2154",1,"FR",73,2,7,6,10,5,1,3,5,7,4,5,2
"2155",4,"FR",74,1,5,6,4,5,2,1,0,99,3,4,5
"2156",3,"FR",44,1,3,3,7,5,3,2,4,10,3,4,2
"2157",4,"FR",45,2,6,1,8,5,2,4,8,4,4,6,3
"2158",4,"FR",47,2,4,1,1,5,2,4,10,3,3,4,5
"2159",4,"FR",57,2,5,1,2,5,2,4,8,4,1,3,2
"2160",4,"FR",31,2,5,1,7,4,1,3,6,5,6,6,2
"2161",4,"FR",30,2,7,1,10,5,1,3,7,5,2,5,4
"2162",4,"FR",71,2,5,6,10,5,1,4,8,5,2,5,4
"2163",4,"FR",70,1,2,6,8,2,1,2,5,5,3,6,3
"2164",4,"FR",36,2,5,2,4,5,2,2,6,5,3,3,2
"2165",2,"FR",54,1,7,1,10,5,1,3,4,7,2,5,4
"2166",5,"FR",58,2,7,1,4,5,1,5,10,3,4,5,2
"2167",3,"FR",54,2,7,1,10,5,2,3,9,7,4,6,2
"2168",1,"FR",65,1,5,3,1,5,2,3,4,4,4,6,2
"2169",3,"FR",37,1,7,1,6,5,1,5,10,6,4,4,2
"2170",4,"FR",76,1,2,6,8,2,1,5,8,5,5,5,3
"2171",5,"FR",62,1,7,6,10,5,2,2,3,6,2,3,3
"2172",2,"FR",37,1,5,1,10,5,1,5,6,8,2,3,2
"2173",4,"FR",64,1,3,6,7,5,2,2,3,5,0,6,3
"2174",5,"FR",56,1,5,1,10,5,2,3,7,8,4,4,3
"2175",4,"FR",54,2,4,1,7,3,1,4,8,10,3,3,3
"2176",4,"FR",25,2,4,1,88,5,1,3,6,6,2,4,2
"2177",4,"FR",36,1,4,1,2,5,1,5,8,0,3,4,9
"2178",4,"FR",33,2,5,1,5,5,1,2,5,4,4,4,2
"2179",5,"FR",71,1,4,6,10,5,1,3,7,9,4,5,3
"2180",4,"FR",39,2,5,1,7,5,2,3,5,6,2,3,4
"2181",3,"FR",23,1,4,1,88,5,1,4,7,8,2,0,3
"2182",4,"FR",58,1,3,1,6,5,2,2,5,8,5,2,3
"2183",1,"FR",72,2,7,6,10,5,1,3,7,8,4,5,3
"2184",6,"FR",90,2,3,6,6,5,1,3,5,7,3,4,3
"2185",5,"FR",55,2,4,1,77,5,2,3,8,7,3,3,2
"2186",4,"FR",30,1,6,1,3,5,2,1,0,1,2,2,5
"2187",4,"FR",58,1,4,1,3,5,2,3,8,5,4,5,3
"2188",4,"FR",54,1,4,1,8,5,1,3,6,0,0,4,2
"2189",4,"FR",47,2,7,1,10,5,2,4,7,6,4,3,3
"2190",5,"FR",42,1,4,1,9,5,2,4,7,3,4,4,4
"2191",2,"FR",35,2,6,1,4,5,1,3,7,99,2,5,2
"2192",4,"FR",75,1,6,6,9,5,1,3,5,7,4,4,3
"2193",5,"FR",37,2,5,1,9,5,2,4,8,4,4,3,3
"2194",5,"FR",70,1,6,6,10,5,1,3,10,5,2,5,2
"2195",4,"FR",45,2,6,1,10,5,1,4,9,7,3,4,4
"2196",2,"FR",66,1,3,6,7,4,1,3,10,1,0,6,2
"2197",1,"FR",34,2,7,1,6,5,1,5,9,7,4,2,3
"2198",4,"FR",36,2,3,1,5,5,4,3,8,5,3,5,3
"2199",3,"FR",33,2,7,2,2,5,3,3,6,5,4,3,5
"2200",5,"FR",55,2,3,1,9,5,2,3,7,3,3,4,3
"2201",5,"FR",69,1,6,6,10,5,1,3,8,5,3,1,1
"2202",4,"FR",57,1,3,5,6,5,2,2,5,5,2,3,3
"2203",4,"FR",46,2,6,1,5,5,3,4,8,8,3,3,2
"2204",4,"FR",40,2,4,1,7,5,2,1,0,2,4,3,1
"2205",4,"FR",47,1,4,1,10,5,1,1,0,10,2,4,5
"2206",4,"FR",22,2,4,2,10,5,1,3,5,4,99,99,9
"2207",2,"FR",49,1,7,1,10,5,1,5,10,6,3,2,3
"2208",4,"FR",42,1,5,1,4,5,3,3,5,5,4,3,3
"2209",1,"FR",46,2,4,1,2,5,2,4,8,7,1,3,3
"2210",4,"FR",41,2,3,1,6,5,3,3,5,5,3,3,3
"2211",4,"FR",31,2,3,1,8,5,2,3,5,5,4,3,2
"2212",3,"FR",76,2,7,6,10,5,1,3,8,10,99,4,3
"2213",3,"FR",50,2,1,1,77,5,2,3,8,9,4,5,3
"2214",4,"FR",50,1,3,1,4,4,1,5,10,5,3,3,3
"2215",1,"FR",55,1,3,1,6,4,2,4,9,2,4,5,3
"2216",4,"FR",48,2,4,1,9,5,1,3,6,1,1,4,1
"2217",4,"FR",36,1,7,1,9,5,2,3,8,0,2,1,5
"2218",2,"FR",45,2,5,1,10,5,2,3,7,8,1,4,2
"2219",2,"FR",80,1,1,6,2,5,2,2,0,10,6,6,5
"2220",4,"FR",62,2,4,1,4,5,2,4,5,8,2,3,2
"2221",2,"FR",49,2,3,1,8,5,2,3,5,10,3,6,3
"2222",1,"FR",58,1,5,4,6,5,2,4,9,8,2,5,3
"2223",2,"FR",55,1,7,1,8,5,2,5,9,3,2,3,4
"2224",4,"FR",79,2,3,6,9,5,1,3,5,2,4,4,2
"2225",4,"FR",52,1,7,1,10,5,1,5,10,8,0,6,5
"2226",1,"FR",59,1,7,1,10,5,1,3,7,5,2,5,2
"2227",4,"FR",55,2,6,1,7,5,3,5,10,5,4,5,4
"2228",4,"FR",46,1,7,1,10,5,1,3,3,4,4,3,3
"2229",4,"FR",49,2,7,1,10,5,1,5,10,5,2,4,4
"2230",4,"FR",64,2,4,1,8,4,3,4,10,7,4,4,3
"2231",1,"FR",63,2,6,1,3,5,2,3,10,5,2,4,2
"2232",4,"FR",50,2,5,1,8,5,2,3,7,8,0,6,2
"2233",2,"FR",80,1,7,6,10,4,1,2,9,8,4,4,3
"2234",4,"FR",77,2,7,6,5,4,1,4,7,5,4,6,3
"2235",4,"FR",40,2,7,1,10,5,1,4,7,3,4,5,2
"2236",4,"FR",68,1,3,6,3,5,3,2,3,2,3,4,3
"2237",4,"FR",41,2,6,1,10,5,2,5,10,5,5,4,2
"2238",5,"FR",38,1,6,1,5,5,1,3,6,2,4,5,3
"2239",2,"FR",64,1,4,5,6,5,3,4,6,0,4,2,1
"2240",6,"FR",64,1,5,1,1,5,2,3,8,8,4,5,2
"2241",4,"FR",49,1,4,1,2,5,2,5,8,4,3,3,3
"2242",4,"FR",55,1,3,1,5,5,3,3,99,5,2,3,2
"2243",4,"FR",54,2,4,1,10,5,2,3,5,5,1,3,4
"2244",1,"FR",57,2,6,1,10,5,1,2,7,5,4,6,2
"2245",4,"FR",46,1,7,1,9,5,2,2,3,7,4,6,3
"2246",1,"FR",66,2,4,6,9,5,1,4,8,7,3,5,2
"2247",4,"FR",49,1,7,1,10,5,1,2,8,8,4,4,3
"2248",4,"FR",75,1,4,6,10,5,1,2,2,8,3,5,2
"2249",1,"FR",73,2,6,6,9,5,1,4,9,9,4,4,3
"2250",2,"FR",62,2,5,1,10,5,1,3,8,8,5,6,3
"2251",4,"FR",79,2,5,6,8,5,1,3,4,7,3,3,3
"2252",4,"FR",56,1,4,1,10,5,1,3,5,3,5,5,4
"2253",1,"FR",55,2,6,1,9,5,1,4,7,2,4,5,1
"2254",4,"FR",24,2,4,2,88,5,1,5,5,9,3,5,1
"2255",4,"FR",53,1,7,1,7,5,2,5,10,5,0,0,5
"2256",1,"FR",76,2,3,6,1,5,3,2,0,0,0,4,5
"2257",6,"FR",59,1,3,1,7,5,2,4,8,6,4,3,3
"2258",4,"FR",32,2,6,1,7,5,2,2,5,7,3,4,3
"2259",4,"FR",46,2,5,1,3,5,2,2,0,0,3,4,5
"2260",3,"FR",58,2,4,1,2,5,2,5,7,4,1,4,1
"2261",2,"FR",56,1,7,1,8,5,1,5,10,7,4,5,2
"2262",4,"FR",68,2,4,6,7,4,2,3,7,8,5,5,2
"2263",4,"FR",70,2,3,1,6,4,3,4,4,7,2,3,3
"2264",4,"FR",54,1,7,1,10,4,1,1,0,5,0,5,2
"2265",4,"FR",48,2,6,1,5,5,2,4,7,7,1,2,4
"2266",5,"FR",48,1,5,1,7,5,2,4,7,8,3,3,2
"2267",4,"FR",45,2,6,1,4,5,1,4,8,5,4,4,2
"2268",6,"FR",73,2,1,6,2,4,3,3,8,5,2,3,3
"2269",4,"FR",73,2,3,6,6,2,2,3,4,1,5,5,9
"2270",4,"FR",45,1,7,1,7,5,1,4,8,7,3,5,3
"2271",2,"FR",59,2,1,1,7,5,2,3,8,8,6,6,3
"2272",4,"FR",37,1,4,1,9,5,2,3,8,5,5,4,1
"2273",1,"FR",81,1,3,6,10,5,1,3,6,5,4,5,3
"2274",4,"FR",54,2,3,1,2,4,2,3,7,8,2,5,2
"2275",4,"FR",24,2,4,1,10,5,1,3,7,5,4,3,3
"2276",4,"FR",34,2,4,1,2,3,2,3,8,0,3,4,3
"2277",4,"FR",42,1,7,1,7,5,1,5,8,5,3,5,2
"2278",5,"FR",53,1,7,1,10,5,1,4,8,5,3,6,2
"2279",3,"FR",58,1,7,1,10,5,1,2,4,3,3,5,3
"2280",3,"FR",68,1,7,6,9,5,1,4,9,7,4,5,3
"2281",4,"FR",62,2,4,1,2,5,2,4,8,1,4,6,3
"2282",5,"FR",25,1,5,2,8,5,1,3,5,9,2,5,1
"2283",4,"FR",45,1,5,1,4,5,2,2,3,8,4,5,3
"2284",5,"FR",75,1,7,6,10,5,1,3,7,5,3,6,2
"2285",4,"FR",33,1,6,1,2,5,2,3,7,7,2,4,1
"2286",4,"FR",57,2,5,1,10,5,1,3,9,6,3,5,2
"2287",4,"FR",35,2,5,1,1,5,4,2,5,0,1,3,1
"2288",4,"FR",77,2,4,6,7,5,2,3,7,1,1,2,4
"2289",3,"FR",49,2,7,1,4,5,3,4,8,7,3,4,3
"2290",4,"FR",66,1,4,1,10,4,1,4,8,2,3,5,3
"2291",4,"FR",52,1,3,1,7,5,3,3,6,2,5,3,2
"2292",1,"FR",70,1,7,6,6,2,1,4,10,0,4,5,4
"2293",4,"FR",40,2,3,2,6,5,2,3,8,5,3,5,3
"2294",3,"FR",55,2,7,1,10,5,1,4,8,6,3,5,2
"2295",4,"FR",59,1,3,1,10,4,2,3,7,7,0,5,4
"2296",4,"FR",74,1,3,6,4,5,1,3,8,0,3,5,2
"2297",4,"FR",74,1,1,6,7,5,2,3,7,8,2,4,3
"2298",4,"FR",64,1,3,5,4,5,3,4,7,8,2,4,2
"2299",4,"FR",72,1,4,6,4,4,2,2,1,1,1,1,3
"2300",4,"FR",39,2,3,1,5,4,1,3,5,5,0,3,3
"2301",4,"FR",63,1,3,1,6,4,2,3,5,99,5,4,3
"2302",2,"FR",30,2,7,1,10,5,1,5,10,8,2,5,3
"2303",4,"FR",63,2,6,1,9,5,2,3,5,3,0,2,3
"2304",4,"FR",36,1,7,1,10,5,1,3,5,7,2,5,3
"2305",1,"FR",55,1,3,1,5,5,4,4,9,4,1,4,3
"2306",3,"FR",78,1,6,6,10,5,1,4,7,6,4,5,3
"2307",3,"FR",38,2,6,1,6,5,1,4,8,8,4,4,3
"2308",5,"FR",77,1,7,6,10,5,1,2,7,4,5,5,2
"2309",4,"FR",55,2,4,1,2,5,3,3,6,5,3,3,4
"2310",3,"FR",41,2,7,1,10,5,1,4,10,7,3,3,2
"2311",1,"FR",58,2,3,1,3,5,3,3,8,99,4,3,3
"2312",5,"FR",79,1,7,6,8,5,1,4,9,6,5,6,3
"2313",4,"FR",44,2,5,1,10,5,2,3,8,8,3,5,2
"2314",4,"FR",71,2,5,6,10,5,1,5,10,3,3,99,3
"2315",4,"FR",52,2,3,1,5,5,2,3,6,5,3,2,3
"2316",4,"FR",76,2,7,6,2,3,3,3,7,4,3,3,3
"2317",4,"FR",39,2,2,1,7,5,2,5,9,0,3,2,4
"2318",4,"FR",46,2,5,1,10,5,3,3,6,5,3,3,4
"2319",6,"FR",64,2,2,3,9,5,1,4,5,5,3,3,4
"2320",4,"FR",70,2,1,6,2,4,3,4,10,8,3,5,3
"2321",5,"FR",51,2,5,1,10,5,1,3,8,5,0,5,3
"2322",4,"FR",59,2,3,4,3,5,3,3,10,0,5,6,1
"2323",4,"FR",45,2,5,1,6,5,1,3,4,6,3,5,2
"2324",4,"FR",62,1,2,1,5,5,2,2,5,5,3,4,3
"2325",1,"FR",49,2,2,5,4,4,1,5,7,5,0,1,3
"2326",3,"FR",25,2,4,1,2,4,2,9,99,1,99,99,9
"2327",4,"FR",45,1,6,1,9,5,2,3,8,7,3,4,3
"2328",4,"FR",40,1,3,1,7,5,2,3,6,2,5,5,4
"2329",4,"FR",62,2,4,1,6,5,2,3,7,9,3,2,3
"2330",1,"FR",75,2,4,6,4,5,2,3,8,8,3,1,4
"2331",4,"FR",55,2,5,1,10,5,1,3,6,0,3,5,5
"2332",1,"FR",52,2,7,1,10,5,1,4,5,7,3,3,4
"2333",4,"FR",58,1,7,1,6,5,2,3,8,4,2,4,3
"2334",4,"FR",56,2,5,1,10,5,1,2,6,3,1,5,5
"2335",3,"FR",42,2,7,1,10,5,1,4,10,9,3,6,3
"2336",2,"FR",56,2,1,1,3,5,2,3,5,2,0,6,3
"2337",4,"FR",57,1,3,1,7,5,1,3,5,2,0,5,4
"2338",4,"FR",68,1,7,6,6,5,1,3,7,5,5,4,3
"2339",2,"FR",80,2,5,6,10,5,1,5,8,7,4,2,3
"2340",5,"FR",55,2,6,1,9,5,1,4,8,2,4,5,2
"2341",4,"FR",65,1,7,3,77,5,1,3,8,2,5,5,3
"2342",4,"FR",72,2,2,6,6,5,1,3,8,5,1,0,2
"2343",4,"FR",37,2,4,1,10,5,2,3,8,5,1,4,2
"2344",3,"FR",46,1,4,1,8,4,2,5,10,6,3,5,2
"2345",4,"FR",42,1,3,9,5,5,2,3,7,5,3,3,1
"2346",4,"FR",78,2,3,6,3,5,1,2,5,8,2,5,3
"2347",4,"FR",33,2,3,4,2,5,2,3,5,7,3,3,2
"2348",4,"FR",57,2,4,1,9,5,2,3,5,5,3,4,3
"2349",4,"FR",40,2,4,1,7,5,3,4,8,8,4,3,3
"2350",3,"FR",35,2,7,1,10,5,1,5,6,7,3,4,2
"2351",5,"FR",63,1,4,1,9,5,1,3,10,9,5,5,3
"2352",4,"FR",32,2,4,1,9,5,2,3,7,3,4,4,2
"2353",2,"FR",57,2,1,3,2,4,3,3,7,3,0,2,3
"2354",2,"FR",48,1,6,1,3,5,3,4,9,6,4,2,2
"2355",4,"FR",37,1,7,1,10,5,1,3,6,4,3,5,3
"2356",4,"FR",69,2,4,6,8,5,2,3,9,9,1,4,3
"2357",5,"FR",55,2,3,2,10,5,3,3,6,8,2,99,3
"2358",4,"FR",36,1,4,2,6,5,2,3,3,4,4,2,4
"2359",1,"FR",83,1,7,6,10,5,1,3,8,9,4,5,2
"2360",5,"FR",44,2,5,1,6,5,2,4,6,6,3,5,2
"2361",1,"FR",55,2,5,1,8,5,2,4,6,3,0,3,4
"2362",4,"FR",70,1,3,1,5,5,1,2,5,8,1,3,4
"2363",4,"FR",28,2,5,1,4,5,2,5,7,7,0,4,3
"2364",3,"FR",58,2,7,1,10,5,1,4,8,10,6,5,2
"2365",3,"FR",65,2,3,1,10,5,1,3,8,10,4,5,3
"2366",4,"FR",83,1,2,6,2,4,2,3,7,5,4,2,3
"2367",5,"FR",69,1,2,6,6,5,1,3,7,3,4,3,3
"2368",4,"FR",41,1,4,1,9,5,2,3,7,5,4,4,4
"2369",1,"FR",63,1,4,6,9,5,2,3,7,5,4,3,3
"2370",2,"FR",75,1,6,6,10,5,1,3,8,7,4,5,2
"2371",4,"FR",25,2,5,1,10,5,1,3,8,2,3,6,2
"2372",2,"FR",76,1,5,6,7,5,1,3,8,9,99,4,1
"2373",1,"FR",58,2,7,1,5,5,3,3,7,8,4,4,2
"2374",4,"FR",38,1,4,1,7,5,2,3,6,5,2,4,3
"2375",1,"FR",61,2,1,8,3,5,2,5,10,9,3,6,2
"2376",4,"FR",40,2,3,1,6,5,3,3,10,0,3,5,5
"2377",5,"FR",47,2,4,1,5,5,3,3,6,5,0,0,5
"2378",4,"FR",52,1,5,1,10,5,1,2,7,5,4,5,2
"2379",4,"FR",57,1,5,1,5,5,2,5,10,3,5,5,2
"2380",4,"FR",35,1,4,1,3,5,2,3,8,7,4,6,4
"2381",5,"FR",52,1,4,1,4,5,2,4,7,4,0,1,4
"2382",4,"FR",64,1,3,1,10,5,2,2,3,8,4,4,2
"2383",4,"FR",71,2,3,6,5,2,3,3,8,1,3,3,3
"2384",6,"FR",76,2,3,6,4,5,2,3,7,5,4,3,2
"2385",1,"FR",66,2,1,6,1,5,3,4,8,4,3,5,3
"2386",6,"FR",74,1,3,6,2,5,3,2,5,99,1,4,4
"2387",3,"FR",25,2,4,2,4,5,1,3,2,7,3,3,3
"2388",4,"FR",68,1,3,6,6,4,2,3,8,7,1,1,3
"2389",3,"FR",52,2,7,1,10,5,1,5,6,5,2,3,2
"2390",4,"FR",44,2,6,1,6,5,2,4,8,8,2,2,2
"2391",1,"FR",72,2,5,6,4,5,2,3,9,0,3,5,3
"2392",4,"FR",44,1,4,1,9,5,1,3,7,6,2,4,2
"2393",3,"FR",24,1,4,2,88,5,1,3,4,5,4,6,4
"2394",4,"FR",83,2,4,6,8,3,1,4,8,4,2,4,2
"2395",1,"FR",83,2,7,6,3,5,2,5,9,9,4,3,3
"2396",6,"FR",68,1,7,1,10,5,1,4,7,6,4,6,3
"2397",4,"FR",40,2,5,1,10,5,1,3,3,5,3,2,3
"2398",4,"FR",43,2,7,4,4,5,1,5,8,1,5,4,2
"2399",4,"FR",42,2,3,1,8,5,2,3,8,4,3,4,4
"2400",4,"FR",62,1,6,1,10,5,2,3,7,7,3,6,3
"2401",4,"FR",51,2,5,1,88,5,2,3,5,4,0,3,3
"2402",6,"FR",64,2,55,1,10,5,1,5,8,2,4,5,3
"2403",1,"FR",26,2,4,2,8,5,1,5,7,7,4,4,3
"2404",4,"FR",43,1,3,1,4,5,3,4,10,3,5,3,4
"2405",4,"FR",61,2,5,1,3,5,2,5,10,9,5,5,3
"2406",4,"FR",52,1,5,1,9,5,1,3,8,5,6,4,4
"2407",6,"FR",58,2,3,1,77,5,1,3,8,5,5,3,3
"2408",4,"FR",60,1,3,1,8,5,1,3,8,5,4,5,3
"2409",4,"FR",39,2,2,1,7,5,2,2,5,5,4,4,3
"2410",4,"FR",64,2,3,6,77,5,1,3,8,5,4,4,2
"2411",5,"FR",36,1,7,1,8,5,2,3,3,0,2,99,3
"2412",4,"FR",51,2,5,1,77,5,2,5,8,6,3,2,4
"2413",4,"FR",63,1,3,1,10,5,2,2,2,5,2,4,4
"2414",5,"FR",68,2,3,6,3,5,2,4,5,5,3,5,3
"2415",1,"FR",53,1,3,2,1,5,3,4,10,0,0,0,5
"2416",4,"FR",49,1,7,1,10,5,1,4,8,2,4,4,2
"2417",2,"FR",67,2,1,6,1,5,3,3,8,1,3,4,3
"2418",4,"FR",37,2,3,1,8,5,2,2,4,5,5,5,3
"2419",1,"FR",40,2,5,1,10,5,2,3,5,9,4,5,4
"2420",4,"FR",78,1,1,9,3,5,3,5,10,6,3,4,4
"2421",1,"FR",23,2,4,2,4,5,2,4,5,4,4,4,2
"2422",4,"FR",75,2,5,6,4,5,1,3,7,5,5,5,3
"2423",3,"FR",46,2,7,1,10,5,1,4,8,3,3,5,3
"2424",4,"FR",42,2,4,1,10,5,1,2,3,0,5,4,3
"2425",3,"FR",65,2,4,1,6,5,2,4,8,9,4,6,3
"2426",4,"FR",42,1,7,1,10,5,1,4,9,2,4,5,2
"2427",5,"FR",58,1,3,1,9,5,2,4,10,5,2,5,2
"2428",9,"FR",90,1,4,6,5,5,1,4,9,8,1,2,4
"2429",4,"FR",41,2,4,1,8,5,2,4,8,5,2,0,3
"2430",1,"FR",52,2,5,1,10,5,2,3,5,9,5,5,3
"2431",4,"FR",46,2,7,1,7,5,2,5,8,0,2,3,2
"2432",4,"FR",22,2,4,1,9,5,2,4,5,5,4,3,3
"2433",2,"FR",47,1,7,1,10,5,1,3,7,7,4,4,2
"2434",4,"FR",37,1,4,3,4,5,2,1,2,5,0,3,4
"2435",4,"FR",79,1,4,6,10,5,1,3,8,7,4,4,2
"2436",5,"FR",58,1,7,1,10,5,1,3,5,7,4,4,2
"2437",4,"FR",34,2,7,1,9,5,1,5,9,0,5,5,2
"2438",4,"FR",25,2,4,1,1,5,2,4,9,5,4,4,4
"2439",4,"FR",46,1,4,1,10,5,1,4,9,3,4,4,4
"2440",4,"FR",66,1,3,5,4,5,4,2,5,0,4,6,5
"2441",5,"FR",29,2,6,1,8,5,2,3,6,7,2,2,4
"2442",1,"FR",36,2,5,1,7,5,2,4,7,5,6,3,3
"2443",3,"FR",53,2,5,1,6,5,2,3,8,7,3,4,3
"2444",4,"FR",22,1,4,2,6,5,2,3,8,0,5,4,4
"2445",4,"FR",42,2,4,4,4,5,2,3,7,5,2,3,3
"2446",1,"FR",68,1,2,6,5,5,2,5,10,2,3,3,5
"2447",4,"FR",74,2,3,1,10,5,1,4,8,8,0,3,3
"2448",1,"FR",65,1,1,4,2,5,4,1,2,10,0,3,9
"2449",4,"FR",49,2,7,1,5,5,2,3,8,7,99,99,9
"2450",4,"FR",45,1,5,1,10,5,1,2,1,5,0,3,2
"2451",3,"FR",22,2,6,2,88,5,2,4,8,8,3,4,3
"2452",5,"FR",50,1,7,1,10,5,1,3,5,6,4,5,3
"2453",5,"FR",38,2,4,1,5,5,2,4,7,1,4,5,3
"2454",4,"FR",50,1,4,1,10,5,1,3,5,5,4,4,3
"2455",4,"FR",47,2,7,1,6,5,2,4,8,3,4,6,2
"2456",5,"FR",68,2,5,6,9,5,1,3,8,5,0,3,3
"2457",2,"FR",44,1,7,1,10,5,2,5,8,2,3,5,4
"2458",3,"FR",68,2,7,1,10,4,1,4,8,5,2,5,2
"2459",4,"FR",49,1,7,1,7,5,2,4,7,8,4,4,2
"2460",4,"FR",59,2,3,1,3,4,3,2,7,99,6,6,5
"2461",4,"FR",70,2,4,6,9,5,1,3,8,8,4,5,2
"2462",4,"FR",27,2,7,3,6,5,1,3,7,1,1,4,4
"2463",4,"FR",43,2,4,1,5,3,2,3,6,6,3,2,3
"2464",4,"FR",48,2,3,1,8,5,2,4,8,8,2,1,5
"2465",4,"FR",54,1,4,1,6,4,2,3,6,5,3,3,3
"2466",4,"FR",63,2,7,1,10,5,1,5,8,0,3,3,3
"2467",4,"FR",35,2,4,8,7,5,1,5,10,10,3,6,2
"2468",4,"FR",54,2,2,1,7,5,2,3,5,0,3,3,2
"2469",1,"FR",58,1,4,1,4,5,2,4,8,3,2,3,4
"2470",3,"FR",37,2,5,1,9,5,1,3,7,7,4,5,3
"2471",5,"FR",47,2,4,1,9,5,2,4,8,8,4,4,3
"2472",4,"FR",48,1,3,1,8,2,2,2,5,5,2,3,5
"2473",3,"FR",39,2,4,1,8,5,2,2,6,6,4,5,3
"2474",4,"FR",45,1,5,1,9,5,1,3,3,99,3,5,3
"2475",4,"FR",77,2,7,6,9,5,1,3,3,8,2,2,4
"2476",1,"FR",59,2,3,1,5,5,2,3,8,6,2,5,2
"2477",5,"FR",69,1,7,6,10,5,1,2,5,99,4,5,2
"2478",4,"FR",43,2,7,1,8,5,2,3,8,5,5,4,2
"2479",7,"FR",55,1,3,1,88,3,2,3,7,3,4,4,4
"2480",5,"FR",64,1,5,1,8,5,1,2,7,0,0,6,5
"2481",1,"FR",47,2,5,1,3,5,1,4,7,5,4,4,3
"2482",4,"FR",70,1,5,6,10,5,1,3,5,7,5,4,2
"2483",6,"FR",85,1,6,6,10,5,1,5,10,3,3,6,2
"2484",3,"GB",68,2,2,1,4,1,1,2,5,0,2,5,4
"2485",5,"GB",90,1,5,6,5,4,1,3,10,7,5,5,3
"2486",4,"GB",61,1,2,6,9,5,1,3,6,2,3,4,4
"2487",4,"GB",71,2,2,1,4,5,4,2,4,5,3,4,4
"2488",1,"GB",41,1,6,1,5,5,2,4,6,8,1,3,3
"2489",2,"GB",31,1,4,1,7,5,3,4,0,5,2,2,3
"2490",3,"GB",80,2,4,6,88,5,1,4,7,8,4,4,3
"2491",4,"GB",56,2,2,1,3,4,3,3,5,5,3,2,4
"2492",4,"GB",33,1,6,1,77,5,1,3,3,7,2,2,4
"2493",6,"GB",80,2,6,6,7,3,1,4,9,5,5,6,3
"2494",1,"GB",81,2,4,6,1,5,1,4,9,8,4,5,3
"2495",4,"GB",32,2,7,1,5,5,1,3,8,8,2,4,3
"2496",3,"GB",32,1,6,1,9,5,1,2,7,7,3,3,3
"2497",3,"GB",62,1,1,5,2,5,2,5,10,0,0,0,2
"2498",6,"GB",68,2,5,1,2,5,2,3,5,3,4,3,3
"2499",4,"GB",34,2,6,3,3,5,2,5,7,9,3,0,3
"2500",3,"GB",57,2,4,1,3,5,2,4,10,10,4,4,4
"2501",4,"GB",76,2,7,6,5,4,1,5,8,3,5,6,2
"2502",5,"GB",48,1,7,1,8,5,1,4,8,7,4,4,2
"2503",1,"GB",56,1,6,1,8,5,1,2,5,7,3,4,3
"2504",4,"GB",67,2,6,6,1,4,3,4,7,7,4,3,4
"2505",4,"GB",48,2,1,1,1,3,2,3,7,1,4,4,4
"2506",2,"GB",90,1,5,6,9,5,1,4,8,5,3,5,4
"2507",4,"GB",50,2,4,1,3,5,2,3,7,8,5,5,3
"2508",4,"GB",42,2,3,8,88,4,2,4,5,3,3,0,5
"2509",4,"GB",41,2,4,8,7,5,3,3,5,4,2,3,2
"2510",3,"GB",74,1,3,6,1,4,3,2,0,7,3,5,2
"2511",4,"GB",78,1,5,6,7,5,1,2,6,8,3,4,2
"2512",4,"GB",66,2,4,6,4,5,1,3,8,8,4,5,3
"2513",6,"GB",74,1,6,6,1,5,2,1,4,5,5,4,3
"2514",4,"GB",56,2,5,8,6,5,2,2,5,3,4,2,4
"2515",4,"GB",53,2,6,1,10,5,1,3,7,5,4,6,2
"2516",3,"GB",78,1,5,6,8,5,1,5,9,7,4,6,3
"2517",4,"GB",68,1,7,6,8,5,1,4,8,6,4,4,3
"2518",4,"GB",52,1,4,1,6,5,1,2,2,5,4,3,2
"2519",5,"GB",59,1,4,1,10,5,1,3,8,5,4,3,3
"2520",5,"GB",76,2,5,6,88,5,1,4,7,8,5,6,3
"2521",1,"GB",80,2,7,6,6,5,1,3,9,0,6,6,3
"2522",3,"GB",70,1,2,6,5,5,1,3,7,7,5,5,3
"2523",4,"GB",61,2,4,1,9,5,1,2,0,8,0,5,1
"2524",5,"GB",66,2,5,8,8,5,1,5,7,5,6,5,3
"2525",1,"GB",56,2,3,8,6,4,2,4,5,4,3,3,3
"2526",3,"GB",44,1,6,1,9,5,1,1,0,8,5,4,5
"2527",4,"GB",43,2,7,1,3,5,2,4,8,3,5,3,3
"2528",1,"GB",56,2,7,1,9,5,1,4,10,7,5,4,2
"2529",4,"GB",56,1,7,1,8,5,1,4,8,7,2,2,2
"2530",4,"GB",37,2,7,1,88,5,1,2,3,4,99,99,9
"2531",3,"GB",33,2,6,1,6,5,2,5,7,5,2,3,5
"2532",1,"GB",35,1,6,1,4,5,2,3,5,4,1,2,3
"2533",1,"GB",44,2,7,1,9,5,1,2,5,7,0,0,4
"2534",4,"GB",72,1,2,6,88,5,1,3,7,5,3,6,3
"2535",4,"GB",57,1,7,6,10,5,1,3,5,6,4,6,3
"2536",4,"GB",70,1,55,6,3,4,2,2,2,0,2,0,5
"2537",1,"GB",83,2,5,6,6,4,1,4,8,9,5,4,4
"2538",3,"GB",67,2,4,8,3,5,2,3,7,5,1,3,4
"2539",5,"GB",76,1,1,6,7,4,1,3,5,8,99,6,2
"2540",4,"GB",29,1,6,1,6,5,1,3,2,5,3,3,2
"2541",1,"GB",74,1,1,6,10,5,1,3,7,9,4,3,4
"2542",3,"GB",51,1,7,4,7,5,1,5,7,6,5,4,4
"2543",1,"GB",74,2,2,6,1,5,2,5,10,6,2,0,3
"2544",5,"GB",79,2,7,6,7,5,1,4,8,6,4,4,4
"2545",4,"GB",49,2,6,4,88,5,2,2,4,1,3,2,5
"2546",4,"GB",81,2,5,6,2,5,1,3,6,8,5,3,2
"2547",4,"GB",75,2,4,1,1,2,3,5,8,9,2,3,3
"2548",4,"GB",55,2,7,1,10,5,1,3,8,8,4,3,4
"2549",5,"GB",73,1,5,6,3,4,2,1,0,5,0,5,5
"2550",4,"GB",52,1,4,1,88,5,1,3,5,10,2,0,5
"2551",2,"GB",52,1,1,1,8,4,1,3,7,0,4,0,5
"2552",4,"GB",71,2,6,6,2,5,1,4,7,0,3,5,3
"2553",1,"GB",42,2,7,1,5,5,2,3,7,8,6,6,2
"2554",4,"GB",64,1,4,1,7,5,1,2,3,2,2,2,3
"2555",4,"GB",50,2,6,1,6,3,1,3,10,0,3,4,2
"2556",4,"GB",74,2,1,6,1,5,3,3,5,10,4,3,2
"2557",1,"GB",44,2,6,1,4,5,2,4,8,2,4,5,3
"2558",4,"GB",25,2,3,1,4,5,1,4,8,7,3,4,3
"2559",4,"GB",56,1,6,1,10,5,1,4,8,8,4,5,3
"2560",4,"GB",65,1,5,6,4,5,1,2,10,5,2,5,3
"2561",4,"GB",43,2,4,1,7,5,2,3,8,6,4,4,4
"2562",4,"GB",73,2,6,6,2,5,2,4,8,6,5,5,3
"2563",4,"GB",57,1,2,1,7,5,1,2,0,5,2,3,4
"2564",4,"GB",66,1,6,1,6,5,1,3,5,9,5,6,1
"2565",6,"GB",57,2,2,1,6,5,1,3,5,5,5,5,3
"2566",4,"GB",40,1,7,1,77,5,2,5,8,8,1,3,1
"2567",1,"GB",58,2,5,1,2,5,2,3,5,5,3,3,3
"2568",4,"GB",57,2,7,1,8,5,1,2,1,1,4,6,4
"2569",4,"GB",71,1,7,6,9,5,1,3,7,5,5,6,3
"2570",3,"GB",60,2,5,1,5,5,2,3,8,0,6,5,3
"2571",1,"GB",47,2,7,8,77,5,1,3,7,7,4,3,4
"2572",4,"GB",56,1,7,1,9,5,2,5,10,7,6,2,1
"2573",3,"GB",61,1,1,5,2,5,2,2,2,4,4,4,4
"2574",1,"GB",72,1,2,6,5,5,1,4,7,5,3,5,3
"2575",4,"GB",42,2,1,8,1,5,4,3,5,5,3,0,2
"2576",1,"GB",69,1,3,6,1,4,1,2,3,9,5,5,4
"2577",4,"GB",72,1,4,6,4,5,2,3,8,8,3,5,3
"2578",4,"GB",42,2,4,8,2,5,2,3,5,2,3,2,4
"2579",5,"GB",88,2,7,6,9,5,1,4,3,4,6,4,3
"2580",4,"GB",55,1,7,1,8,5,1,3,10,5,3,4,3
"2581",1,"GB",78,1,3,6,6,5,1,2,0,9,3,5,4
"2582",4,"GB",41,2,2,8,4,5,2,2,8,8,5,5,3
"2583",1,"GB",29,2,6,1,5,5,4,4,6,0,1,2,4
"2584",4,"GB",32,2,3,1,4,5,3,2,4,5,5,3,5
"2585",1,"GB",70,1,7,6,2,4,1,2,3,0,3,3,4
"2586",4,"GB",54,1,2,1,9,5,1,1,0,5,0,3,4
"2587",4,"GB",51,1,7,1,9,5,1,3,8,2,1,2,2
"2588",4,"GB",70,1,7,6,3,5,2,3,5,6,1,5,3
"2589",6,"GB",64,1,5,6,10,1,1,1,0,0,3,99,5
"2590",4,"GB",38,2,2,1,5,5,2,5,10,6,4,4,3
"2591",3,"GB",32,2,2,1,77,5,1,3,7,0,2,1,3
"2592",1,"GB",47,1,6,1,10,5,1,5,10,0,2,5,2
"2593",2,"GB",41,1,6,1,10,5,1,2,3,4,2,4,5
"2594",1,"GB",77,1,6,6,3,5,2,5,9,8,3,3,3
"2595",3,"GB",72,1,3,6,5,5,1,3,8,7,2,3,4
"2596",4,"GB",28,2,7,1,4,5,2,3,7,0,2,3,4
"2597",4,"GB",39,2,5,1,88,5,1,3,6,2,2,3,5
"2598",4,"GB",47,2,6,1,5,5,1,3,6,4,3,5,4
"2599",1,"GB",47,2,5,8,1,5,2,3,5,0,2,2,4
"2600",4,"GB",23,2,5,1,5,5,2,3,4,0,5,5,5
"2601",1,"GB",70,1,4,1,10,5,2,5,10,3,6,6,2
"2602",5,"GB",66,1,6,6,6,5,1,2,2,6,3,5,3
"2603",6,"GB",82,2,5,6,5,5,1,5,7,99,2,6,2
"2604",4,"GB",63,1,1,1,3,5,2,5,8,5,4,4,4
"2605",3,"GB",78,2,7,2,5,5,2,3,8,7,0,5,2
"2606",3,"GB",78,2,6,9,2,5,2,3,8,7,4,4,3
"2607",4,"GB",69,1,55,6,1,5,4,3,5,8,2,3,3
"2608",4,"GB",68,2,7,1,8,5,2,2,1,1,5,5,3
"2609",4,"GB",73,2,7,6,4,5,2,4,8,5,4,4,3
"2610",4,"GB",56,2,6,1,5,5,2,3,3,8,4,3,3
"2611",4,"GB",75,1,3,6,6,5,1,2,4,2,3,4,2
"2612",3,"GB",81,1,6,6,9,5,1,3,8,3,4,4,2
"2613",4,"GB",73,1,7,6,6,5,2,3,5,0,4,5,4
"2614",5,"GB",60,1,6,1,10,5,1,3,9,2,2,6,3
"2615",1,"GB",58,2,2,1,4,5,2,3,5,4,3,4,3
"2616",1,"GB",33,2,3,8,2,5,3,3,5,7,3,2,3
"2617",4,"GB",58,2,4,8,4,5,4,3,5,0,0,2,3
"2618",4,"GB",58,1,1,1,8,5,2,4,8,4,3,3,3
"2619",1,"GB",83,2,1,6,3,5,1,3,5,4,5,99,3
"2620",4,"GB",66,2,5,6,77,5,2,3,8,7,5,6,3
"2621",1,"GB",40,2,4,1,4,5,2,3,5,2,4,5,5
"2622",1,"GB",74,1,5,6,5,5,1,5,8,8,5,3,2
"2623",4,"GB",49,2,6,1,5,5,1,3,5,1,3,3,3
"2624",5,"GB",72,1,4,6,4,5,1,2,2,2,1,1,4
"2625",4,"GB",67,1,5,1,8,5,1,3,7,7,3,5,2
"2626",4,"GB",49,1,4,1,7,5,1,3,6,5,3,4,2
"2627",4,"GB",55,2,6,8,10,5,2,4,7,6,4,4,3
"2628",4,"GB",51,2,7,5,2,4,2,4,10,7,5,3,4
"2629",4,"GB",55,2,3,1,6,4,2,2,8,5,3,3,3
"2630",1,"GB",38,2,4,1,4,5,2,3,5,5,4,3,3
"2631",1,"GB",79,2,6,6,2,4,2,4,6,7,4,3,3
"2632",4,"GB",70,2,5,6,6,5,1,3,5,9,3,5,2
"2633",1,"GB",22,2,2,2,3,5,2,4,7,0,2,3,4
"2634",4,"GB",74,2,5,6,4,5,2,3,8,5,6,6,3
"2635",4,"GB",47,2,4,1,8,5,2,2,4,5,2,4,3
"2636",4,"GB",75,1,1,6,8,5,1,2,1,2,4,2,4
"2637",3,"GB",64,2,1,5,1,4,2,4,6,5,5,3,4
"2638",4,"GB",81,2,7,6,4,5,1,3,7,5,5,5,3
"2639",5,"GB",76,1,7,6,10,5,1,5,10,7,6,6,1
"2640",6,"GB",999,2,7,1,4,5,1,5,10,8,6,5,1
"2641",3,"GB",73,1,6,6,3,5,1,4,10,7,6,5,2
"2642",4,"GB",62,1,2,1,5,5,1,1,0,8,4,6,4
"2643",4,"GB",70,2,6,6,7,5,2,3,8,6,4,4,3
"2644",3,"GB",67,1,1,1,8,5,2,5,10,10,3,3,3
"2645",4,"GB",73,2,5,8,7,5,1,3,6,8,6,6,3
"2646",5,"GB",73,2,5,6,8,5,1,3,5,8,6,6,3
"2647",4,"GB",35,1,7,1,9,5,1,4,5,3,3,3,3
"2648",3,"GB",59,2,2,5,1,5,2,2,5,3,3,4,3
"2649",4,"GB",73,1,7,6,9,5,1,5,8,2,5,6,2
"2650",4,"GB",58,1,5,5,1,5,3,3,10,5,2,3,4
"2651",4,"GB",40,2,6,1,5,5,2,5,8,0,6,6,3
"2652",4,"GB",73,1,4,1,9,5,1,3,6,7,5,5,4
"2653",4,"GB",59,1,6,1,10,5,1,3,7,3,4,2,3
"2654",1,"GB",72,2,1,6,10,5,2,5,10,10,4,6,4
"2655",4,"GB",64,2,5,6,10,5,2,1,0,99,4,5,5
"2656",4,"GB",75,1,1,6,4,5,1,2,3,5,2,4,2
"2657",4,"GB",47,1,4,1,8,5,2,3,10,5,1,4,5
"2658",5,"GB",42,1,6,1,10,5,1,3,7,5,4,5,3
"2659",3,"GB",59,1,6,1,10,5,1,4,8,8,3,5,3
"2660",4,"GB",58,2,6,1,6,5,3,4,6,7,4,4,4
"2661",4,"GB",57,2,2,1,4,5,4,3,6,10,2,1,5
"2662",1,"GB",70,1,5,6,3,4,1,2,3,10,4,5,3
"2663",4,"GB",69,2,7,1,5,5,1,4,7,6,5,6,3
"2664",4,"GB",70,2,5,6,6,5,2,2,4,10,5,5,3
"2665",3,"GB",80,2,1,6,1,5,1,3,10,7,6,6,5
"2666",4,"GB",82,1,1,6,6,3,1,4,10,10,3,2,5
"2667",1,"GB",57,1,6,1,10,5,1,5,8,8,4,5,3
"2668",5,"GB",69,1,5,6,6,5,1,3,8,5,5,4,3
"2669",5,"GB",38,1,6,1,10,5,1,5,8,8,6,5,1
"2670",4,"GB",62,2,5,1,8,5,1,5,10,2,2,5,4
"2671",4,"GB",78,2,1,6,4,5,1,4,8,0,4,4,5
"2672",4,"GB",51,2,7,1,7,5,2,3,8,5,4,4,3
"2673",4,"GB",84,1,3,6,2,3,1,3,3,7,4,4,3
"2674",4,"GB",65,1,4,1,7,5,2,2,5,0,3,4,3
"2675",5,"GB",43,2,5,1,5,5,2,5,10,10,3,5,2
"2676",3,"GB",75,2,4,6,3,5,1,3,4,8,3,5,3
"2677",4,"GB",74,1,6,1,5,5,1,5,7,0,4,3,4
"2678",4,"GB",57,2,4,5,4,5,4,2,3,0,5,2,3
"2679",4,"GB",70,2,4,6,4,5,1,4,8,4,5,6,2
"2680",6,"GB",60,1,7,1,10,5,1,2,4,5,4,5,4
"2681",4,"GB",62,1,1,5,3,1,3,1,0,2,2,2,5
"2682",4,"GB",48,2,4,8,1,5,2,3,8,2,5,4,2
"2683",5,"GB",42,1,6,1,10,5,1,3,5,5,3,5,2
"2684",4,"GB",77,2,4,6,5,5,2,2,10,10,5,6,3
"2685",4,"GB",54,2,3,1,9,4,2,3,7,8,5,5,2
"2686",4,"GB",62,1,4,1,10,4,1,3,7,6,3,5,2
"2687",4,"GB",64,2,5,1,9,5,1,3,7,5,4,5,4
"2688",4,"GB",36,2,4,1,3,5,2,3,3,7,2,1,3
"2689",1,"GB",68,1,7,6,7,5,1,3,7,8,5,5,2
"2690",3,"GB",36,2,5,1,9,5,1,4,9,9,3,5,3
"2691",4,"GB",79,2,5,6,3,5,1,4,9,4,4,5,3
"2692",1,"GB",76,1,6,6,4,5,2,2,5,7,2,5,4
"2693",1,"GB",72,2,2,8,9,5,1,3,7,0,6,6,2
"2694",4,"GB",60,2,7,1,6,5,2,5,7,9,6,5,2
"2695",4,"GB",78,2,5,6,5,4,1,2,2,7,3,6,4
"2696",4,"GB",61,2,4,8,7,5,1,3,7,0,1,0,5
"2697",5,"GB",62,2,4,1,5,5,2,3,8,3,6,6,2
"2698",4,"GB",57,1,7,1,10,5,1,4,8,2,5,4,3
"2699",6,"GB",70,2,4,6,9,3,1,2,5,7,4,4,3
"2700",4,"GB",70,2,5,1,88,5,2,5,10,0,4,4,3
"2701",4,"GB",62,1,6,6,5,5,1,3,4,7,4,3,3
"2702",4,"GB",90,2,1,6,4,1,2,3,5,4,2,4,3
"2703",3,"GB",71,2,6,6,5,5,1,5,8,10,4,6,1
"2704",5,"GB",54,1,6,1,10,5,1,4,6,5,2,4,3
"2705",3,"GB",61,2,7,3,1,1,3,4,5,5,3,3,4
"2706",4,"GB",58,1,7,1,8,5,1,4,8,8,3,4,3
"2707",4,"GB",59,1,7,1,8,5,1,3,7,0,4,5,3
"2708",5,"GB",63,2,6,1,10,5,1,4,8,3,6,6,2
"2709",7,"GB",29,1,4,1,5,5,2,3,5,5,4,3,5
"2710",4,"GB",64,2,6,1,4,5,3,2,1,2,3,4,4
"2711",1,"GB",89,2,2,6,3,5,1,4,6,5,4,2,2
"2712",6,"GB",79,1,1,6,4,5,2,1,0,10,3,4,5
"2713",1,"GB",27,1,4,3,88,5,2,4,2,7,2,1,9
"2714",4,"GB",36,2,6,1,4,5,1,5,6,0,4,5,2
"2715",6,"GB",78,2,2,6,8,4,1,3,10,5,4,5,3
"2716",1,"GB",78,2,2,8,3,5,1,4,8,9,3,4,3
"2717",5,"GB",35,1,4,1,5,5,1,3,3,10,5,4,5
"2718",4,"GB",34,1,5,1,8,5,1,1,0,5,3,3,2
"2719",4,"GB",65,2,4,1,8,4,2,3,10,0,4,6,4
"2720",5,"GB",62,2,5,1,10,5,1,4,8,1,4,4,3
"2721",4,"GB",54,2,5,1,10,5,1,3,5,8,3,5,4
"2722",5,"GB",54,1,5,1,10,5,1,3,6,3,3,5,4
"2723",4,"GB",57,1,7,1,8,5,1,3,7,4,4,4,3
"2724",5,"GB",66,2,5,8,5,5,1,3,8,6,5,4,4
"2725",5,"GB",69,2,5,1,88,3,2,3,4,7,5,5,3
"2726",4,"GB",60,2,3,1,6,5,2,4,6,5,4,3,4
"2727",5,"GB",50,2,7,1,10,5,1,4,8,6,5,5,2
"2728",4,"GB",70,2,4,1,77,2,2,3,5,5,1,5,3
"2729",4,"GB",57,1,7,1,9,5,1,4,7,2,4,5,5
"2730",1,"GB",70,2,5,6,8,5,1,3,6,2,3,5,3
"2731",7,"GB",67,2,5,5,2,4,3,3,6,3,2,3,4
"2732",1,"GB",59,2,5,1,5,5,1,3,8,5,5,5,1
"2733",4,"GB",31,2,6,1,1,5,2,4,5,5,5,5,4
"2734",4,"GB",53,2,5,1,7,5,3,4,10,0,5,3,4
"2735",1,"GB",59,2,2,8,4,5,2,4,8,2,3,5,3
"2736",4,"GB",69,1,1,6,5,5,3,1,5,5,3,1,5
"2737",4,"GB",41,1,4,1,5,4,1,2,7,7,2,4,4
"2738",4,"GB",36,1,7,1,8,5,1,4,9,8,2,6,2
"2739",4,"GB",71,2,6,6,5,5,1,2,2,3,5,6,2
"2740",4,"GB",76,1,6,6,4,4,1,4,9,2,4,1,3
"2741",4,"GB",43,2,7,1,9,5,1,3,6,6,3,5,4
"2742",1,"GB",59,2,1,1,1,5,3,3,8,9,3,3,5
"2743",4,"GB",35,1,6,1,4,5,2,3,6,7,2,5,3
"2744",4,"GB",26,2,6,1,3,5,2,3,4,0,3,4,4
"2745",4,"GB",63,1,6,6,4,5,1,4,3,7,4,4,2
"2746",4,"GB",78,2,6,6,88,3,1,3,6,5,4,6,3
"2747",2,"GB",67,1,6,1,7,5,1,5,2,6,5,3,3
"2748",1,"GB",65,2,7,1,77,5,1,4,10,5,3,4,4
"2749",2,"GB",65,1,7,6,8,5,1,4,8,1,6,5,2
"2750",5,"GB",62,2,7,1,2,4,2,3,5,3,3,5,3
"2751",5,"GB",38,1,6,1,9,5,1,2,6,7,2,3,2
"2752",6,"GB",76,2,6,6,6,5,1,4,8,2,5,4,3
"2753",5,"GB",67,2,7,8,3,4,2,3,8,8,4,4,3
"2754",6,"GB",77,2,4,6,4,5,3,4,7,7,4,5,3
"2755",4,"GB",63,2,6,1,3,5,1,3,7,7,5,5,3
"2756",1,"GB",42,2,5,3,2,5,3,3,6,9,0,1,4
"2757",4,"GB",56,2,5,8,2,5,2,3,7,9,5,4,3
"2758",6,"GB",35,2,5,4,2,5,2,3,5,5,3,3,3
"2759",4,"GB",44,2,6,1,8,5,1,3,7,9,4,3,3
"2760",4,"GB",78,2,7,6,3,5,2,4,8,10,5,4,3
"2761",4,"GB",68,2,5,6,6,5,2,5,9,0,4,4,4
"2762",1,"GB",38,2,7,1,4,5,3,3,9,5,4,5,3
"2763",4,"GB",67,1,4,1,5,5,3,5,7,7,3,3,4
"2764",4,"GB",72,1,3,6,7,5,1,3,5,0,3,2,3
"2765",4,"GB",51,1,7,1,6,5,2,4,8,3,3,5,2
"2766",4,"GB",69,2,1,6,77,5,1,3,8,1,3,4,4
"2767",4,"GB",29,2,3,1,8,5,2,2,2,2,3,3,3
"2768",4,"GB",49,2,4,8,1,4,2,3,5,5,3,2,3
"2769",4,"GB",85,2,3,6,8,4,1,4,9,8,6,6,3
"2770",1,"GB",66,2,6,1,5,5,1,4,10,5,3,5,3
"2771",4,"GB",48,1,6,1,7,5,3,3,7,7,3,4,3
"2772",3,"GB",41,2,6,1,8,5,2,3,5,4,3,4,3
"2773",1,"GB",49,2,4,1,6,5,3,3,8,9,4,4,3
"2774",1,"GB",71,2,55,6,7,5,1,5,10,7,4,2,3
"2775",4,"GB",52,1,4,1,5,5,3,3,5,3,2,3,3
"2776",4,"GB",80,2,7,2,2,5,2,3,7,6,6,5,3
"2777",4,"GB",68,1,5,6,2,2,3,2,0,3,1,3,4
"2778",5,"GB",69,1,4,6,1,4,2,2,5,7,2,2,4
"2779",4,"GB",48,2,6,1,10,5,1,3,7,7,4,6,3
"2780",1,"GB",72,1,6,6,9,5,1,3,7,4,5,5,3
"2781",3,"GB",56,2,7,1,10,5,1,5,10,8,4,6,1
"2782",4,"GB",49,2,7,8,10,5,1,4,8,6,4,4,2
"2783",4,"GB",85,1,3,6,4,3,1,5,7,0,4,6,2
"2784",4,"GB",45,1,6,1,9,5,1,3,6,4,3,4,3
"2785",4,"GB",56,1,7,5,3,5,2,4,6,6,4,5,3
"2786",4,"GB",39,1,5,1,10,5,1,1,0,5,3,0,5
"2787",5,"GB",71,2,7,1,10,5,1,5,10,9,6,6,3
"2788",4,"GB",59,1,6,1,8,5,2,2,7,0,4,5,5
"2789",4,"GB",33,2,7,1,10,5,2,3,4,2,3,3,3
"2790",3,"GB",81,1,7,6,9,5,1,5,10,7,5,5,2
"2791",4,"GB",64,1,6,1,8,5,1,3,8,5,3,3,3
"2792",4,"GB",66,2,7,6,5,5,2,4,8,3,3,4,3
"2793",4,"GB",29,2,6,1,9,5,2,3,5,7,99,99,9
"2794",3,"GB",34,2,6,1,4,5,1,5,7,6,3,2,3
"2795",3,"GB",59,2,5,1,6,5,1,3,5,10,3,5,3
"2796",1,"GB",999,1,6,99,77,5,2,2,2,7,2,3,3
"2797",4,"GB",58,1,3,1,9,5,1,4,8,5,4,4,2
"2798",4,"GB",68,2,4,6,88,5,1,3,8,3,3,4,3
"2799",4,"GB",50,2,4,1,2,5,2,3,6,8,4,6,4
"2800",1,"GB",76,1,2,6,4,4,1,3,5,4,3,4,3
"2801",5,"GB",75,1,4,1,9,5,2,4,7,2,4,3,3
"2802",4,"GB",67,1,5,4,1,5,2,2,3,7,4,3,4
"2803",1,"GB",82,2,1,6,5,5,1,5,7,5,5,5,3
"2804",7,"GB",67,2,4,3,1,5,3,3,7,9,5,5,3
"2805",6,"GB",68,2,5,6,88,5,1,3,7,6,3,4,2
"2806",4,"GB",88,2,1,1,3,5,2,3,8,3,5,5,2
"2807",3,"GB",58,2,2,1,4,5,2,3,10,10,5,6,4
"2808",4,"GB",37,2,7,1,4,5,1,5,10,2,1,6,5
"2809",5,"GB",26,2,6,4,1,5,3,5,10,3,2,2,2
"2810",4,"GB",74,1,7,1,7,5,1,3,7,9,4,5,2
"2811",1,"GB",70,2,5,1,6,5,1,3,5,5,3,4,3
"2812",6,"GB",80,1,1,6,2,4,2,3,5,4,3,2,3
"2813",3,"GB",73,2,5,6,6,4,1,2,0,8,2,2,4
"2814",4,"GB",57,1,5,1,88,5,8,1,1,0,4,5,4
"2815",7,"GB",85,2,1,6,5,5,2,5,9,99,5,1,2
"2816",6,"GB",83,2,2,6,10,4,1,3,6,99,4,99,3
"2817",4,"GB",48,1,4,1,6,5,2,5,7,8,3,2,4
"2818",4,"GB",23,1,5,1,88,5,2,2,3,6,3,2,4
"2819",3,"GB",84,1,6,1,4,5,1,5,8,7,4,4,2
"2820",4,"GB",81,2,6,6,8,5,1,5,9,10,4,6,2
"2821",3,"GB",71,2,4,6,1,5,2,5,10,9,4,3,3
"2822",5,"GB",64,1,7,1,10,4,1,2,6,5,3,4,5
"2823",4,"GB",78,2,1,6,2,5,3,3,6,8,3,0,4
"2824",4,"GB",42,2,4,1,1,5,2,2,3,7,2,4,4
"2825",6,"GB",64,2,7,1,3,5,2,4,10,8,1,2,3
"2826",1,"GB",55,2,2,1,5,5,2,3,6,5,3,5,3
"2827",1,"GB",60,2,7,1,10,5,1,5,10,2,6,5,1
"2828",4,"GB",29,2,6,1,7,5,1,4,7,8,5,4,3
"2829",6,"GB",79,1,6,6,5,5,1,1,2,3,4,6,4
"2830",4,"GB",79,2,1,8,2,5,1,3,8,9,5,4,3
"2831",5,"GB",64,2,5,1,6,4,1,3,5,6,5,5,3
"2832",1,"GB",49,2,6,1,7,5,2,2,5,6,3,3,3
"2833",1,"GB",49,2,7,1,10,5,1,5,10,10,3,2,2
"2834",7,"GB",76,1,4,6,2,5,2,5,9,0,5,5,4
"2835",3,"GB",60,2,3,1,4,5,2,3,5,10,0,3,4
"2836",4,"GB",48,1,5,3,3,5,4,1,0,5,2,0,4
"2837",4,"GB",53,2,6,1,10,5,2,3,7,3,5,5,3
"2838",1,"GB",68,1,1,1,6,5,2,2,2,6,5,5,3
"2839",4,"GB",48,2,6,1,8,5,2,3,10,5,4,4,5
"2840",3,"GB",45,2,6,5,1,5,3,4,8,4,2,2,3
"2841",4,"GB",54,2,6,5,1,5,2,3,8,2,4,4,5
"2842",4,"GB",62,1,4,1,8,5,1,1,0,7,3,3,5
"2843",4,"GB",45,2,5,1,7,5,2,3,5,2,5,4,4
"2844",4,"GB",66,2,6,1,10,5,1,3,8,6,4,4,3
"2845",4,"GB",61,2,6,6,8,5,1,3,8,4,2,5,3
"2846",4,"GB",36,2,6,8,8,5,1,3,6,4,4,4,4
"2847",5,"GB",52,1,4,1,7,5,1,4,6,6,4,5,4
"2848",4,"GB",58,2,1,1,4,5,2,3,6,4,3,5,3
"2849",4,"GB",68,1,4,1,4,5,2,2,5,5,2,3,4
"2850",1,"GB",63,1,6,1,9,5,1,5,10,4,3,2,1
"2851",5,"GB",81,1,1,6,10,4,1,4,5,7,3,5,3
"2852",6,"GB",71,1,6,6,7,5,2,5,9,7,4,0,3
"2853",4,"GB",53,1,6,1,9,5,2,3,6,3,5,5,4
"2854",1,"GB",44,2,5,1,10,5,1,5,9,8,4,5,2
"2855",5,"GB",44,1,7,1,7,5,2,4,8,9,4,4,3
"2856",1,"GB",77,2,7,6,1,5,3,5,8,10,6,3,3
"2857",3,"GB",54,1,2,1,6,5,2,3,7,6,4,4,3
"2858",4,"GB",56,1,4,1,4,4,2,3,5,4,1,3,3
"2859",4,"GB",39,2,6,1,9,5,2,3,5,6,3,3,3
"2860",4,"GB",34,2,7,1,7,5,2,4,10,7,6,4,3
"2861",4,"GB",72,2,6,8,1,5,3,2,4,7,3,4,4
"2862",4,"GB",59,1,5,1,9,5,1,4,8,7,6,5,2
"2863",3,"GB",27,2,6,1,9,5,1,4,7,7,3,5,2
"2864",4,"GB",59,2,6,1,7,5,1,3,5,5,6,6,3
"2865",5,"GB",38,1,7,1,10,5,1,3,7,8,4,4,2
"2866",4,"GB",76,1,2,6,2,5,1,3,5,8,4,5,2
"2867",4,"GB",36,1,6,3,2,5,3,3,6,7,0,0,5
"2868",4,"GB",83,2,1,6,1,4,2,3,5,7,4,4,3
"2869",4,"GB",81,1,7,6,7,1,1,1,0,3,4,5,4
"2870",1,"GB",74,1,5,6,8,5,1,3,8,7,3,4,3
"2871",4,"GB",43,1,6,1,5,5,2,3,8,5,4,5,3
"2872",1,"GB",73,1,4,6,1,5,2,4,7,5,1,2,3
"2873",4,"GB",76,2,4,6,2,4,1,4,9,8,3,5,2
"2874",1,"GB",64,1,4,6,2,4,2,2,5,4,2,3,4
"2875",4,"GB",62,1,2,1,3,4,1,3,7,3,2,3,3
"2876",4,"GB",36,2,6,1,10,5,1,5,6,2,4,4,4
"2877",6,"GB",40,2,6,8,10,5,1,4,8,5,2,3,3
"2878",4,"GB",69,1,3,1,7,5,1,3,8,4,3,5,3
"2879",1,"GB",48,2,2,8,9,5,2,5,6,0,4,5,4
"2880",4,"GB",56,2,7,2,1,5,4,2,5,5,3,99,3
"2881",4,"GB",55,2,4,1,5,5,1,3,8,10,4,6,2
"2882",1,"GB",61,1,1,3,5,2,4,3,8,6,4,3,4
"2883",4,"GB",53,2,3,1,4,5,1,4,10,6,4,3,4
"2884",1,"GB",58,1,2,1,6,5,1,4,8,4,4,5,2
"2885",4,"GB",61,1,4,5,2,4,3,3,7,6,1,1,2
"2886",4,"GB",32,2,6,8,10,5,1,3,8,8,5,5,3
"2887",1,"GB",68,1,88,6,4,4,1,2,5,8,4,3,4
"2888",4,"GB",37,2,7,8,3,5,1,2,8,99,1,5,4
"2889",4,"GB",55,2,5,1,3,5,2,2,5,5,4,4,4
"2890",4,"GB",73,1,5,6,6,5,1,2,5,8,3,6,4
"2891",1,"GB",60,1,2,1,4,5,1,2,5,7,5,6,3
"2892",5,"GB",61,2,7,1,9,5,1,3,6,4,0,2,4
"2893",3,"GB",85,1,7,6,6,5,1,5,10,5,3,3,3
"2894",1,"GB",62,1,4,1,5,5,2,3,7,9,3,3,3
"2895",4,"GB",67,2,6,6,6,5,1,4,7,2,4,3,3
"2896",4,"GB",73,2,7,6,5,4,1,3,6,9,5,3,2
"2897",1,"GB",45,2,7,1,3,5,1,5,10,6,4,2,2
"2898",4,"GB",33,1,5,1,7,5,2,3,7,8,2,5,3
"2899",4,"GB",67,2,7,8,5,5,1,1,0,0,4,5,4
"2900",4,"GB",71,2,2,6,5,5,2,4,8,8,5,2,4
"2901",4,"GB",65,2,6,1,6,5,1,3,8,8,4,4,2
"2902",4,"GB",59,2,2,5,1,5,3,3,7,5,5,2,4
"2903",4,"GB",58,1,6,1,5,4,2,3,3,0,4,4,2
"2904",1,"GB",75,2,6,6,4,5,2,5,8,4,6,2,3
"2905",1,"GB",62,2,7,1,6,5,2,4,8,8,4,5,3
"2906",4,"GB",82,1,1,6,9,5,1,1,4,7,3,3,3
"2907",6,"GB",61,2,7,1,9,5,1,1,0,6,3,4,4
"2908",4,"GB",70,1,7,1,9,5,1,2,0,5,1,4,1
"2909",4,"GB",31,2,6,1,5,5,1,4,9,2,3,4,4
"2910",4,"GB",38,2,7,1,4,5,1,4,8,3,2,4,4
"2911",5,"GB",51,1,5,1,8,5,2,3,4,5,1,2,3
"2912",5,"GB",64,2,4,4,9,5,2,3,7,5,4,3,4
"2913",4,"GB",33,2,7,3,5,5,2,3,4,1,2,4,3
"2914",1,"GB",68,2,5,6,1,5,2,3,5,2,5,5,3
"2915",4,"GB",45,1,88,1,6,5,4,5,0,0,3,3,5
"2916",5,"GB",43,2,6,2,7,5,3,3,6,3,3,2,3
"2917",4,"GB",65,1,1,1,2,5,1,3,10,2,6,0,5
"2918",3,"GB",52,1,7,1,9,5,2,4,8,5,5,4,3
"2919",4,"HU",63,1,5,1,7,3,2,4,8,8,4,4,2
"2920",2,"HU",60,1,2,1,4,4,2,4,5,4,2,2,3
"2921",6,"HU",61,2,6,1,10,5,2,4,8,3,2,3,3
"2922",3,"HU",68,1,99,99,7,3,3,4,5,8,3,3,4
"2923",2,"HU",63,2,99,99,77,4,1,3,10,5,4,4,3
"2924",4,"HU",52,1,99,99,99,5,1,2,4,8,3,4,3
"2925",6,"HU",74,2,99,99,2,2,3,4,5,8,2,3,3
"2926",7,"HU",54,2,99,99,7,4,2,4,6,5,3,3,4
"2927",4,"HU",65,1,99,99,8,4,2,4,5,7,3,3,2
"2928",3,"HU",35,2,4,9,6,4,3,3,6,10,3,4,3
"2929",6,"HU",71,1,3,6,9,5,2,5,8,8,4,5,3
"2930",2,"HU",55,2,4,1,9,4,1,3,1,4,4,3,2
"2931",5,"HU",64,2,99,99,77,5,2,4,8,5,4,3,3
"2932",1,"HU",33,1,3,1,2,5,3,3,5,5,3,3,3
"2933",4,"HU",75,1,7,1,88,5,2,3,5,6,4,5,3
"2934",3,"HU",36,2,2,8,2,5,3,3,4,3,0,3,4
"2935",4,"HU",70,1,3,6,5,4,2,3,8,8,4,6,5
"2936",3,"HU",46,1,3,1,8,2,2,4,10,2,3,2,3
"2937",3,"HU",54,1,99,99,3,5,3,5,7,5,2,5,4
"2938",4,"HU",47,2,99,99,10,5,1,4,7,4,5,4,2
"2939",4,"HU",53,2,5,1,7,5,2,4,0,5,5,3,3
"2940",2,"HU",46,1,99,99,2,5,2,4,10,3,2,4,3
"2941",4,"HU",81,2,99,99,5,3,1,3,3,5,5,4,4
"2942",3,"HU",46,2,3,1,8,4,2,2,10,10,5,5,3
"2943",4,"HU",36,1,4,1,77,5,2,4,10,5,3,2,3
"2944",1,"HU",58,2,99,99,7,5,2,3,5,7,3,5,3
"2945",9,"HU",58,2,3,1,7,5,2,3,5,7,3,3,4
"2946",2,"HU",42,2,99,99,99,5,9,3,5,7,3,2,5
"2947",4,"HU",31,1,99,99,8,5,4,1,5,5,3,1,4
"2948",3,"HU",28,2,7,1,77,5,2,4,7,9,4,5,3
"2949",4,"HU",76,2,3,6,77,4,2,4,99,6,3,4,3
"2950",3,"HU",54,2,4,1,77,5,2,4,8,3,4,3,4
"2951",4,"HU",40,2,3,8,6,4,2,4,7,8,4,6,3
"2952",1,"HU",22,1,99,99,7,3,2,5,7,0,2,0,1
"2953",4,"HU",32,2,99,99,7,5,2,4,6,7,3,0,5
"2954",4,"HU",52,1,99,99,9,5,3,4,10,3,2,5,2
"2955",6,"HU",76,2,4,6,1,5,2,3,10,5,6,5,2
"2956",2,"HU",62,2,5,1,8,5,2,4,7,4,3,3,4
"2957",3,"HU",59,1,6,5,77,3,2,4,6,2,4,6,3
"2958",2,"HU",63,1,3,1,6,5,3,3,5,7,0,5,3
"2959",2,"HU",52,1,4,3,7,2,1,3,6,6,3,4,3
"2960",4,"HU",68,2,99,99,10,5,2,4,9,4,5,6,3
"2961",2,"HU",58,1,99,99,4,5,2,4,5,7,3,4,3
"2962",4,"HU",60,1,99,99,3,5,2,3,5,2,3,6,5
"2963",1,"HU",71,2,6,6,2,3,2,4,8,8,3,5,3
"2964",3,"HU",71,2,99,99,10,5,3,5,7,4,3,4,3
"2965",2,"HU",43,2,4,1,6,5,2,4,6,6,4,5,3
"2966",2,"HU",53,2,4,1,8,5,2,3,7,3,0,3,3
"2967",3,"HU",61,2,99,99,3,5,2,4,7,8,2,4,3
"2968",3,"HU",45,2,6,1,10,5,2,3,5,4,3,2,2
"2969",4,"HU",23,1,99,99,3,5,1,3,7,6,3,5,3
"2970",1,"HU",57,2,3,1,4,5,2,4,9,7,5,6,4
"2971",4,"HU",47,2,3,1,8,4,1,3,7,5,3,4,3
"2972",2,"HU",53,2,3,1,1,5,2,1,3,9,3,6,3
"2973",4,"HU",50,1,99,99,99,3,2,3,5,5,0,5,3
"2974",4,"HU",53,2,99,99,10,5,2,3,6,5,4,5,2
"2975",2,"HU",79,2,99,99,1,2,4,4,2,4,3,3,3
"2976",3,"HU",51,1,6,1,4,5,2,3,7,7,1,4,3
"2977",4,"HU",35,1,99,99,4,5,2,3,5,10,0,3,5
"2978",2,"HU",51,1,99,99,2,5,3,5,5,5,1,2,4
"2979",1,"HU",55,2,99,99,2,4,3,4,9,9,3,5,1
"2980",3,"HU",33,2,99,99,9,5,2,3,6,7,2,2,4
"2981",4,"HU",74,2,3,6,2,5,2,3,4,8,4,5,2
"2982",1,"HU",39,1,5,1,10,5,2,4,7,7,1,1,5
"2983",1,"HU",37,2,3,1,8,5,2,3,6,10,3,5,3
"2984",4,"HU",38,1,4,1,3,5,2,5,10,0,6,5,4
"2985",4,"HU",59,1,5,1,5,5,2,2,5,6,6,5,2
"2986",7,"HU",49,2,99,99,10,5,1,4,10,0,2,3,4
"2987",4,"HU",40,2,6,1,77,4,1,5,8,5,4,1,2
"2988",6,"HU",63,2,99,99,10,5,2,4,5,7,6,5,3
"2989",3,"HU",68,2,99,99,4,3,1,4,8,7,4,3,3
"2990",2,"HU",56,1,99,99,7,4,2,3,6,5,2,3,3
"2991",1,"HU",49,2,2,5,5,4,3,2,10,10,0,0,4
"2992",1,"HU",80,2,7,6,5,5,2,4,9,8,4,5,3
"2993",3,"HU",57,2,4,1,2,5,4,5,10,5,4,3,3
"2994",1,"HU",51,1,4,1,77,4,1,3,5,7,5,5,2
"2995",3,"HU",56,2,3,1,77,4,2,3,5,8,6,4,4
"2996",3,"HU",45,1,6,1,77,4,2,4,10,7,3,5,3
"2997",1,"HU",41,2,4,1,7,5,2,4,10,10,3,3,3
"2998",4,"HU",81,1,7,6,77,5,1,3,8,7,4,5,2
"2999",6,"HU",66,2,4,6,77,5,1,3,8,9,4,5,3
"3000",6,"HU",78,2,5,6,3,5,3,3,8,8,5,5,3
"3001",1,"HU",66,2,99,99,10,5,2,4,8,5,5,3,9
"3002",4,"HU",60,1,7,1,10,5,1,2,1,9,5,4,2
"3003",4,"HU",23,1,4,2,8,4,2,3,10,0,2,6,3
"3004",4,"HU",39,2,4,1,3,5,2,3,4,7,2,6,4
"3005",1,"HU",34,2,4,1,3,5,2,3,5,5,2,3,4
"3006",2,"HU",71,2,3,6,77,3,2,4,5,4,4,6,3
"3007",2,"HU",42,1,99,99,10,5,3,3,10,5,0,0,3
"3008",4,"HU",50,2,3,1,88,5,2,3,7,5,5,4,3
"3009",1,"HU",38,2,5,9,6,5,2,4,10,8,4,5,4
"3010",4,"HU",43,1,99,99,10,5,1,3,4,6,2,5,3
"3011",4,"HU",70,1,99,99,8,5,2,4,2,8,4,4,4
"3012",4,"HU",67,2,99,99,3,5,2,4,8,7,4,5,2
"3013",4,"HU",70,2,4,6,6,5,2,4,8,99,2,4,3
"3014",4,"HU",68,1,99,99,77,5,2,3,6,9,5,5,3
"3015",2,"HU",51,2,4,1,3,5,3,4,10,4,5,2,4
"3016",4,"HU",57,2,99,99,10,4,3,4,9,6,2,4,3
"3017",1,"HU",48,2,3,1,77,5,2,4,8,9,4,4,4
"3018",1,"HU",32,2,2,9,3,5,2,3,6,4,3,4,3
"3019",5,"HU",76,1,99,99,77,5,1,1,0,3,1,6,2
"3020",2,"HU",35,1,7,1,77,5,2,3,6,7,5,5,3
"3021",3,"HU",61,2,4,6,1,5,2,4,10,8,2,4,3
"3022",2,"HU",34,2,99,99,1,5,3,3,9,4,0,3,3
"3023",4,"HU",70,1,99,99,10,5,2,4,5,99,3,4,4
"3024",2,"HU",53,2,3,1,8,5,2,5,10,8,4,5,3
"3025",3,"HU",75,2,99,99,99,5,3,3,8,6,3,4,3
"3026",4,"HU",64,1,4,1,77,5,2,4,9,3,5,3,2
"3027",4,"HU",54,2,5,1,10,5,2,4,8,0,2,5,3
"3028",6,"HU",65,2,4,1,7,4,2,3,7,5,4,4,2
"3029",4,"HU",78,1,99,99,10,5,1,3,9,9,3,6,2
"3030",4,"HU",22,2,2,99,77,5,2,3,4,2,4,3,3
"3031",1,"HU",64,2,99,99,4,3,3,3,6,6,4,4,3
"3032",2,"HU",59,2,99,99,77,4,3,4,2,6,3,5,3
"3033",1,"HU",41,2,99,99,8,5,2,4,5,7,0,6,3
"3034",4,"HU",44,1,99,99,10,5,2,3,6,3,6,5,3
"3035",3,"HU",76,1,5,6,4,5,2,4,5,8,3,5,3
"3036",4,"HU",58,1,99,99,77,5,1,3,5,2,5,4,4
"3037",4,"HU",42,2,3,8,7,5,2,3,5,7,5,6,3
"3038",5,"HU",41,1,6,1,10,5,2,5,10,0,0,4,3
"3039",6,"HU",61,2,3,4,1,5,4,4,5,5,0,3,3
"3040",1,"HU",60,1,3,1,8,5,1,3,6,3,2,4,3
"3041",3,"HU",27,1,4,2,5,5,2,3,7,9,5,5,2
"3042",7,"HU",45,1,99,99,77,5,2,3,6,9,4,3,2
"3043",2,"HU",57,2,3,1,4,5,3,4,5,5,1,5,3
"3044",2,"HU",78,1,99,99,2,5,4,5,10,8,2,0,1
"3045",6,"HU",76,1,99,99,1,4,3,4,6,5,6,2,3
"3046",2,"HU",65,2,99,99,9,5,2,3,7,9,4,5,2
"3047",7,"HU",45,2,99,99,10,5,1,4,10,6,4,6,4
"3048",4,"HU",50,1,99,99,8,5,2,2,2,9,1,5,2
"3049",4,"HU",37,2,7,9,8,5,2,4,7,4,4,4,4
"3050",3,"HU",67,2,2,1,4,5,3,3,7,8,4,4,2
"3051",4,"HU",59,2,6,1,77,5,2,4,8,6,4,5,4
"3052",5,"HU",52,1,6,1,8,5,1,4,5,4,5,5,3
"3053",4,"HU",53,2,4,1,88,5,2,4,6,3,4,3,3
"3054",4,"HU",57,2,5,1,10,5,2,3,5,5,4,6,3
"3055",2,"HU",37,1,6,1,10,5,1,4,8,7,2,4,5
"3056",4,"HU",44,1,99,99,77,5,3,4,5,8,1,5,3
"3057",3,"HU",71,2,5,6,2,5,2,4,6,6,2,4,2
"3058",3,"HU",51,2,4,1,10,5,2,1,6,3,3,4,3
"3059",4,"HU",60,1,4,1,4,5,3,4,9,5,4,4,3
"3060",1,"HU",24,2,99,99,77,5,3,3,7,5,1,3,3
"3061",2,"HU",62,1,4,8,77,4,3,4,6,5,2,5,5
"3062",7,"HU",53,2,99,99,8,5,2,4,6,5,3,4,3
"3063",3,"HU",57,2,99,99,9,4,2,3,5,2,4,4,3
"3064",1,"HU",72,2,99,99,77,5,2,4,7,2,1,3,3
"3065",3,"HU",47,2,99,99,1,5,9,3,3,7,4,4,4
"3066",1,"HU",75,2,99,99,1,4,3,3,0,10,4,6,4
"3067",1,"HU",69,1,4,1,6,3,2,4,7,7,2,4,4
"3068",4,"HU",57,1,7,1,4,5,2,4,7,6,2,5,3
"3069",2,"HU",23,1,4,2,2,5,2,5,5,4,3,3,4
"3070",2,"HU",78,1,99,99,77,1,4,5,10,10,4,0,5
"3071",2,"HU",74,2,4,6,3,5,2,5,6,5,6,4,3
"3072",1,"HU",39,1,99,99,4,5,2,3,3,8,6,5,3
"3073",2,"HU",70,1,99,99,10,4,2,3,6,5,5,5,3
"3074",2,"HU",65,2,99,99,9,5,2,4,10,4,2,5,5
"3075",4,"HU",66,1,99,99,4,2,2,4,8,7,4,3,3
"3076",3,"HU",49,1,99,99,7,5,2,3,7,8,5,5,3
"3077",4,"HU",59,2,99,99,8,5,2,3,5,0,0,99,3
"3078",3,"HU",68,2,3,6,6,5,2,2,3,8,6,5,3
"3079",7,"HU",36,1,99,99,10,5,2,3,6,7,5,4,4
"3080",4,"HU",73,1,99,99,1,5,4,4,7,2,2,4,3
"3081",4,"HU",50,2,7,1,10,5,1,5,5,7,3,2,5
"3082",5,"HU",62,1,99,99,8,5,2,3,7,3,4,4,2
"3083",3,"HU",25,1,4,4,88,5,2,4,7,3,4,4,2
"3084",1,"HU",38,1,4,1,10,5,2,3,7,3,5,4,3
"3085",4,"HU",76,1,4,6,77,3,2,3,5,8,2,3,9
"3086",4,"HU",62,1,3,1,8,5,2,3,7,3,0,3,3
"3087",4,"HU",49,2,7,1,8,5,2,3,7,2,2,3,3
"3088",1,"HU",70,2,3,6,5,4,2,4,5,8,3,5,4
"3089",3,"HU",24,2,99,99,5,5,1,3,6,8,4,3,3
"3090",3,"HU",78,2,99,99,2,5,2,4,6,9,5,5,1
"3091",3,"HU",81,1,99,99,10,5,1,4,2,7,3,4,4
"3092",1,"HU",65,1,4,1,77,5,2,3,3,6,2,4,3
"3093",6,"HU",70,2,99,99,6,5,2,4,10,10,6,6,2
"3094",4,"HU",45,2,4,1,6,5,2,4,9,9,4,4,3
"3095",1,"HU",26,2,3,3,8,5,2,3,5,5,4,4,3
"3096",1,"HU",51,2,99,99,2,5,3,4,8,3,5,1,4
"3097",5,"HU",50,2,6,1,9,5,1,3,8,8,4,5,4
"3098",4,"HU",64,1,99,99,77,5,9,4,6,5,2,3,4
"3099",6,"HU",77,1,3,6,77,5,2,4,3,5,6,5,3
"3100",4,"HU",70,1,99,99,8,2,2,3,6,8,4,5,3
"3101",4,"HU",54,2,4,1,7,5,2,4,10,8,4,4,3
"3102",4,"HU",72,1,99,99,6,3,2,3,5,5,6,6,2
"3103",4,"HU",25,2,4,2,8,5,2,4,1,2,6,4,4
"3104",4,"HU",48,1,99,99,10,5,2,2,3,5,3,4,2
"3105",3,"HU",28,2,4,1,7,5,2,3,6,10,5,4,3
"3106",1,"HU",72,2,99,99,4,5,2,4,8,5,2,5,3
"3107",4,"HU",34,1,99,99,10,4,2,3,9,8,6,6,3
"3108",3,"HU",78,1,99,99,4,4,3,5,10,8,1,6,3
"3109",3,"HU",42,2,99,99,10,5,1,4,7,4,4,3,2
"3110",4,"HU",54,1,99,99,9,3,2,5,7,7,3,3,2
"3111",2,"HU",79,1,3,6,2,1,3,4,8,5,4,5,4
"3112",4,"HU",80,2,99,99,7,5,2,4,6,5,3,3,3
"3113",6,"HU",80,1,99,99,5,5,2,3,6,7,4,4,2
"3114",5,"HU",48,2,99,99,77,5,1,4,2,5,5,4,4
"3115",1,"HU",51,2,5,1,10,5,2,4,7,7,4,3,3
"3116",4,"HU",67,1,99,99,10,5,2,4,10,9,3,5,9
"3117",3,"HU",39,2,6,1,8,2,1,4,7,8,4,6,3
"3118",4,"HU",73,2,99,99,9,5,2,4,6,3,3,2,9
"3119",3,"HU",44,1,99,99,77,5,3,3,10,8,0,4,3
"3120",2,"HU",26,1,4,1,88,4,3,3,6,5,2,2,3
"3121",4,"HU",31,1,99,99,10,5,3,3,10,7,4,4,4
"3122",3,"HU",76,2,99,99,2,5,2,5,3,7,6,6,2
"3123",4,"HU",55,1,99,99,10,5,2,4,9,3,4,3,4
"3124",1,"HU",32,2,6,8,77,5,1,4,10,8,5,5,1
"3125",4,"HU",48,1,5,1,8,5,2,3,5,5,2,5,4
"3126",4,"HU",70,1,99,99,7,4,2,3,2,7,3,5,4
"3127",4,"HU",51,1,99,99,10,5,2,3,7,6,2,3,3
"3128",3,"HU",22,1,2,2,6,5,2,2,3,8,2,3,2
"3129",4,"HU",45,2,4,1,10,5,2,4,8,8,3,1,3
"3130",1,"HU",67,2,99,99,5,5,2,4,8,2,5,4,4
"3131",4,"HU",72,2,5,6,3,4,3,2,4,8,0,3,4
"3132",1,"HU",77,2,4,6,1,2,3,4,10,8,3,3,3
"3133",3,"HU",81,1,99,99,5,3,2,3,8,5,99,6,3
"3134",5,"HU",74,1,99,99,6,4,2,4,7,6,4,5,2
"3135",1,"HU",53,2,3,1,77,5,2,3,8,6,4,3,3
"3136",3,"HU",26,1,99,99,5,5,2,5,7,8,3,4,3
"3137",4,"HU",62,2,3,1,2,3,2,3,7,5,3,4,3
"3138",6,"HU",66,2,4,6,6,2,2,3,6,5,6,6,4
"3139",4,"HU",27,2,99,99,2,4,2,4,8,2,4,4,3
"3140",3,"HU",49,2,3,1,7,5,3,4,5,3,2,3,4
"3141",2,"HU",84,2,99,99,1,5,2,3,4,9,1,5,4
"3142",1,"HU",43,1,4,1,77,5,2,4,7,6,5,3,2
"3143",1,"HU",57,2,4,1,6,3,1,4,7,5,3,6,2
"3144",4,"HU",43,2,7,1,4,5,2,5,8,4,3,4,2
"3145",4,"HU",25,2,4,1,8,5,2,3,5,4,3,3,3
"3146",4,"HU",999,1,99,99,8,5,2,4,7,6,4,2,3
"3147",1,"HU",65,2,5,6,1,5,4,4,8,5,4,4,4
"3148",1,"HU",59,1,99,99,3,5,2,3,0,7,2,4,2
"3149",4,"HU",33,1,99,99,9,5,2,4,10,3,3,6,3
"3150",1,"HU",53,2,99,99,10,5,2,4,6,8,4,2,4
"3151",3,"HU",80,1,99,99,1,1,9,4,3,6,5,6,2
"3152",2,"HU",76,1,99,99,1,2,4,4,6,10,2,0,3
"3153",1,"HU",41,2,99,99,9,5,2,4,5,5,5,3,4
"3154",4,"HU",47,2,99,99,7,5,2,2,5,0,4,4,3
"3155",4,"HU",80,2,99,99,1,2,2,3,5,1,3,0,3
"3156",6,"HU",67,1,99,99,77,4,2,4,7,2,3,2,4
"3157",6,"HU",75,2,99,99,9,1,2,3,3,5,6,6,2
"3158",1,"HU",51,2,99,99,77,5,3,3,8,7,2,5,3
"3159",1,"HU",67,1,99,99,3,1,4,3,5,4,2,4,3
"3160",1,"HU",65,2,99,99,2,5,4,4,6,5,3,3,3
"3161",2,"HU",68,2,99,99,1,4,2,4,10,5,5,6,3
"3162",2,"HU",35,1,99,99,7,5,4,3,7,2,1,6,5
"3163",5,"HU",80,1,99,99,1,4,2,4,7,5,2,4,4
"3164",6,"HU",56,1,99,99,77,4,2,4,6,3,3,4,4
"3165",1,"HU",72,2,99,99,10,5,2,4,3,4,4,3,4
"3166",4,"HU",56,2,99,99,2,5,4,4,5,0,0,3,5
"3167",4,"HU",65,1,99,99,10,4,2,4,9,7,4,4,4
"3168",3,"HU",62,2,99,99,77,5,2,4,5,2,3,5,3
"3169",6,"HU",72,1,99,99,1,3,3,3,6,4,4,5,4
"3170",6,"HU",69,2,99,99,3,5,2,4,10,10,3,6,2
"3171",4,"HU",57,2,99,99,1,5,4,5,10,5,1,4,5
"3172",4,"HU",48,2,99,99,7,5,2,3,5,99,5,4,3
"3173",6,"HU",30,1,99,99,3,4,1,3,9,9,5,5,2
"3174",4,"HU",53,2,99,99,7,4,3,5,10,0,3,6,5
"3175",1,"HU",80,2,99,99,4,4,2,3,5,5,6,6,2
"3176",3,"HU",50,1,99,99,10,5,2,5,10,5,4,5,3
"3177",3,"HU",74,1,99,99,4,3,2,2,7,8,5,5,1
"3178",4,"HU",49,2,99,99,77,4,3,4,7,8,5,6,4
"3179",3,"HU",31,2,99,99,5,5,3,2,5,5,3,4,3
"3180",2,"HU",60,2,99,99,7,4,2,4,8,6,5,4,3
"3181",4,"HU",31,2,99,99,2,5,2,2,3,3,2,3,4
"3182",2,"HU",71,2,99,99,77,4,2,4,2,8,3,4,3
"3183",3,"HU",67,1,99,99,8,5,2,4,6,9,3,5,9
"3184",1,"HU",36,1,99,99,10,5,2,1,5,5,0,6,5
"3185",7,"HU",30,1,99,99,8,5,2,4,10,8,2,5,3
"3186",4,"HU",75,1,99,99,10,5,2,4,7,5,2,3,4
"3187",1,"HU",81,2,99,99,1,5,4,2,5,4,4,4,3
"3188",4,"HU",56,1,99,99,3,5,2,3,5,7,5,6,2
"3189",4,"HU",22,2,99,99,5,4,3,2,5,5,2,3,3
"3190",3,"HU",33,1,99,99,6,5,2,4,6,10,3,4,2
"3191",2,"HU",70,1,99,99,2,4,2,3,5,8,5,6,1
"3192",4,"HU",56,1,99,99,5,4,2,3,8,5,3,5,3
"3193",3,"HU",42,2,99,99,7,5,2,3,9,8,4,4,9
"3194",2,"HU",69,2,99,99,3,5,2,4,9,4,5,5,4
"3195",2,"HU",999,2,99,99,77,5,2,5,8,3,3,4,3
"3196",3,"HU",39,1,99,99,8,5,2,3,10,3,3,5,4
"3197",1,"HU",39,2,99,99,77,5,2,1,6,10,3,5,3
"3198",4,"HU",59,2,99,99,8,5,2,3,4,8,3,6,3
"3199",2,"HU",34,2,99,99,10,5,2,3,6,6,5,5,2
"3200",1,"HU",38,2,99,99,9,4,2,3,5,5,3,3,5
"3201",4,"HU",47,1,99,99,99,5,1,3,0,0,3,3,3
"3202",1,"HU",48,2,99,99,1,5,4,3,5,5,3,3,3
"3203",4,"HU",43,2,99,99,7,5,2,3,10,5,3,3,4
"3204",1,"HU",73,2,99,99,10,5,1,4,10,8,4,5,2
"3205",4,"HU",60,2,99,99,10,4,2,3,5,10,4,3,3
"3206",1,"HU",30,1,99,99,10,5,2,3,8,8,3,4,3
"3207",3,"HU",86,2,99,99,4,4,2,4,4,4,4,3,9
"3208",3,"HU",36,1,99,99,7,5,2,2,2,2,0,2,4
"3209",4,"HU",24,2,99,99,3,5,1,4,3,1,3,5,3
"3210",1,"HU",83,1,99,99,4,5,2,4,10,5,4,0,9
"3211",5,"HU",35,1,99,99,10,5,1,3,8,8,2,4,2
"3212",1,"HU",86,2,99,99,3,1,3,4,5,8,3,4,3
"3213",1,"HU",64,2,99,99,77,4,2,3,8,5,4,5,3
"3214",4,"HU",64,1,99,99,10,5,1,3,5,5,5,5,3
"3215",4,"HU",63,1,99,99,10,5,1,5,5,5,1,5,2
"3216",4,"HU",44,2,99,99,1,5,3,4,10,6,3,2,5
"3217",1,"HU",43,1,99,99,8,5,2,1,0,5,3,5,3
"3218",4,"HU",999,2,99,99,77,1,9,3,5,1,5,6,1
"3219",3,"HU",35,2,99,99,77,5,1,3,5,3,4,3,3
"3220",3,"HU",30,1,99,99,4,5,2,3,6,6,3,5,2
"3221",4,"HU",35,1,99,99,10,5,2,4,4,4,5,6,4
"3222",4,"HU",69,2,99,99,4,5,3,4,10,10,5,4,3
"3223",4,"HU",30,1,99,99,10,5,3,4,5,3,0,6,2
"3224",7,"HU",62,1,99,99,10,4,2,3,4,6,4,5,3
"3225",4,"HU",999,2,99,99,99,5,9,2,8,9,3,5,3
"3226",4,"HU",47,1,99,99,8,5,2,3,5,6,3,4,3
"3227",3,"HU",38,2,99,99,77,5,2,4,6,8,4,3,2
"3228",4,"HU",74,2,99,99,77,5,1,3,5,8,3,6,3
"3229",2,"HU",65,2,99,99,3,4,3,4,10,7,4,6,3
"3230",4,"HU",52,2,99,99,10,5,2,3,5,3,2,4,3
"3231",4,"HU",37,1,99,99,77,5,3,3,8,7,4,4,4
"3232",4,"HU",39,1,99,99,10,5,1,3,2,1,4,5,3
"3233",9,"HU",22,2,99,99,99,5,1,9,99,4,4,3,5
"3234",4,"HU",56,1,99,99,6,5,3,3,3,6,4,6,3
"3235",1,"HU",39,2,99,99,10,5,2,3,8,8,3,6,2
"3236",1,"HU",74,1,99,99,4,4,2,3,10,5,5,4,3
"3237",5,"HU",57,1,99,99,10,5,1,4,7,10,4,4,4
"3238",2,"HU",43,2,99,99,77,5,2,4,9,2,5,5,2
"3239",3,"HU",69,2,99,99,10,4,1,4,8,8,4,4,1
"3240",3,"HU",66,2,99,99,3,4,3,3,6,5,3,5,3
"3241",3,"HU",43,2,99,99,5,5,2,4,7,6,3,4,4
"3242",3,"HU",50,2,99,99,8,5,2,5,10,5,0,1,5
"3243",7,"HU",27,1,99,99,77,5,2,3,3,4,3,6,2
"3244",2,"HU",57,2,99,99,6,4,2,4,8,3,0,2,4
"3245",3,"HU",50,2,99,99,9,5,2,3,8,7,4,4,3
"3246",1,"HU",49,1,99,99,1,5,4,5,8,6,4,6,2
"3247",4,"HU",64,2,99,99,3,5,4,3,8,99,1,99,3
"3248",6,"HU",80,2,99,99,5,5,2,4,10,10,3,6,2
"3249",4,"HU",54,2,99,99,9,5,2,5,9,0,6,5,5
"3250",3,"HU",75,1,99,99,1,4,2,2,2,10,3,2,3
"3251",2,"HU",51,1,99,99,10,5,1,4,7,7,4,99,3
"3252",1,"HU",81,1,99,99,77,5,2,4,6,10,5,5,2
"3253",4,"HU",66,2,99,99,8,5,2,4,10,6,4,4,3
"3254",4,"HU",70,1,99,99,10,5,1,4,7,8,3,6,3
"3255",4,"HU",48,1,99,99,4,5,4,3,7,4,0,3,3
"3256",4,"HU",35,1,99,99,10,5,1,3,1,3,4,6,4
"3257",1,"HU",29,2,99,99,4,5,3,4,5,4,2,1,4
"3258",3,"HU",37,2,99,99,9,5,2,3,7,8,6,3,3
"3259",3,"HU",68,2,99,99,1,4,4,3,3,8,3,4,3
"3260",5,"HU",69,2,99,99,10,5,1,4,7,5,4,3,3
"3261",4,"HU",38,2,99,99,8,5,2,3,7,5,3,5,4
"3262",6,"HU",63,1,99,99,2,5,2,3,8,3,6,5,3
"3263",6,"HU",85,1,99,99,3,3,2,3,4,8,6,5,2
"3264",1,"HU",51,1,99,99,9,5,2,3,6,4,1,3,3
"3265",4,"HU",82,2,99,99,4,5,2,2,5,99,3,4,3
"3266",3,"HU",49,2,99,99,1,4,4,5,9,5,1,2,4
"3267",3,"HU",36,2,99,99,77,5,3,3,5,0,6,0,9
"3268",1,"HU",46,1,99,99,5,5,2,3,7,3,3,4,3
"3269",3,"HU",58,2,99,99,10,5,1,3,9,8,2,6,2
"3270",3,"HU",70,2,99,99,6,5,4,4,7,7,3,4,4
"3271",5,"HU",47,1,99,99,10,5,2,4,10,10,4,6,3
"3272",1,"HU",71,1,99,99,4,1,2,4,6,8,1,3,3
"3273",2,"HU",47,2,99,99,99,4,4,2,5,3,3,4,3
"3274",3,"HU",62,2,99,99,6,5,2,4,10,4,5,5,3
"3275",1,"HU",82,1,99,99,77,5,2,2,0,10,4,3,4
"3276",4,"HU",76,1,99,99,1,2,3,2,1,8,3,3,4
"3277",6,"HU",77,1,99,99,1,4,3,4,9,10,6,6,3
"3278",3,"HU",25,2,99,99,10,5,1,3,7,8,1,5,3
"3279",3,"HU",50,2,99,99,77,5,1,4,5,7,4,2,3
"3280",2,"HU",71,2,99,99,7,3,3,3,6,6,3,2,3
"3281",4,"HU",50,1,99,99,10,5,2,4,10,7,3,4,4
"3282",5,"HU",46,2,99,99,9,5,2,3,6,5,3,4,3
"3283",4,"HU",52,2,99,99,1,4,3,4,7,6,5,2,3
"3284",2,"HU",60,2,99,99,5,4,2,3,3,5,0,3,3
"3285",1,"HU",73,2,99,99,10,5,2,4,7,99,5,2,3
"3286",4,"HU",44,2,99,99,77,5,2,3,5,5,5,6,4
"3287",6,"HU",70,1,99,99,10,4,2,4,8,8,4,5,3
"3288",7,"HU",48,2,99,99,7,5,2,3,2,4,0,5,3
"3289",2,"HU",63,2,99,99,4,4,2,4,7,8,4,5,2
"3290",6,"HU",67,2,99,99,2,3,3,5,8,5,3,3,4
"3291",3,"HU",53,2,99,99,77,5,2,3,2,5,4,2,3
"3292",4,"HU",62,2,99,99,9,4,2,3,4,9,2,6,2
"3293",5,"HU",72,1,99,99,9,5,2,3,5,9,3,4,3
"3294",1,"HU",35,2,99,99,9,5,3,3,5,2,3,3,3
"3295",4,"HU",45,1,99,99,4,5,2,3,0,5,3,3,3
"3296",3,"HU",23,2,99,99,77,5,2,5,9,7,5,6,3
"3297",6,"HU",77,2,99,99,10,5,2,4,5,6,4,5,3
"3298",2,"HU",28,2,99,99,3,5,2,4,10,5,1,4,9
"3299",6,"HU",90,1,99,99,8,5,2,4,7,2,1,0,5
"3300",3,"HU",24,1,99,99,9,5,2,2,0,4,0,0,5
"3301",1,"HU",36,2,99,99,77,5,2,3,4,7,3,5,3
"3302",4,"HU",60,1,99,99,77,5,2,3,7,5,3,5,4
"3303",2,"HU",55,2,99,99,9,5,3,4,8,8,5,5,3
"3304",4,"HU",70,1,99,99,4,5,3,4,10,8,6,3,4
"3305",3,"HU",39,2,99,99,10,5,2,4,7,7,3,4,3
"3306",2,"HU",64,1,99,99,10,5,2,3,3,7,3,5,3
"3307",4,"HU",64,2,99,99,77,5,2,3,5,3,4,3,3
"3308",5,"HU",55,2,99,99,10,5,2,4,7,10,5,6,4
"3309",3,"HU",36,2,99,99,77,5,3,4,6,3,1,1,2
"3310",2,"HU",65,2,99,99,1,2,3,4,1,5,5,6,2
"3311",4,"HU",48,1,99,99,10,5,2,3,1,4,3,4,2
"3312",4,"HU",68,1,99,99,77,5,2,3,6,8,4,5,3
"3313",4,"HU",49,2,99,99,10,5,1,4,10,8,3,6,3
"3314",3,"HU",43,1,99,99,77,5,2,4,8,8,5,5,3
"3315",1,"HU",33,2,99,99,10,5,1,3,4,2,5,4,2
"3316",4,"HU",53,2,99,99,8,5,2,3,7,3,2,4,3
"3317",4,"HU",57,1,99,99,6,5,3,5,2,0,4,4,3
"3318",4,"HU",57,1,99,99,6,5,2,4,5,3,4,3,2
"3319",1,"HU",87,2,99,99,1,1,2,3,5,8,4,6,2
"3320",1,"HU",77,1,99,99,1,4,3,4,4,99,3,99,3
"3321",3,"HU",46,1,99,99,9,5,2,2,5,5,3,6,2
"3322",2,"HU",61,1,99,99,2,9,1,3,0,5,3,6,3
"3323",2,"HU",44,1,99,99,10,5,1,4,10,9,4,5,2
"3324",3,"HU",28,2,99,99,1,4,3,3,3,8,4,4,3
"3325",2,"HU",60,2,99,99,3,5,2,4,10,7,4,2,3
"3326",3,"HU",71,1,99,99,5,1,3,4,8,8,5,5,4
"3327",2,"HU",28,2,99,99,3,5,3,3,6,5,0,3,3
"3328",4,"HU",62,1,99,99,8,5,2,3,5,6,3,5,3
"3329",3,"HU",69,2,99,99,77,5,2,5,5,10,4,0,3
"3330",1,"HU",31,2,99,99,8,5,2,3,7,6,3,5,5
"3331",6,"HU",68,2,99,99,1,5,3,3,5,5,6,4,4
"3332",6,"HU",51,2,99,99,4,5,3,3,5,2,1,3,3
"3333",4,"HU",53,1,99,99,7,5,2,4,8,7,5,5,3
"3334",3,"HU",26,2,99,99,99,5,9,4,8,7,3,2,3
"3335",4,"HU",49,2,99,99,5,4,3,3,5,5,3,3,3
"3336",2,"HU",56,1,99,99,9,5,2,3,9,6,4,3,3
"3337",4,"HU",38,2,99,99,99,5,2,3,7,10,3,4,2
"3338",2,"HU",57,2,99,99,10,5,2,4,10,5,6,4,5
"3339",1,"HU",75,2,99,99,3,4,3,4,10,9,2,4,3
"3340",2,"HU",63,1,99,99,10,5,2,4,8,99,5,4,3
"3341",1,"HU",51,2,99,99,5,5,2,4,6,5,3,4,3
"3342",4,"HU",56,1,99,99,77,5,2,4,8,4,3,5,3
"3343",4,"HU",28,1,99,99,8,5,2,3,4,6,4,5,3
"3344",6,"HU",68,2,99,99,2,4,3,2,7,6,4,4,2
"3345",4,"HU",44,1,99,99,9,5,2,5,8,7,2,1,5
"3346",3,"HU",22,2,99,99,77,5,1,5,7,5,2,5,3
"3347",4,"HU",34,1,99,99,10,5,2,4,4,1,1,2,4
"3348",2,"HU",45,2,99,99,3,5,4,4,5,5,4,4,3
"3349",5,"IS",72,1,7,1,7,5,1,1,8,7,3,6,4
"3350",5,"IS",78,2,2,6,2,5,2,2,7,6,4,4,2
"3351",5,"IS",44,2,5,1,9,5,3,1,2,0,4,3,1
"3352",4,"IS",31,2,2,1,4,5,2,3,6,8,4,4,5
"3353",5,"IS",80,1,6,6,7,5,1,3,7,4,5,5,2
"3354",2,"IS",28,2,4,1,4,5,2,2,4,3,4,99,3
"3355",4,"IS",83,2,5,6,77,4,1,2,10,99,0,5,3
"3356",4,"IS",74,2,2,6,1,5,1,3,5,5,5,6,3
"3357",1,"IS",67,2,5,1,3,5,1,3,6,9,4,5,2
"3358",1,"IS",36,2,4,8,4,5,2,2,6,7,2,6,4
"3359",4,"IS",64,1,2,1,6,5,1,1,5,5,4,6,4
"3360",1,"IS",59,2,3,1,5,5,1,2,5,8,3,6,2
"3361",5,"IS",51,2,7,5,4,5,1,4,5,6,5,6,3
"3362",4,"IS",59,1,3,1,5,5,1,3,8,5,4,4,2
"3363",2,"IS",44,1,7,1,5,5,1,3,6,7,3,4,3
"3364",1,"IS",32,1,3,1,4,5,1,1,0,7,5,6,4
"3365",4,"IS",51,2,4,5,2,5,1,2,3,0,3,2,2
"3366",4,"IS",35,1,3,1,4,5,2,3,7,2,4,5,2
"3367",5,"IS",63,1,7,1,9,5,1,1,0,7,4,5,4
"3368",4,"IS",61,2,6,8,6,5,1,2,4,5,4,5,9
"3369",4,"IS",66,1,5,1,3,4,1,3,8,5,3,3,3
"3370",5,"IS",77,1,2,8,4,4,1,2,2,6,5,6,1
"3371",4,"IS",50,2,6,1,8,5,1,4,9,9,6,6,1
"3372",5,"IS",70,1,5,1,10,5,1,2,5,99,3,6,2
"3373",5,"IS",46,1,6,1,7,5,2,3,2,6,3,2,4
"3374",5,"IS",42,2,7,1,9,5,1,4,9,6,2,6,2
"3375",4,"IS",47,1,7,88,10,5,1,3,7,8,2,6,3
"3376",5,"IS",71,2,7,8,7,5,1,3,5,3,2,5,3
"3377",5,"IS",75,1,7,6,7,4,1,3,2,5,3,6,3
"3378",5,"IS",46,2,5,1,9,5,2,2,7,5,3,3,3
"3379",4,"IS",59,1,3,1,6,5,1,4,7,5,4,5,2
"3380",4,"IS",57,1,2,1,2,5,1,3,5,6,3,5,4
"3381",4,"IS",78,2,7,6,3,5,1,3,5,1,4,6,3
"3382",6,"IS",67,2,5,1,3,5,2,1,4,6,2,4,2
"3383",4,"IS",52,2,6,1,8,5,2,4,10,2,4,5,3
"3384",5,"IS",59,1,3,1,7,5,2,4,3,4,3,4,2
"3385",7,"IS",53,2,7,1,77,5,1,3,7,6,4,5,3
"3386",2,"IS",34,1,4,2,1,5,3,4,2,2,2,2,5
"3387",4,"IS",39,2,4,2,4,5,1,3,7,2,4,4,3
"3388",5,"IS",65,2,7,1,8,5,1,4,7,6,4,5,1
"3389",5,"IS",60,2,7,1,4,5,2,3,7,2,5,5,4
"3390",5,"IS",78,1,3,6,3,3,2,3,5,5,5,5,3
"3391",5,"IS",67,2,3,1,77,5,1,3,8,4,5,5,3
"3392",4,"IS",62,2,3,1,4,5,1,2,7,4,3,5,3
"3393",6,"IS",73,1,6,6,6,5,1,4,8,5,4,6,1
"3394",5,"IS",85,1,5,6,4,5,1,3,8,5,4,5,2
"3395",1,"IS",69,2,2,1,6,2,1,3,5,8,4,5,3
"3396",2,"IS",77,1,5,6,5,5,1,4,5,5,3,6,3
"3397",1,"IS",74,2,2,6,1,5,1,2,8,9,1,5,2
"3398",5,"IS",49,2,6,3,7,5,9,4,7,3,5,4,5
"3399",4,"IS",39,1,7,1,7,5,2,3,4,9,3,4,2
"3400",5,"IS",58,1,3,1,9,5,1,2,5,0,5,6,5
"3401",6,"IS",66,1,5,1,6,4,1,2,2,8,4,5,3
"3402",5,"IS",74,2,2,8,3,5,1,2,7,99,1,6,2
"3403",4,"IS",26,1,4,2,88,5,9,2,0,5,4,6,2
"3404",4,"IS",50,1,5,1,10,5,1,2,2,5,3,5,4
"3405",4,"IS",58,2,3,1,6,5,1,2,2,4,3,5,4
"3406",5,"IS",43,2,7,1,7,5,3,4,10,6,1,4,3
"3407",5,"IS",79,1,3,6,3,5,1,3,8,5,5,6,4
"3408",5,"IS",42,1,6,1,3,5,1,9,0,0,99,99,9
"3409",6,"IS",68,2,6,1,88,5,1,3,10,6,1,5,9
"3410",5,"IS",67,2,6,5,5,5,1,5,8,5,5,6,1
"3411",5,"IS",47,2,5,1,9,5,1,3,5,5,5,2,3
"3412",4,"IS",71,1,3,6,7,5,1,3,7,99,2,5,3
"3413",4,"IS",84,1,3,6,5,4,1,4,5,7,4,5,2
"3414",3,"IS",69,2,2,1,3,5,2,3,0,9,4,6,5
"3415",4,"IS",27,2,4,2,10,5,1,5,8,7,3,5,3
"3416",4,"IS",32,2,6,1,6,5,1,3,5,3,2,2,3
"3417",6,"IS",78,1,2,6,2,5,2,2,2,8,5,5,2
"3418",4,"IS",57,2,6,1,7,5,1,2,7,5,4,6,3
"3419",5,"IS",28,2,6,1,4,5,1,2,3,3,4,5,2
"3420",4,"IS",63,2,6,1,3,5,2,3,5,5,3,3,2
"3421",5,"IS",58,1,3,1,6,5,2,3,5,5,2,3,9
"3422",4,"IS",45,2,7,1,4,5,1,3,5,5,3,5,2
"3423",4,"IS",50,1,5,3,1,5,2,1,5,10,2,4,4
"3424",7,"IS",74,2,2,5,1,5,2,3,8,99,6,5,2
"3425",4,"IS",54,2,3,1,5,4,2,3,5,5,5,3,3
"3426",5,"IS",51,1,5,1,10,5,1,3,8,99,5,5,5
"3427",5,"IS",49,1,7,1,9,5,1,2,1,5,2,5,1
"3428",2,"IS",41,1,5,1,6,5,1,3,2,5,4,6,4
"3429",4,"IS",78,1,5,6,2,5,2,3,7,7,4,6,3
"3430",5,"IS",67,1,2,1,7,5,1,1,1,5,1,5,3
"3431",6,"IS",28,1,5,1,5,5,2,1,2,0,3,6,3
"3432",5,"IS",37,2,6,1,7,5,2,3,6,2,3,4,4
"3433",5,"IS",76,2,2,6,2,5,2,3,7,99,3,5,3
"3434",6,"IS",70,2,7,1,6,5,1,4,8,7,3,6,2
"3435",4,"IS",44,1,3,4,88,5,2,2,99,99,99,99,9
"3436",4,"IS",24,1,4,2,88,5,1,3,5,2,5,4,4
"3437",5,"IS",66,1,5,5,4,5,2,3,10,7,5,6,3
"3438",4,"IS",38,1,3,1,8,5,1,3,0,0,0,4,5
"3439",4,"IS",76,1,5,1,4,4,1,2,7,8,5,6,3
"3440",4,"IS",45,1,3,1,4,5,1,2,5,5,6,3,4
"3441",4,"IS",81,1,5,6,4,5,1,3,6,5,5,6,3
"3442",4,"IS",62,2,1,1,7,5,1,3,5,3,3,5,3
"3443",4,"IS",41,2,7,1,8,5,3,4,8,1,3,5,2
"3444",5,"IS",62,1,6,1,5,2,1,4,7,8,4,5,2
"3445",1,"IS",60,1,3,1,2,5,1,2,1,3,1,5,4
"3446",5,"IS",46,2,99,1,10,5,1,3,7,0,5,5,2
"3447",6,"IS",73,2,2,6,2,5,2,2,3,99,2,4,3
"3448",4,"IS",46,2,7,1,10,5,1,4,7,2,5,5,3
"3449",5,"IS",83,1,5,6,4,4,2,3,7,5,3,4,3
"3450",4,"IS",44,2,5,1,8,5,2,5,7,9,5,0,4
"3451",6,"IS",70,2,2,5,8,4,1,3,9,7,4,6,1
"3452",1,"IS",84,1,5,6,6,4,1,2,8,5,5,5,2
"3453",5,"IS",52,2,7,1,8,5,1,4,9,6,5,6,3
"3454",5,"IS",64,2,7,1,8,5,1,3,5,99,6,6,3
"3455",4,"IS",70,1,6,1,4,5,1,4,10,2,5,6,1
"3456",4,"IS",36,2,6,1,5,5,2,4,8,4,4,5,2
"3457",5,"IS",50,2,7,1,10,5,2,4,7,5,3,2,3
"3458",4,"IS",26,1,4,2,9,5,1,4,5,4,5,6,1
"3459",4,"IS",41,1,7,1,6,5,1,3,1,5,4,4,1
"3460",4,"IS",37,2,4,1,6,5,1,3,6,3,3,4,3
"3461",4,"IS",48,2,7,1,2,5,2,2,5,5,4,4,3
"3462",5,"IS",40,2,6,1,6,5,1,2,2,6,5,6,2
"3463",4,"IS",80,2,2,6,1,4,1,4,5,99,6,6,3
"3464",4,"IS",53,1,3,1,3,5,1,2,6,9,3,2,4
"3465",4,"IS",49,1,6,1,9,5,1,3,7,6,4,5,2
"3466",4,"IS",69,1,2,1,6,5,1,2,1,8,5,5,1
"3467",4,"IS",64,1,2,1,3,5,2,2,5,5,2,5,3
"3468",5,"IS",60,1,7,1,7,5,2,5,9,3,4,6,1
"3469",4,"IS",59,1,5,1,4,5,1,4,8,4,4,5,2
"3470",4,"IS",60,1,2,1,7,5,1,1,0,0,6,2,5
"3471",5,"IS",64,2,6,1,9,5,1,3,9,7,5,6,2
"3472",3,"IS",27,2,4,1,3,5,1,4,8,10,99,99,5
"3473",2,"IS",47,1,2,1,8,5,1,2,3,4,5,5,4
"3474",6,"IS",73,2,7,6,5,4,1,5,10,2,6,5,1
"3475",5,"IS",40,1,6,1,7,5,1,3,8,1,5,5,5
"3476",5,"IS",46,2,6,1,3,5,1,4,6,10,3,5,3
"3477",1,"IS",40,2,7,1,7,5,1,4,7,5,4,5,3
"3478",4,"IS",83,2,3,8,2,5,3,2,0,6,4,6,4
"3479",1,"IS",88,2,6,6,2,5,1,4,10,7,5,5,1
"3480",5,"IS",75,2,99,6,4,5,1,3,5,99,4,5,3
"3481",4,"IS",62,1,6,1,2,5,2,4,3,1,4,6,3
"3482",5,"IS",63,1,6,1,7,5,1,3,8,5,5,5,3
"3483",4,"IS",52,1,6,1,6,4,1,3,5,2,4,5,4
"3484",5,"IS",62,2,6,1,3,5,3,2,6,1,4,4,3
"3485",4,"IS",63,2,2,1,4,5,2,2,7,2,3,5,3
"3486",4,"IS",62,1,7,1,3,5,2,3,5,4,5,3,3
"3487",6,"IS",82,2,6,6,2,5,3,2,8,5,6,6,3
"3488",2,"IS",42,1,7,1,8,5,1,3,5,2,2,4,2
"3489",1,"IS",63,1,4,5,6,3,1,3,5,7,3,3,3
"3490",5,"IS",47,1,5,1,7,5,3,2,3,8,5,5,3
"3491",1,"IS",42,2,7,1,9,5,1,5,8,5,4,5,2
"3492",4,"IS",54,2,7,1,7,5,1,3,3,3,3,5,3
"3493",4,"IS",64,2,6,1,4,4,1,3,7,7,4,5,2
"3494",5,"IS",41,1,5,1,9,5,1,3,7,4,5,4,3
"3495",4,"IS",47,2,2,1,5,5,4,3,7,0,2,2,4
"3496",5,"IS",67,2,4,1,10,5,1,3,1,5,4,5,3
"3497",4,"IS",60,2,7,1,3,5,2,3,8,8,5,6,2
"3498",6,"IS",71,1,5,6,2,5,2,3,10,0,6,4,2
"3499",4,"IS",67,1,2,3,3,5,2,2,2,7,5,5,4
"3500",5,"IS",64,1,6,1,9,5,1,1,0,4,5,5,5
"3501",1,"IS",65,2,2,1,4,4,1,4,8,6,5,6,9
"3502",6,"IS",62,2,2,1,88,2,1,4,8,3,4,4,3
"3503",4,"IS",61,2,3,1,3,5,3,3,7,7,4,3,3
"3504",4,"IS",71,2,3,1,5,4,1,2,5,99,4,6,3
"3505",5,"IS",75,2,7,6,6,4,1,5,10,8,4,5,2
"3506",5,"IS",24,2,4,2,5,5,1,4,6,6,3,3,3
"3507",5,"IS",33,2,6,1,6,5,1,3,3,3,5,6,3
"3508",5,"IS",62,2,6,1,7,5,1,3,7,7,6,5,2
"3509",4,"IS",61,1,7,1,8,5,1,4,5,7,5,3,2
"3510",5,"IS",72,1,5,8,5,5,1,2,5,99,4,5,3
"3511",4,"IS",69,1,5,1,4,5,2,4,10,3,4,6,3
"3512",4,"IS",66,2,5,1,7,5,1,2,10,9,4,6,2
"3513",4,"IS",70,1,2,1,6,5,1,3,5,8,6,6,3
"3514",4,"IS",61,2,7,1,88,5,1,3,5,6,99,99,9
"3515",1,"IS",60,1,7,1,4,5,1,4,7,9,3,5,9
"3516",2,"IS",58,2,7,1,6,5,1,3,9,4,4,5,5
"3517",4,"IS",44,2,3,1,4,5,2,3,7,0,4,4,4
"3518",5,"IS",73,1,3,1,6,5,1,3,5,4,4,5,3
"3519",5,"IS",38,2,7,1,4,5,1,5,7,3,6,6,2
"3520",5,"IS",52,2,7,1,6,5,1,3,8,10,4,2,5
"3521",4,"IS",38,1,4,1,8,5,1,3,3,6,4,6,2
"3522",5,"IS",56,2,6,1,7,5,1,3,6,5,4,5,3
"3523",4,"IS",58,2,4,1,4,5,3,3,9,5,3,5,3
"3524",1,"IS",23,1,4,2,88,5,2,2,3,5,4,5,2
"3525",4,"IS",71,1,6,5,5,5,1,3,3,5,3,6,1
"3526",5,"IS",63,1,7,1,8,5,1,3,7,2,4,5,3
"3527",5,"IS",82,1,5,6,3,5,2,3,6,99,3,4,1
"3528",5,"IS",46,1,7,1,8,5,2,1,0,5,3,6,5
"3529",5,"IS",67,2,3,1,5,5,1,2,8,8,5,6,2
"3530",4,"IS",78,1,7,6,7,5,1,3,7,99,5,5,2
"3531",1,"IS",35,1,6,2,6,5,1,3,6,2,5,5,2
"3532",6,"IS",52,2,7,8,5,4,1,5,9,8,5,5,3
"3533",4,"IS",37,1,4,1,4,5,2,5,8,0,3,4,3
"3534",5,"IS",65,1,2,1,5,5,1,2,0,6,3,5,5
"3535",4,"IS",29,1,6,1,4,5,1,1,4,3,5,5,5
"3536",1,"IS",55,2,7,1,7,5,1,4,8,2,4,6,2
"3537",5,"IS",87,1,6,6,6,5,1,4,7,8,5,4,3
"3538",5,"IS",44,1,7,1,4,5,1,3,6,5,5,5,3
"3539",5,"IS",54,2,6,1,7,5,1,4,10,5,5,6,3
"3540",4,"IS",82,2,2,6,2,5,2,3,7,99,5,5,3
"3541",5,"IS",72,2,6,1,5,5,1,2,1,7,3,99,2
"3542",5,"IS",64,2,7,1,4,5,1,3,7,7,4,6,2
"3543",9,"IS",58,2,2,1,6,5,1,9,99,99,99,99,9
"3544",4,"IS",48,2,2,8,7,4,1,3,5,4,2,5,4
"3545",5,"IS",50,2,2,1,5,5,2,3,8,6,3,5,3
"3546",5,"IS",58,1,2,1,8,5,1,1,0,99,6,1,5
"3547",7,"IS",78,1,2,8,4,4,2,1,2,8,0,6,2
"3548",4,"IS",40,2,2,2,4,5,3,4,4,8,2,4,4
"3549",4,"IS",39,2,2,8,2,5,3,2,5,4,5,5,5
"3550",2,"IS",43,1,4,1,3,5,2,5,10,3,4,4,1
"3551",5,"IS",38,2,7,1,4,5,2,3,8,5,3,5,3
"3552",1,"IS",43,2,6,1,3,5,1,4,8,8,3,6,2
"3553",5,"IS",49,2,7,1,7,5,1,3,8,3,5,5,3
"3554",4,"IS",49,1,7,1,9,5,1,4,8,7,4,5,1
"3555",6,"IS",81,2,3,6,88,3,1,2,7,99,5,6,3
"3556",4,"IS",60,1,6,1,2,5,1,1,1,99,4,4,4
"3557",4,"IS",55,2,4,1,9,5,1,3,8,0,5,5,5
"3558",4,"IS",67,2,2,1,6,5,1,1,5,99,1,2,4
"3559",5,"IS",44,1,6,1,5,5,1,5,8,5,4,6,2
"3560",2,"IS",47,2,7,1,4,5,2,3,7,5,5,5,3
"3561",5,"IS",60,1,6,1,9,5,1,2,7,6,4,5,2
"3562",5,"IS",47,2,7,1,9,5,2,3,7,5,3,5,2
"3563",1,"IS",78,2,6,6,5,5,1,3,0,0,3,6,3
"3564",4,"IS",51,2,7,1,8,5,2,4,9,8,4,6,3
"3565",4,"IS",83,1,7,6,3,5,2,3,8,2,3,5,2
"3566",5,"IS",54,2,7,1,5,5,1,4,9,5,4,3,3
"3567",6,"IS",87,1,2,6,2,5,1,2,2,2,4,5,3
"3568",5,"IS",55,2,6,1,6,5,1,3,8,99,5,4,3
"3569",5,"IS",74,1,2,1,8,5,1,2,5,8,5,5,3
"3570",1,"IS",54,2,6,1,3,5,2,4,3,1,5,2,5
"3571",5,"IS",47,1,6,1,7,5,2,2,8,1,5,6,3
"3572",2,"IS",65,2,6,1,7,5,1,3,10,5,6,6,1
"3573",1,"IS",63,1,6,1,6,5,1,3,7,7,1,5,2
"3574",4,"IS",27,2,4,2,4,5,1,2,4,5,1,5,4
"3575",4,"IS",54,2,6,1,8,5,1,3,7,5,3,5,2
"3576",5,"IS",59,2,7,1,4,5,1,3,8,3,5,6,2
"3577",4,"IS",31,1,4,1,8,4,1,4,6,0,4,4,2
"3578",5,"IS",66,2,3,1,5,5,2,3,10,99,6,5,2
"3579",5,"IS",62,1,7,5,77,5,1,3,7,4,4,5,3
"3580",4,"IS",81,2,2,6,3,5,1,3,8,9,5,6,2
"3581",3,"IS",37,2,6,1,5,5,2,4,5,6,4,5,2
"3582",5,"IS",53,1,6,1,9,5,1,4,7,8,3,4,3
"3583",1,"IS",80,2,4,8,77,5,1,4,10,5,5,6,1
"3584",4,"IS",41,2,4,8,3,5,2,2,3,0,2,4,4
"3585",4,"IS",82,2,6,6,4,4,1,4,5,0,5,6,3
"3586",5,"IS",74,1,7,6,7,5,1,9,5,5,3,6,1
"3587",5,"IS",56,2,6,1,7,5,1,3,9,7,5,6,2
"3588",4,"IS",62,2,3,1,4,4,2,2,3,4,5,2,4
"3589",5,"IS",75,1,2,5,4,5,2,3,5,5,3,4,3
"3590",5,"IS",23,2,2,2,88,5,9,3,6,2,3,3,3
"3591",5,"IS",71,1,5,1,9,5,1,3,8,5,4,6,4
"3592",4,"IS",37,2,5,1,7,5,1,1,5,5,6,6,2
"3593",4,"IS",38,1,2,1,9,5,1,1,0,0,3,6,5
"3594",4,"IS",45,2,7,1,4,5,2,4,10,1,3,4,3
"3595",4,"IS",72,2,3,6,2,5,1,4,8,99,5,3,4
"3596",4,"IS",86,1,3,8,4,5,1,3,6,99,4,5,2
"3597",4,"IS",58,2,2,5,1,5,4,2,3,99,5,3,1
"3598",1,"IS",57,2,6,1,7,5,1,2,3,6,5,5,3
"3599",3,"IS",70,2,4,8,3,5,1,1,5,8,2,6,3
"3600",4,"IS",60,2,2,1,2,5,2,3,2,3,3,2,4
"3601",5,"IS",74,2,6,6,77,5,1,3,8,7,4,4,2
"3602",4,"IS",48,2,7,1,9,5,1,4,7,7,6,5,3
"3603",4,"IS",37,1,3,1,5,5,2,3,6,99,4,4,3
"3604",4,"IS",60,1,7,1,4,5,1,3,6,7,5,5,9
"3605",5,"IS",67,1,7,5,6,5,1,4,8,7,5,5,4
"3606",4,"IS",55,2,7,1,8,5,1,3,3,4,1,6,4
"3607",4,"IS",84,2,7,6,5,4,1,3,5,99,4,4,9
"3608",5,"IS",76,2,6,6,2,4,1,3,8,99,4,6,2
"3609",4,"IS",56,1,5,1,4,5,1,3,5,4,3,5,5
"3610",1,"IS",58,2,7,1,10,5,2,3,7,5,6,6,2
"3611",5,"IS",73,1,5,3,6,5,1,2,2,3,6,6,4
"3612",5,"IS",50,2,7,1,10,5,1,4,5,3,4,6,2
"3613",5,"IS",69,2,4,1,3,5,2,3,8,7,5,5,3
"3614",4,"IS",34,2,5,3,9,5,1,3,5,5,2,3,4
"3615",4,"IS",68,2,2,1,3,4,2,3,9,99,4,6,3
"3616",4,"IS",43,2,6,1,3,5,3,3,4,5,2,4,2
"3617",5,"IS",33,1,4,1,7,5,1,4,5,2,4,5,4
"3618",4,"IS",76,1,3,6,4,3,1,1,0,5,3,6,1
"3619",5,"IS",55,2,7,5,1,5,3,4,9,7,4,4,2
"3620",6,"IS",87,1,5,6,3,5,2,2,0,7,3,4,5
"3621",4,"IS",71,1,3,8,2,5,1,2,8,4,3,5,5
"3622",4,"IS",62,2,5,1,77,5,2,3,7,5,4,5,2
"3623",4,"IS",35,2,6,88,3,5,2,2,5,0,4,6,5
"3624",5,"IS",69,1,3,1,4,5,1,3,8,5,5,6,1
"3625",1,"IS",52,2,2,1,6,4,1,3,7,5,4,4,4
"3626",1,"IS",26,2,3,1,7,5,1,4,7,9,5,4,2
"3627",5,"IS",70,1,6,1,10,5,1,5,9,6,5,6,1
"3628",1,"IS",72,2,7,1,2,5,2,4,8,5,1,3,3
"3629",4,"IS",56,1,6,1,7,5,1,3,7,5,2,4,3
"3630",5,"IS",59,2,5,1,9,5,1,2,5,99,1,4,5
"3631",5,"IS",67,2,2,5,10,5,1,1,6,9,4,6,3
"3632",4,"IS",35,2,4,1,5,5,1,3,8,6,5,4,3
"3633",4,"IS",74,2,3,8,4,5,1,2,2,9,4,6,9
"3634",4,"IS",48,2,7,2,77,5,1,4,10,0,2,6,4
"3635",5,"IS",53,2,6,1,8,5,1,5,7,5,3,3,3
"3636",1,"IS",71,2,7,6,6,3,1,4,9,5,5,4,2
"3637",4,"IS",85,1,5,6,2,5,3,3,5,99,99,5,4
"3638",4,"IS",77,1,7,8,5,5,1,4,8,99,4,6,2
"3639",2,"IS",48,2,7,1,7,5,1,5,2,7,4,4,2
"3640",2,"IS",35,1,7,1,7,5,1,3,5,7,4,6,2
"3641",2,"IS",54,2,6,1,8,5,1,4,7,7,4,5,3
"3642",2,"IS",64,1,7,1,8,5,1,1,0,5,3,6,5
"3643",5,"IS",54,2,2,1,5,5,2,3,8,1,3,6,3
"3644",4,"IS",57,1,7,1,10,5,1,1,0,5,6,6,4
"3645",4,"IS",50,1,3,1,6,5,1,3,7,1,5,5,4
"3646",5,"IS",55,1,2,5,5,5,1,4,7,4,3,3,2
"3647",4,"IS",82,1,6,6,88,4,1,3,8,5,4,3,2
"3648",4,"IS",50,1,2,1,5,5,1,2,0,0,0,6,3
"3649",4,"IS",52,2,6,1,5,5,1,3,7,5,3,5,3
"3650",1,"IS",55,2,4,1,8,5,1,3,7,3,5,5,2
"3651",5,"IS",48,1,6,1,9,5,1,4,8,4,4,6,3
"3652",4,"IS",45,2,6,1,7,5,2,3,6,5,5,5,2
"3653",5,"IS",63,1,7,1,10,5,1,4,10,4,5,6,2
"3654",4,"IS",27,1,4,2,3,5,1,5,7,5,4,2,3
"3655",5,"IS",42,2,7,1,7,5,1,4,8,6,5,5,3
"3656",4,"IS",54,2,6,8,7,5,1,3,8,5,3,6,3
"3657",4,"IS",62,1,6,3,1,5,3,1,0,5,1,0,5
"3658",3,"IS",39,1,2,1,7,5,1,1,9,5,99,99,9
"3659",4,"IS",83,2,7,6,6,5,1,4,7,8,4,5,3
"3660",4,"IS",72,2,2,8,6,5,1,2,5,5,4,5,3
"3661",4,"IS",58,1,5,1,10,5,4,1,0,5,5,5,4
"3662",5,"IS",70,1,2,6,3,5,2,2,2,7,3,4,4
"3663",3,"IS",35,1,6,1,5,5,2,4,4,9,2,5,2
"3664",4,"IS",59,2,3,1,4,4,1,3,4,8,4,5,2
"3665",5,"IS",57,1,2,1,6,5,1,2,5,0,3,5,5
"3666",4,"IS",53,1,6,1,3,5,1,2,5,3,3,5,2
"3667",2,"IS",62,2,2,1,88,2,1,2,7,2,6,6,3
"3668",4,"IS",78,1,7,6,4,5,1,3,7,99,6,5,4
"3669",5,"IS",84,1,3,6,2,5,1,1,0,99,3,6,9
"3670",4,"IS",54,1,7,1,10,5,2,2,0,7,4,5,9
"3671",2,"IS",34,2,7,2,3,5,1,4,8,8,5,5,2
"3672",4,"IS",56,2,6,1,7,5,1,2,3,4,2,4,4
"3673",5,"IS",76,1,5,6,5,5,1,1,0,2,4,5,5
"3674",4,"IS",73,1,5,9,2,5,1,1,0,3,3,5,4
"3675",1,"IS",46,2,4,1,7,5,1,4,5,7,5,5,3
"3676",4,"IS",75,2,2,6,2,5,3,2,5,0,3,3,9
"3677",5,"IS",68,2,6,1,7,5,1,4,7,6,5,6,2
"3678",5,"IS",59,2,6,1,4,5,1,3,5,5,4,5,4
"3679",4,"IS",73,2,2,6,4,5,1,2,4,5,3,5,3
"3680",5,"IS",54,2,7,1,5,5,1,3,6,4,4,6,3
"3681",4,"IS",33,1,3,1,9,5,1,2,3,5,6,3,3
"3682",4,"IS",63,2,2,5,5,5,1,3,6,5,4,6,3
"3683",5,"IS",28,1,6,3,10,5,1,3,0,3,4,1,4
"3684",5,"IS",55,2,6,1,5,5,2,3,6,1,3,0,2
"3685",4,"IS",73,1,5,6,6,5,1,2,5,5,3,5,3
"3686",2,"IS",47,1,6,1,8,5,2,3,7,8,5,4,2
"3687",6,"IS",89,2,6,6,2,4,1,3,4,99,1,5,2
"3688",1,"IS",80,2,7,6,3,5,1,4,8,7,4,6,3
"3689",4,"IS",50,2,3,1,2,5,3,3,8,4,99,99,9
"3690",4,"IS",51,2,7,1,7,5,2,3,4,2,4,5,3
"3691",5,"IS",77,2,7,6,5,5,1,2,8,5,5,5,2
"3692",3,"IS",44,1,7,3,2,5,1,4,9,9,5,5,2
"3693",6,"IS",62,2,2,8,6,5,1,3,8,5,5,6,3
"3694",2,"IS",27,1,4,1,5,5,2,2,0,6,1,2,2
"3695",5,"IS",36,2,7,8,7,5,1,3,7,9,4,5,3
"3696",5,"IS",56,2,7,1,9,5,1,4,8,2,5,5,2
"3697",4,"IS",77,1,1,6,3,2,1,2,0,0,4,6,4
"3698",2,"IS",39,2,7,1,6,5,1,3,7,5,4,4,3
"3699",4,"IS",68,1,3,5,5,5,1,3,6,3,3,3,3
"3700",3,"IS",70,1,3,1,9,5,1,3,5,4,3,6,2
"3701",4,"IS",34,2,6,1,4,5,1,3,7,5,3,6,2
"3702",5,"IS",43,2,3,1,5,5,1,3,6,5,99,5,9
"3703",4,"IS",63,1,5,1,5,5,1,1,0,2,4,5,5
"3704",4,"IS",69,2,5,1,4,5,3,3,5,3,2,6,5
"3705",5,"IS",72,1,5,8,4,5,1,3,6,5,5,4,2
"3706",5,"IS",68,1,5,1,7,4,1,4,8,2,4,5,2
"3707",2,"IS",48,1,3,1,6,5,1,2,6,7,3,3,3
"3708",4,"IS",86,1,5,6,7,5,1,2,3,10,3,4,2
"3709",5,"IS",80,2,6,6,8,5,1,3,7,5,6,5,3
"3710",4,"IS",52,2,7,1,4,5,2,3,2,2,3,3,3
"3711",5,"IS",57,2,3,1,8,5,1,2,8,7,3,6,3
"3712",5,"IS",44,2,3,1,8,5,1,3,5,1,4,4,3
"3713",5,"IS",81,1,5,6,5,5,1,1,5,5,0,6,2
"3714",4,"IS",82,2,2,6,4,5,1,1,5,2,3,6,4
"3715",4,"IS",58,2,7,1,77,5,1,3,7,4,3,5,2
"3716",5,"IS",80,2,4,6,3,5,2,3,8,1,1,3,2
"3717",1,"IS",53,1,3,1,6,3,1,3,7,7,4,6,3
"3718",5,"IS",78,1,6,6,5,5,1,3,3,8,4,5,2
"3719",1,"IS",55,1,5,88,6,3,1,2,4,5,4,5,4
"3720",4,"IS",47,1,2,5,3,5,4,3,5,0,3,0,4
"3721",1,"IS",60,2,7,1,7,5,1,3,6,5,3,6,2
"3722",7,"IS",23,2,4,2,1,5,2,4,5,5,3,3,3
"3723",4,"IS",71,1,6,6,6,2,1,3,5,5,3,5,2
"3724",4,"IS",63,1,7,1,8,5,1,2,7,7,5,6,5
"3725",5,"IS",68,1,3,1,4,5,1,2,5,5,4,5,3
"3726",1,"IS",65,2,6,1,7,5,1,4,9,8,6,6,2
"3727",4,"IS",48,2,6,1,6,5,1,3,7,0,4,6,2
"3728",5,"IS",40,1,7,1,7,5,1,4,5,5,5,6,3
"3729",4,"IS",45,2,6,1,3,5,2,3,5,3,3,6,3
"3730",3,"IS",45,1,6,5,3,5,1,9,99,99,99,99,9
"3731",5,"IS",63,1,7,5,5,5,1,3,4,5,2,4,3
"3732",1,"IS",83,1,5,6,77,5,1,2,4,6,3,5,3
"3733",4,"IS",73,2,5,1,77,5,1,4,10,8,6,4,3
"3734",4,"IS",69,2,2,1,4,5,1,3,5,99,5,5,2
"3735",1,"IS",35,2,6,1,9,5,1,3,6,9,3,4,2
"3736",5,"IS",62,2,2,1,88,5,2,1,0,5,6,4,5
"3737",5,"IS",52,2,7,1,10,5,1,3,7,8,4,5,4
"3738",5,"IS",81,1,5,6,2,5,2,2,5,4,1,4,2
"3739",5,"IS",68,1,7,1,4,5,1,4,8,5,4,5,2
"3740",5,"IS",50,1,7,1,9,5,1,2,2,2,3,3,3
"3741",5,"IS",47,2,7,1,10,5,1,4,8,2,5,6,2
"3742",4,"IS",58,2,4,1,1,5,3,4,8,1,3,5,3
"3743",5,"IS",51,2,3,1,10,5,1,3,7,4,4,5,3
"3744",1,"IS",42,1,7,1,4,5,1,4,6,2,4,4,3
"3745",4,"IS",32,2,4,1,4,5,1,4,9,2,4,5,4
"3746",2,"IS",60,1,7,1,7,5,2,3,8,8,4,6,3
"3747",5,"IS",70,1,5,1,4,5,1,3,7,6,4,5,3
"3748",6,"IS",73,1,5,1,6,5,2,3,4,99,5,5,3
"3749",6,"IS",32,2,4,1,3,5,3,4,7,7,4,3,3
"3750",5,"IS",35,2,7,8,6,5,1,2,2,6,5,5,2
"3751",5,"IS",56,2,7,1,10,5,2,3,5,3,3,2,2
"3752",1,"IS",73,2,3,6,1,5,2,3,7,6,0,1,2
"3753",4,"IS",57,1,3,1,4,5,3,3,9,7,3,4,2
"3754",6,"IS",65,1,5,5,2,4,2,4,8,8,6,5,3
"3755",6,"IS",40,2,5,8,2,5,3,2,5,99,2,5,5
"3756",2,"IS",63,2,7,1,10,5,1,4,10,9,5,5,1
"3757",6,"IS",49,1,7,1,8,5,1,5,8,8,4,5,2
"3758",4,"IS",51,1,6,1,9,5,1,2,7,5,5,6,3
"3759",4,"IS",66,2,3,5,1,5,3,9,5,99,0,6,3
"3760",4,"IS",70,2,2,6,3,4,2,3,7,5,5,6,3
"3761",4,"IS",44,2,6,1,3,5,2,2,1,1,4,4,4
"3762",2,"IS",50,1,6,1,5,5,2,2,6,7,5,6,4
"3763",5,"IS",56,2,7,1,10,5,1,2,5,4,4,5,3
"3764",5,"IS",52,2,7,1,8,5,1,4,8,6,5,6,2
"3765",6,"IS",90,2,2,8,2,4,1,3,7,3,6,5,3
"3766",5,"IS",54,2,6,1,7,5,1,4,9,8,3,4,1
"3767",5,"IS",33,2,7,1,6,5,1,4,4,6,3,5,2
"3768",5,"IS",68,2,6,5,5,5,1,4,9,5,5,4,4
"3769",4,"IS",68,2,3,8,6,5,1,3,5,2,4,6,3
"3770",4,"IS",52,1,6,1,6,5,1,2,7,2,2,5,2
"3771",5,"IS",43,2,5,1,6,5,2,3,6,6,3,4,4
"3772",4,"IS",47,2,7,1,88,5,2,3,8,6,4,5,4
"3773",5,"IS",74,1,7,6,9,4,1,4,7,6,5,5,2
"3774",5,"IS",76,2,6,6,8,4,1,3,7,8,5,5,2
"3775",4,"IS",47,2,7,8,5,5,3,2,4,7,5,4,2
"3776",4,"IS",44,2,7,1,2,5,2,3,2,2,3,4,3
"3777",5,"IS",58,2,7,1,10,5,1,5,10,1,3,3,2
"3778",2,"IS",58,2,5,1,8,5,1,3,6,8,4,6,3
"3779",4,"IS",58,1,2,5,2,5,2,2,4,5,6,5,1
"3780",4,"IS",48,1,2,1,7,5,1,3,6,0,2,5,4
"3781",4,"IS",46,2,7,1,5,5,2,4,7,6,5,5,3
"3782",5,"IS",54,1,2,1,6,5,1,2,5,1,3,4,3
"3783",4,"IS",54,1,7,1,9,5,1,3,8,8,5,4,4
"3784",4,"IS",69,2,6,1,6,5,1,3,7,99,5,6,2
"3785",4,"IS",26,2,4,1,8,5,1,4,8,7,5,5,4
"3786",1,"PT",42,2,7,1,77,5,1,3,8,9,3,5,3
"3787",5,"PT",30,2,4,1,5,5,2,3,5,0,4,2,3
"3788",4,"PT",61,2,2,1,77,3,3,3,6,1,4,4,3
"3789",1,"PT",38,1,4,1,5,5,4,4,7,2,3,4,5
"3790",4,"PT",52,1,7,1,6,5,2,3,4,7,1,3,4
"3791",3,"PT",72,2,6,6,1,5,3,4,8,8,4,4,2
"3792",4,"PT",41,2,4,4,1,5,4,3,9,0,4,5,3
"3793",4,"PT",43,1,2,1,4,5,3,4,5,7,5,6,3
"3794",1,"PT",46,2,1,1,8,4,2,3,0,0,3,4,3
"3795",6,"PT",61,2,4,3,2,5,4,4,8,8,2,2,3
"3796",4,"PT",38,1,7,1,77,5,1,3,6,5,4,5,3
"3797",4,"PT",61,1,2,1,88,5,1,5,7,3,2,4,3
"3798",4,"PT",43,2,5,4,6,3,1,3,7,5,5,3,3
"3799",3,"PT",28,2,6,2,88,5,2,3,8,5,3,4,3
"3800",4,"PT",58,2,7,1,10,5,2,3,5,6,4,5,9
"3801",4,"PT",70,1,4,6,6,5,2,2,7,8,4,4,3
"3802",4,"PT",49,1,4,1,6,5,2,4,10,0,0,5,3
"3803",5,"PT",36,1,4,5,4,4,3,3,5,5,3,4,4
"3804",4,"PT",45,2,4,1,4,5,3,3,7,4,4,3,3
"3805",4,"PT",57,1,2,1,7,3,3,4,2,0,1,1,3
"3806",4,"PT",39,2,1,1,5,5,3,5,10,2,4,3,4
"3807",6,"PT",60,2,2,1,5,5,2,3,7,8,3,4,3
"3808",4,"PT",41,1,4,1,9,5,1,2,5,2,2,4,2
"3809",4,"PT",54,1,2,3,5,5,3,4,10,0,6,6,4
"3810",4,"PT",61,2,7,1,8,5,2,4,6,6,3,3,3
"3811",4,"PT",26,1,5,1,6,5,2,4,7,7,4,4,4
"3812",4,"PT",50,2,1,4,3,3,4,3,5,3,2,2,5
"3813",4,"PT",42,2,4,1,3,3,3,3,5,1,4,4,3
"3814",4,"PT",54,2,4,5,77,5,2,4,10,0,6,3,3
"3815",1,"PT",67,1,4,6,88,3,2,4,6,5,5,5,3
"3816",4,"PT",52,2,7,1,7,5,1,3,5,1,99,99,9
"3817",4,"PT",49,2,2,5,77,5,3,5,10,7,4,3,3
"3818",1,"PT",56,2,4,1,3,5,2,3,10,0,5,6,9
"3819",3,"PT",37,2,7,1,3,5,4,4,6,10,4,4,3
"3820",3,"PT",53,2,4,8,4,5,3,4,10,1,3,3,3
"3821",4,"PT",77,1,1,6,3,5,2,3,5,4,4,5,3
"3822",4,"PT",31,2,4,3,3,5,2,4,7,0,5,5,2
"3823",4,"PT",83,1,1,6,8,5,2,5,7,99,0,0,3
"3824",4,"PT",61,1,7,1,77,3,1,3,5,5,4,5,2
"3825",4,"PT",80,1,4,6,9,5,1,4,8,8,4,3,2
"3826",1,"PT",56,2,4,1,4,5,2,3,9,8,5,5,2
"3827",4,"PT",47,2,7,1,9,5,3,3,6,9,4,5,3
"3828",4,"PT",57,1,4,1,77,4,2,3,8,5,5,5,2
"3829",5,"PT",43,1,2,1,77,5,2,4,9,8,4,5,4
"3830",4,"PT",56,2,1,1,88,4,2,3,5,5,3,5,2
"3831",4,"PT",29,1,5,2,77,5,7,4,7,7,3,4,4
"3832",4,"PT",29,2,6,1,77,5,2,3,7,7,1,6,2
"3833",3,"PT",22,2,4,2,77,5,2,2,7,6,3,2,5
"3834",4,"PT",29,2,2,4,77,5,3,3,5,4,0,2,3
"3835",7,"PT",34,2,7,3,5,5,1,5,5,2,4,1,2
"3836",3,"PT",39,2,4,1,8,5,2,3,7,8,6,4,3
"3837",4,"PT",55,2,4,1,8,2,2,4,7,3,3,5,4
"3838",4,"PT",34,2,7,8,5,5,3,3,5,2,0,4,2
"3839",1,"PT",42,2,4,1,6,5,2,3,5,5,4,4,3
"3840",3,"PT",51,2,6,1,3,5,3,5,8,3,3,4,2
"3841",4,"PT",63,1,4,1,7,5,2,4,9,7,2,4,4
"3842",1,"PT",69,1,1,6,77,5,2,2,0,5,5,5,2
"3843",4,"PT",42,1,7,1,5,5,1,4,6,4,3,5,3
"3844",4,"PT",53,2,1,1,77,2,3,4,9,0,3,3,4
"3845",4,"PT",36,2,4,4,77,5,3,5,9,3,0,0,9
"3846",3,"PT",37,1,6,2,6,5,2,2,4,4,2,2,2
"3847",1,"PT",37,2,6,1,7,5,2,3,1,6,4,5,3
"3848",4,"PT",53,1,2,5,5,5,3,3,4,7,3,3,3
"3849",3,"PT",49,1,2,4,5,5,3,4,6,2,2,2,4
"3850",6,"PT",55,2,6,1,9,5,1,4,9,5,4,6,1
"3851",4,"PT",62,2,6,1,77,5,2,5,6,0,2,2,1
"3852",3,"PT",44,2,2,1,88,5,2,3,7,0,4,4,3
"3853",3,"PT",62,2,4,1,9,5,3,5,10,3,3,4,2
"3854",4,"PT",52,2,4,1,5,5,2,3,5,8,4,4,3
"3855",4,"PT",36,2,2,1,4,5,2,4,7,0,2,2,3
"3856",4,"PT",64,2,2,8,3,5,1,5,10,3,4,5,2
"3857",4,"PT",52,2,2,1,6,5,1,3,8,7,4,5,3
"3858",4,"PT",69,2,2,6,2,5,4,3,8,4,4,3,3
"3859",4,"PT",41,2,4,3,6,5,2,2,5,7,3,5,3
"3860",5,"PT",61,1,7,1,5,5,2,3,8,3,4,5,2
"3861",4,"PT",27,2,4,1,4,5,2,3,7,8,4,4,1
"3862",1,"PT",42,2,4,1,5,5,3,3,7,10,2,0,4
"3863",1,"PT",38,2,4,3,4,3,3,3,7,2,3,3,4
"3864",4,"PT",35,2,4,1,4,5,1,4,10,3,4,3,3
"3865",3,"PT",44,2,4,3,4,5,2,4,7,1,1,3,1
"3866",1,"PT",71,1,7,6,9,5,2,5,8,7,4,5,4
"3867",4,"PT",41,2,2,3,4,5,2,4,7,8,4,4,4
"3868",4,"PT",55,2,4,1,88,5,1,3,9,8,4,4,3
"3869",4,"PT",43,2,4,1,6,5,3,3,3,3,3,4,3
"3870",1,"PT",37,2,4,1,5,5,2,3,10,0,0,6,3
"3871",4,"PT",64,1,4,1,6,5,2,3,6,5,3,2,3
"3872",3,"PT",24,2,4,2,4,5,1,4,6,5,3,3,3
"3873",4,"PT",31,1,4,1,8,5,2,3,3,5,5,4,3
"3874",5,"PT",37,1,7,1,10,5,1,3,7,0,2,3,3
"3875",4,"PT",64,1,1,1,77,3,2,2,5,5,3,4,4
"3876",4,"PT",57,2,2,3,4,5,2,5,10,5,4,3,3
"3877",3,"PT",73,2,4,1,88,5,1,5,10,8,0,2,1
"3878",2,"PT",82,1,1,6,3,4,2,5,10,1,3,5,2
"3879",5,"PT",65,1,4,8,77,5,2,5,9,10,3,5,2
"3880",4,"PT",50,1,4,1,88,5,2,4,8,6,4,4,3
"3881",4,"PT",58,1,1,1,7,5,2,4,5,5,3,6,2
"3882",4,"PT",73,1,4,6,77,5,2,3,8,5,5,4,4
"3883",4,"PT",63,1,1,1,5,5,2,5,8,8,5,4,5
"3884",3,"PT",70,1,1,6,3,3,2,4,7,5,3,2,2
"3885",1,"PT",53,2,7,1,9,5,1,5,10,9,5,6,2
"3886",4,"PT",32,1,7,1,7,5,2,3,5,3,4,4,3
"3887",5,"PT",45,1,4,1,77,5,2,3,7,6,3,5,2
"3888",4,"PT",83,1,2,1,9,5,2,4,5,10,2,5,2
"3889",4,"PT",31,2,7,1,6,5,1,2,6,5,3,5,3
"3890",4,"PT",36,2,4,1,9,5,2,3,10,5,3,3,3
"3891",4,"PT",56,1,4,1,3,5,4,3,7,1,6,3,5
"3892",4,"PT",37,2,6,2,4,5,2,5,10,3,5,4,3
"3893",5,"PT",69,1,7,6,9,5,1,5,10,7,3,6,2
"3894",4,"PT",27,2,4,1,10,5,1,3,8,3,4,5,3
"3895",1,"PT",55,2,2,5,4,5,1,4,99,4,1,2,3
"3896",4,"PT",43,1,5,1,6,5,3,3,6,7,3,4,2
"3897",1,"PT",36,2,6,1,6,5,2,3,8,2,5,5,4
"3898",4,"PT",40,2,4,1,2,5,2,4,8,5,6,6,3
"3899",4,"PT",46,1,6,1,8,5,2,4,5,5,5,5,3
"3900",3,"PT",76,2,6,6,7,2,1,3,7,4,0,0,4
"3901",4,"PT",41,2,7,1,77,5,2,3,5,5,5,5,2
"3902",4,"PT",53,1,1,1,9,5,2,3,5,10,1,3,3
"3903",4,"PT",71,1,6,6,77,5,2,3,7,4,3,4,2
"3904",4,"PT",28,2,7,1,5,5,1,5,7,4,4,4,4
"3905",4,"PT",68,2,4,1,6,5,2,3,7,5,3,3,3
"3906",4,"PT",52,1,4,1,88,5,2,3,9,2,2,4,2
"3907",7,"PT",57,1,4,1,5,5,2,4,8,99,5,5,1
"3908",4,"PT",55,1,2,1,9,5,3,3,7,2,2,3,3
"3909",3,"PT",23,2,4,2,1,5,2,2,2,5,4,3,2
"3910",4,"PT",50,1,4,3,4,5,4,5,10,0,6,2,5
"3911",4,"PT",71,2,2,1,8,5,2,5,2,99,2,1,9
"3912",1,"PT",78,1,4,6,77,5,2,4,8,6,4,5,3
"3913",4,"PT",63,2,7,1,10,5,1,3,6,1,3,6,9
"3914",4,"PT",64,2,7,1,4,5,1,4,8,2,2,5,2
"3915",3,"PT",72,2,5,1,6,5,3,4,6,3,1,4,3
"3916",4,"PT",30,1,7,1,8,5,2,3,6,5,3,4,2
"3917",4,"PT",66,2,2,6,9,5,2,3,6,3,2,4,3
"3918",1,"PT",50,2,5,1,5,5,1,3,2,10,2,4,2
"3919",3,"PT",64,2,4,1,2,4,3,3,10,0,0,1,5
"3920",4,"PT",47,2,4,1,2,3,2,4,7,5,2,4,3
"3921",4,"PT",34,1,7,1,8,5,1,4,8,8,3,4,2
"3922",3,"PT",59,2,1,3,2,5,3,2,5,0,2,2,2
"3923",4,"PT",33,2,4,1,88,5,2,2,5,0,3,4,3
"3924",4,"PT",56,2,2,1,5,4,4,4,10,3,1,3,4
"3925",4,"PT",58,2,7,1,5,4,2,3,9,4,1,5,2
"3926",4,"PT",36,2,4,1,4,5,2,3,9,10,4,4,3
"3927",4,"PT",42,2,4,1,2,5,4,3,5,3,3,2,2
"3928",1,"PT",76,1,4,6,6,5,2,3,9,5,3,3,3
"3929",4,"PT",56,1,1,5,5,5,3,3,9,5,3,3,3
"3930",4,"PT",57,2,1,1,6,5,2,2,0,8,4,4,2
"3931",5,"PT",52,1,6,1,8,5,2,3,7,3,4,3,4
"3932",4,"PT",59,2,7,1,77,5,1,3,7,7,3,5,4
"3933",1,"PT",74,2,5,6,6,5,2,4,5,5,1,1,4
"3934",5,"PT",43,1,7,1,10,5,2,4,7,2,5,5,2
"3935",3,"PT",35,2,5,1,8,5,2,4,7,9,4,6,2
"3936",4,"PT",38,2,7,1,7,5,2,3,7,6,4,4,3
"3937",4,"PT",49,2,7,1,10,5,1,4,10,5,5,2,3
"3938",4,"PT",43,2,6,1,10,5,2,4,9,7,5,5,4
"3939",4,"PT",77,2,4,6,3,5,3,5,5,5,1,0,4
"3940",1,"PT",40,1,7,1,8,5,1,3,5,5,3,3,3
"3941",1,"PT",44,1,4,1,77,5,2,3,5,3,2,4,2
"3942",4,"PT",57,1,5,1,7,4,2,3,6,7,4,5,2
"3943",4,"PT",51,1,2,1,7,5,1,3,8,4,4,5,2
"3944",4,"PT",39,1,2,1,5,5,2,3,10,10,4,4,1
"3945",4,"PT",43,2,6,1,3,5,2,4,7,6,5,4,3
"3946",4,"PT",60,2,5,1,8,5,2,4,8,99,3,6,3
"3947",5,"PT",58,1,1,6,2,4,2,4,8,3,2,4,3
"3948",1,"PT",55,1,7,5,9,5,2,5,10,8,3,0,1
"3949",4,"PT",49,2,6,1,9,5,2,4,10,5,3,3,3
"3950",4,"PT",62,1,2,1,10,5,1,4,9,6,3,5,2
"3951",3,"PT",49,2,7,1,8,4,1,3,5,8,4,4,2
"3952",1,"PT",68,1,7,1,10,5,1,5,10,5,2,4,3
"3953",4,"PT",61,2,6,1,77,5,2,5,8,5,3,4,3
"3954",4,"PT",50,2,7,1,10,5,2,4,9,5,3,4,2
"3955",4,"PT",44,2,4,4,77,5,2,2,0,99,2,2,3
"3956",1,"PT",47,2,7,1,3,5,2,4,8,3,3,6,2
"3957",4,"PT",37,2,7,1,77,5,2,3,7,3,3,4,3
"3958",6,"PT",24,1,4,2,1,5,2,3,5,8,3,3,3
"3959",6,"PT",73,2,4,6,88,1,2,4,10,7,3,5,3
"3960",4,"PT",44,1,6,1,10,5,1,4,7,2,4,5,2
"3961",1,"PT",70,2,7,6,9,5,1,3,7,7,3,6,1
"3962",4,"PT",38,2,4,1,3,5,2,3,7,7,4,5,4
"3963",4,"PT",36,2,7,1,6,5,2,4,10,4,3,5,3
"3964",4,"PT",48,1,4,1,77,2,2,4,6,5,2,4,4
"3965",5,"PT",53,2,7,1,5,5,2,4,8,6,4,3,2
"3966",4,"PT",35,2,4,1,5,5,3,4,4,5,3,5,3
"3967",3,"PT",46,2,4,1,3,5,3,2,2,6,5,2,4
"3968",3,"PT",53,2,2,1,88,3,4,3,5,6,3,3,3
"3969",3,"PT",47,1,2,1,5,5,2,3,6,8,3,5,3
"3970",6,"PT",54,2,7,4,77,5,2,4,8,7,5,6,2
"3971",1,"PT",70,1,2,5,2,5,3,5,10,8,1,0,3
"3972",4,"PT",59,1,7,1,10,5,1,4,8,5,3,4,2
"3973",4,"PT",33,1,4,1,10,5,1,2,3,0,5,5,3
"3974",7,"PT",69,1,7,1,77,5,1,5,10,2,99,99,9
"3975",4,"PT",43,2,6,1,9,5,2,3,8,8,4,5,2
"3976",4,"PT",56,2,7,1,10,5,2,4,10,6,3,3,2
"3977",4,"PT",35,2,7,1,5,5,2,4,10,5,4,5,4
"3978",1,"PT",73,1,5,9,77,5,2,5,10,5,3,5,2
"3979",4,"PT",38,2,5,2,6,5,2,3,7,1,2,2,3
"3980",4,"PT",43,2,2,1,7,5,2,2,6,3,4,6,4
"3981",3,"PT",27,1,6,1,88,5,1,2,7,5,5,5,2
"3982",4,"PT",44,2,2,1,5,5,3,5,5,10,3,3,3
"3983",3,"PT",82,2,7,6,77,5,1,4,10,3,3,6,3
"3984",6,"PT",57,2,1,1,5,4,2,3,5,7,3,3,3
"3985",3,"PT",22,2,4,2,88,5,2,4,7,4,2,3,5
"3986",4,"PT",25,2,6,2,7,5,2,3,8,6,4,5,5
"3987",3,"PT",57,2,2,3,9,5,3,3,5,3,2,2,5
"3988",4,"PT",64,2,1,1,3,2,2,4,6,5,3,3,2
"3989",1,"PT",77,1,7,6,10,5,1,5,10,99,3,5,3
"3990",4,"PT",77,1,2,6,7,2,2,4,7,6,3,4,3
"3991",4,"PT",60,1,4,1,5,5,2,5,10,9,5,4,3
"3992",5,"PT",34,1,4,1,77,4,2,4,8,10,3,1,3
"3993",4,"PT",34,1,6,1,10,5,1,5,9,9,5,5,2
"3994",4,"PT",46,2,6,1,77,5,3,5,10,5,3,2,2
"3995",4,"PT",53,2,7,3,4,5,2,3,5,5,2,2,3
"3996",4,"PT",61,1,6,1,7,5,2,3,7,99,4,4,3
"3997",4,"PT",68,2,1,6,3,5,3,4,10,2,4,4,3
"3998",3,"PT",51,2,4,1,77,5,3,5,8,2,0,0,4
"3999",4,"PT",39,1,2,3,6,5,3,1,0,2,2,0,3
"4000",1,"PT",67,1,4,9,77,3,2,4,8,7,4,5,1
"4001",1,"PT",65,2,4,6,6,5,2,3,5,5,1,5,3
"4002",1,"PT",36,2,4,1,5,5,2,4,8,4,2,5,3
"4003",3,"PT",53,1,7,1,10,5,1,4,10,6,4,6,3
"4004",4,"PT",44,1,5,1,6,5,2,4,7,3,4,5,2
"4005",4,"PT",58,1,7,1,77,5,1,3,7,2,5,6,2
"4006",4,"PT",61,2,4,1,8,4,2,4,8,9,99,99,9
"4007",1,"PT",70,2,4,6,77,5,4,5,9,0,5,5,4
"4008",6,"PT",32,2,7,1,9,5,1,4,7,6,3,5,2
"4009",1,"PT",84,2,5,6,77,3,2,4,10,9,4,5,2
"4010",4,"PT",49,2,7,1,6,5,2,3,8,3,5,5,3
"4011",4,"PT",46,2,7,1,77,5,2,4,7,3,2,3,4
"4012",5,"PT",29,2,7,1,7,5,2,3,7,6,4,99,2
"4013",1,"PT",71,1,4,6,77,2,1,4,10,8,5,6,1
"4014",4,"PT",45,2,4,3,6,5,2,2,5,1,3,4,9
"4015",4,"PT",48,2,7,1,5,5,2,5,9,6,4,5,2
"4016",5,"PT",49,2,4,1,8,5,1,5,8,1,6,4,1
"4017",4,"PT",30,2,7,1,77,5,1,3,7,9,4,5,3
"4018",3,"PT",61,1,2,1,9,5,3,5,6,5,1,3,3
"4019",4,"PT",27,2,6,1,6,5,3,3,6,3,2,3,3
"4020",4,"PT",44,2,7,1,10,5,1,4,8,1,4,6,4
"4021",4,"PT",34,2,6,1,8,5,2,4,5,2,2,4,3
"4022",4,"PT",28,2,7,1,5,5,2,4,10,3,4,5,1
"4023",4,"PT",42,2,4,1,7,5,2,3,6,5,4,4,3
"4024",2,"PT",43,2,7,9,10,5,1,4,7,1,2,4,3
"4025",3,"PT",46,2,7,1,77,5,2,5,9,3,1,4,3
"4026",7,"PT",56,2,2,1,5,3,2,3,10,0,5,4,2
"4027",4,"PT",26,2,6,1,88,2,2,4,7,8,4,5,4
"4028",7,"PT",28,1,7,1,77,5,2,3,5,8,2,3,2
"4029",4,"PT",59,1,4,3,7,5,2,2,4,5,3,3,3
"4030",4,"PT",68,1,7,6,77,5,2,4,7,2,5,4,3
"4031",4,"PT",51,1,2,1,7,5,2,4,8,6,4,5,3
"4032",6,"PT",71,1,4,6,10,5,1,4,8,8,5,5,3
"4033",4,"PT",77,1,7,6,77,5,1,3,8,8,2,4,3
"4034",1,"PT",26,1,7,2,3,5,2,2,2,8,0,5,4
"4035",4,"PT",43,1,2,1,8,5,1,2,4,7,3,3,2
"4036",1,"PT",51,2,2,1,6,5,2,5,10,4,3,4,3
"4037",1,"PT",52,2,2,1,88,5,4,2,6,7,4,3,3
"4038",5,"PT",61,1,2,1,10,5,1,4,9,3,1,5,1
"4039",1,"PT",39,2,7,1,3,5,2,5,10,9,3,5,2
"4040",3,"PT",48,2,1,1,6,5,3,1,0,10,0,6,4
"4041",6,"PT",71,2,7,4,8,5,2,5,9,0,3,1,4
"4042",4,"PT",62,1,2,1,7,3,1,3,7,3,4,5,2
"4043",4,"PT",68,1,7,9,7,4,2,5,8,4,2,4,3
"4044",4,"PT",44,1,7,1,77,5,1,4,8,5,4,5,3
"4045",3,"PT",29,2,6,1,88,5,2,4,6,5,3,3,3
"4046",5,"PT",27,2,4,1,8,5,2,5,8,6,3,5,3
"4047",4,"PT",57,2,4,1,7,5,2,5,8,4,6,5,5
"4048",6,"PT",72,2,1,8,5,5,3,4,10,4,2,3,2
"4049",1,"PT",51,2,7,1,8,5,2,4,10,9,5,5,3
"4050",3,"PT",60,2,6,1,5,4,2,3,6,5,4,3,4
"4051",3,"PT",57,2,7,1,6,5,2,3,9,6,4,4,2
"4052",4,"PT",57,2,4,1,8,5,1,4,8,6,3,4,4
"4053",4,"PT",55,2,4,1,8,5,1,4,3,8,0,5,2
"4054",4,"PT",45,1,4,1,7,5,3,5,8,8,4,4,3
"4055",1,"PT",59,1,4,1,8,5,3,3,5,5,1,5,3
"4056",4,"PT",54,2,1,3,3,5,4,4,10,2,4,4,3
"4057",4,"PT",60,1,7,1,9,5,2,3,7,2,3,4,3
"4058",4,"PT",62,1,2,1,2,5,4,3,9,2,5,5,3
"4059",4,"PT",39,2,4,1,77,5,1,3,5,5,2,5,9
"4060",3,"PT",49,2,6,1,4,5,3,3,8,7,4,3,5
"4061",3,"PT",44,2,7,1,77,5,2,4,8,10,3,4,5
"4062",1,"PT",71,2,1,6,6,4,2,4,10,10,3,6,2
"4063",4,"PT",32,1,7,1,77,5,1,3,0,8,4,6,3
"4064",4,"PT",34,1,4,1,77,5,2,2,3,10,1,5,2
"4065",1,"PT",67,2,2,6,5,5,2,3,8,8,5,5,3
"4066",4,"PT",62,2,4,9,6,4,2,3,7,7,2,6,3
"4067",5,"PT",81,1,1,6,5,5,1,5,10,4,0,3,2
"4068",4,"PT",45,2,4,1,6,5,2,3,5,7,3,5,3
"4069",4,"PT",43,2,6,1,77,5,2,5,6,3,1,5,4
"4070",4,"PT",43,1,1,1,2,5,2,3,5,0,2,4,3
"4071",4,"PT",71,1,2,6,4,2,2,2,3,6,6,6,1
"4072",4,"PT",48,2,6,1,10,5,2,3,7,5,5,4,4
"4073",4,"PT",35,2,2,1,5,5,2,3,6,8,5,5,3
"4074",4,"PT",70,1,5,1,7,5,2,4,8,9,5,5,3
"4075",4,"PT",54,2,4,1,7,5,3,3,10,5,4,5,9
"4076",4,"PT",41,1,7,1,77,5,1,3,5,7,3,3,3
"4077",1,"PT",80,1,1,6,3,5,2,4,10,4,6,3,3
"4078",1,"PT",40,2,4,1,6,5,1,4,8,2,3,2,3
"4079",4,"PT",38,2,6,1,77,5,2,4,6,6,4,5,4
"4080",4,"PT",56,1,4,1,7,5,2,3,9,6,4,5,2
"4081",1,"PT",42,2,7,1,8,5,1,3,5,4,3,3,4
"4082",4,"PT",56,1,4,1,77,5,1,4,7,3,3,4,3
"4083",4,"PT",77,1,6,6,10,5,1,3,7,5,3,1,3
"4084",4,"PT",58,1,1,4,5,5,3,4,8,6,3,4,3
"4085",3,"PT",53,2,4,1,9,5,1,3,5,0,3,4,3
"4086",5,"PT",56,2,7,1,6,5,2,4,7,0,6,6,4
"4087",4,"PT",44,2,7,1,77,5,2,3,5,2,1,4,3
"4088",4,"PT",38,1,5,1,6,5,2,3,5,0,4,4,3
"4089",4,"PT",74,1,2,6,77,3,2,5,7,6,2,5,2
"4090",1,"PT",47,2,4,1,6,5,2,2,5,5,4,4,4
"4091",3,"PT",42,1,6,1,9,5,1,4,7,1,2,4,3
"4092",1,"PT",34,2,7,1,6,5,1,5,8,5,5,5,2
"4093",4,"PT",74,2,2,6,8,5,2,5,7,0,4,5,4
"4094",4,"PT",50,1,5,4,4,5,2,3,5,5,2,2,3
"4095",4,"PT",68,1,7,1,10,5,2,3,8,3,3,5,3
"4096",1,"PT",49,1,7,1,10,5,1,4,8,4,4,5,3
"4097",4,"PT",49,2,6,3,8,5,1,5,7,5,4,1,3
"4098",4,"PT",48,1,7,1,10,5,2,4,2,0,0,4,2
"4099",4,"PT",74,1,1,6,5,5,2,2,4,7,2,5,2
"4100",4,"PT",34,2,6,1,5,5,3,5,6,0,4,4,3
"4101",4,"PT",61,2,2,5,6,5,3,4,6,9,3,3,3
"4102",1,"PT",56,2,5,1,7,5,1,3,6,0,4,4,4
"4103",4,"PT",47,2,4,1,7,5,2,4,5,5,2,5,4
"4104",1,"PT",90,2,2,6,3,5,2,1,0,10,5,99,1
"4105",4,"PT",33,2,1,1,77,5,2,3,5,4,3,4,3
"4106",4,"PT",38,2,4,8,77,5,2,5,10,3,4,4,4
"4107",4,"PT",25,1,4,4,3,5,2,4,7,4,3,4,2
"4108",4,"PT",36,1,6,1,8,5,2,3,6,4,5,6,3
"4109",4,"PT",49,1,4,1,3,2,2,5,3,5,2,4,4
"4110",4,"PT",28,1,6,3,6,5,2,1,0,7,4,5,4
"4111",3,"PT",36,1,4,1,6,5,1,9,8,2,3,2,3
"4112",3,"PT",27,1,6,2,77,5,1,3,7,7,2,5,2
"4113",1,"PT",59,2,4,1,7,5,1,4,10,5,3,2,3
"4114",4,"PT",63,2,6,1,7,5,2,4,8,8,3,5,2
"4115",4,"PT",63,1,4,4,77,2,2,4,2,0,2,3,3
"4116",5,"PT",52,2,7,1,77,5,2,4,8,0,4,4,2
"4117",5,"SI",60,1,6,1,10,5,1,4,10,5,6,6,2
"4118",4,"SI",45,1,6,1,6,5,2,5,4,4,1,3,5
"4119",4,"SI",36,2,4,1,4,5,2,3,7,6,3,2,3
"4120",4,"SI",26,1,4,1,3,5,2,2,5,5,3,4,2
"4121",4,"SI",45,1,4,1,5,5,2,3,7,7,3,5,3
"4122",4,"SI",41,1,6,1,6,5,1,3,4,3,4,5,3
"4123",4,"SI",56,1,6,1,9,4,1,4,9,8,3,5,3
"4124",1,"SI",25,2,4,1,10,5,1,4,10,8,3,4,5
"4125",5,"SI",64,1,7,1,10,5,1,3,6,5,3,3,2
"4126",1,"SI",70,2,4,88,2,5,2,3,9,9,6,6,1
"4127",4,"SI",47,2,6,1,6,5,1,2,5,8,6,4,2
"4128",2,"SI",29,2,4,1,9,5,1,4,7,4,1,4,2
"4129",4,"SI",74,1,4,6,2,5,2,3,5,5,3,4,3
"4130",4,"SI",23,1,2,2,9,5,1,3,5,7,5,4,2
"4131",4,"SI",59,1,2,1,3,5,1,3,7,0,2,6,4
"4132",4,"SI",43,2,6,1,8,5,1,3,7,3,2,5,3
"4133",4,"SI",63,1,5,8,77,5,1,3,5,3,1,2,3
"4134",6,"SI",60,2,4,1,10,4,1,3,6,4,3,4,3
"4135",4,"SI",36,2,7,1,3,5,2,3,6,6,6,6,2
"4136",4,"SI",41,2,5,1,6,5,2,3,5,1,3,4,4
"4137",2,"SI",51,1,6,1,8,5,1,3,6,2,2,5,3
"4138",4,"SI",57,1,6,1,10,5,1,3,5,8,2,5,3
"4139",3,"SI",30,2,6,1,3,5,1,3,7,6,4,6,2
"4140",4,"SI",48,1,4,1,3,5,2,3,6,5,5,4,3
"4141",4,"SI",76,2,5,8,4,3,1,4,2,2,4,5,3
"4142",4,"SI",75,2,5,6,6,5,1,3,8,4,4,5,3
"4143",4,"SI",29,2,6,2,8,5,1,4,7,4,5,4,4
"4144",1,"SI",64,2,5,1,8,5,1,3,5,5,4,5,2
"4145",4,"SI",44,2,6,1,8,5,1,3,7,6,1,6,4
"4146",4,"SI",37,2,4,1,4,5,1,3,10,5,3,6,3
"4147",4,"SI",36,2,7,1,4,5,1,3,6,1,4,5,3
"4148",4,"SI",57,1,5,1,8,5,1,4,8,8,4,4,3
"4149",4,"SI",31,2,6,1,3,5,2,3,5,7,2,3,3
"4150",4,"SI",38,1,4,1,7,5,1,4,5,5,3,4,4
"4151",4,"SI",57,2,6,1,9,5,1,3,5,8,2,4,3
"4152",4,"SI",39,2,6,8,9,5,1,3,7,4,6,4,3
"4153",4,"SI",23,1,2,2,88,5,1,3,8,6,4,6,2
"4154",4,"SI",27,2,4,1,8,5,1,3,7,5,6,3,2
"4155",3,"SI",87,1,5,6,77,5,2,3,2,8,4,5,3
"4156",4,"SI",54,2,6,1,77,5,1,3,6,5,4,5,3
"4157",4,"SI",61,1,3,3,1,2,1,2,7,9,5,5,3
"4158",4,"SI",61,1,4,1,7,5,2,5,3,9,2,5,3
"4159",4,"SI",51,2,6,1,6,5,2,4,7,3,3,5,3
"4160",4,"SI",27,2,4,8,9,5,2,4,7,2,4,5,3
"4161",4,"SI",86,2,5,6,2,5,1,3,6,6,3,6,3
"4162",4,"SI",28,2,4,2,8,5,1,3,5,5,4,6,3
"4163",1,"SI",59,1,4,3,1,5,3,4,2,0,0,6,5
"4164",4,"SI",25,1,4,2,7,5,1,3,3,6,1,6,2
"4165",4,"SI",39,2,6,1,10,5,1,2,7,2,3,4,3
"4166",4,"SI",38,1,4,1,5,5,3,2,5,10,3,3,3
"4167",4,"SI",58,1,4,1,3,5,2,4,2,0,1,2,2
"4168",4,"SI",74,2,5,6,6,5,1,3,8,2,4,5,3
"4169",5,"SI",40,1,4,1,10,5,1,3,6,3,4,4,3
"4170",4,"SI",50,1,5,1,5,5,1,2,2,6,3,4,3
"4171",4,"SI",35,1,7,1,10,5,1,4,8,7,4,5,3
"4172",4,"SI",49,1,6,1,5,5,1,3,8,8,2,5,3
"4173",4,"SI",46,2,7,1,10,5,1,3,8,0,6,5,4
"4174",4,"SI",36,2,7,1,8,5,1,4,8,1,4,4,2
"4175",2,"SI",30,2,4,1,3,5,2,4,10,2,3,2,3
"4176",4,"SI",60,2,6,1,10,5,1,4,8,4,4,5,3
"4177",4,"SI",54,1,5,1,6,5,1,4,9,0,3,3,4
"4178",4,"SI",50,2,4,1,2,5,3,4,5,4,3,4,2
"4179",4,"SI",46,2,4,1,5,5,2,3,10,0,3,3,3
"4180",4,"SI",35,2,3,1,4,3,2,4,5,2,2,3,4
"4181",2,"SI",44,1,6,1,7,5,1,3,8,8,5,6,1
"4182",2,"SI",46,2,6,1,6,5,2,3,7,4,1,5,2
"4183",4,"SI",59,2,4,1,7,5,1,4,9,5,6,5,4
"4184",4,"SI",48,2,7,1,10,5,1,5,5,5,3,6,1
"4185",2,"SI",71,2,5,6,9,5,1,4,6,7,5,5,3
"4186",1,"SI",79,2,7,6,3,5,2,3,8,8,4,5,3
"4187",4,"SI",34,2,6,1,5,5,1,3,3,0,3,2,9
"4188",4,"SI",28,2,4,8,5,5,2,3,5,3,4,4,5
"4189",4,"SI",58,1,7,1,10,5,1,2,5,0,2,5,5
"4190",4,"SI",70,1,7,1,9,5,1,3,7,5,4,5,3
"4191",4,"SI",58,2,6,1,10,4,1,3,7,3,5,5,2
"4192",4,"SI",24,2,4,2,9,5,1,3,5,5,3,3,3
"4193",3,"SI",70,2,6,1,5,5,1,4,9,7,5,5,3
"4194",4,"SI",63,1,4,1,4,5,1,3,5,0,6,5,3
"4195",3,"SI",60,2,2,1,4,3,2,5,10,5,0,3,4
"4196",4,"SI",24,1,4,2,6,5,1,4,9,0,6,6,3
"4197",3,"SI",75,2,6,6,5,5,1,4,1,9,1,5,2
"4198",5,"SI",45,2,6,1,7,5,1,4,9,6,3,5,2
"4199",4,"SI",37,2,6,1,4,5,2,4,6,7,4,5,3
"4200",4,"SI",67,1,4,6,7,3,2,2,4,3,2,6,4
"4201",4,"SI",55,1,4,1,77,5,2,4,4,1,5,2,3
"4202",3,"SI",37,2,7,1,3,5,1,2,5,7,3,5,2
"4203",4,"SI",46,2,6,1,10,5,1,4,7,6,4,5,3
"4204",4,"SI",71,2,3,6,2,2,2,4,7,6,4,5,4
"4205",4,"SI",50,2,7,1,8,5,1,3,6,1,4,4,3
"4206",4,"SI",71,2,6,1,5,5,1,1,3,0,2,5,4
"4207",4,"SI",63,1,4,5,3,5,2,3,0,6,2,4,3
"4208",4,"SI",26,1,4,2,88,5,2,3,5,8,4,6,3
"4209",4,"SI",59,1,4,1,10,5,1,5,10,1,4,4,3
"4210",4,"SI",42,2,3,1,77,5,2,3,2,4,3,2,4
"4211",4,"SI",32,2,5,1,8,4,1,4,8,6,3,3,3
"4212",5,"SI",56,1,3,1,10,5,1,3,8,5,0,5,4
"4213",2,"SI",61,2,5,1,4,5,2,3,8,7,4,6,2
"4214",4,"SI",49,2,6,1,3,5,1,2,2,7,1,5,3
"4215",4,"SI",27,1,4,2,1,5,1,3,6,0,1,3,3
"4216",4,"SI",63,2,6,1,3,5,1,4,8,5,4,6,3
"4217",4,"SI",62,1,4,1,7,5,1,4,6,0,2,5,3
"4218",4,"SI",63,1,6,1,10,5,1,2,6,3,3,4,3
"4219",1,"SI",64,1,4,1,8,5,2,2,3,6,3,4,3
"4220",1,"SI",49,2,4,3,2,5,4,5,0,0,5,3,5
"4221",4,"SI",53,2,6,1,9,5,1,3,99,3,2,5,4
"4222",4,"SI",67,1,6,1,7,4,1,4,7,2,4,4,3
"4223",5,"SI",63,1,3,1,10,5,1,3,7,8,6,3,3
"4224",4,"SI",28,2,6,2,3,5,1,4,9,6,4,4,3
"4225",4,"SI",37,2,6,1,3,5,2,4,3,4,5,5,4
"4226",3,"SI",50,1,4,1,8,5,1,2,3,2,4,4,4
"4227",5,"SI",38,2,6,1,9,5,1,3,7,7,4,99,3
"4228",4,"SI",49,2,5,1,10,5,2,4,8,5,2,5,4
"4229",4,"SI",49,1,4,1,3,5,2,3,8,8,4,5,3
"4230",3,"SI",32,2,6,1,88,5,1,4,4,8,4,6,4
"4231",4,"SI",66,1,3,1,6,5,1,3,10,10,5,6,3
"4232",4,"SI",78,2,3,6,6,2,1,3,5,7,3,6,2
"4233",1,"SI",55,2,6,1,7,5,2,3,7,8,5,5,4
"4234",2,"SI",65,1,6,1,7,5,2,4,8,4,3,3,3
"4235",2,"SI",64,1,3,1,4,3,1,4,6,8,5,6,3
"4236",1,"SI",42,2,4,1,3,5,2,4,8,7,3,4,3
"4237",4,"SI",29,2,4,8,5,5,1,3,5,7,5,4,3
"4238",4,"SI",61,1,3,1,6,5,2,1,3,10,4,6,1
"4239",4,"SI",40,2,7,1,7,5,1,3,6,6,5,5,3
"4240",4,"SI",53,2,7,1,10,5,1,4,7,3,4,5,3
"4241",4,"SI",63,2,5,1,8,5,1,4,3,3,3,6,3
"4242",4,"SI",57,1,6,8,6,5,1,3,5,3,5,6,3
"4243",4,"SI",46,2,6,1,10,5,1,2,9,5,4,4,3
"4244",3,"SI",54,2,3,1,4,5,2,3,5,8,1,4,3
"4245",4,"SI",31,2,6,8,6,5,1,3,6,7,3,3,4
"4246",4,"SI",54,1,3,1,8,5,1,2,9,99,2,5,9
"4247",1,"SI",51,2,4,1,2,5,2,2,0,5,4,3,4
"4248",4,"SI",50,2,4,1,3,4,2,3,8,5,3,5,4
"4249",4,"SI",71,2,4,6,5,5,1,3,5,6,3,5,4
"4250",3,"SI",69,2,4,6,7,3,1,4,6,5,1,99,4
"4251",1,"SI",66,2,4,1,8,5,1,5,10,0,4,3,3
"4252",4,"SI",46,2,4,1,7,5,1,3,3,4,5,5,3
"4253",3,"SI",86,2,4,6,3,5,1,4,7,10,5,6,3
"4254",4,"SI",28,1,4,2,4,4,1,2,7,5,3,3,2
"4255",4,"SI",67,1,4,6,5,2,2,3,5,5,4,4,3
"4256",4,"SI",36,1,7,1,7,5,1,3,5,6,5,5,3
"4257",4,"SI",36,1,4,1,8,5,1,4,5,3,99,4,3
"4258",1,"SI",44,2,4,1,3,5,2,3,5,6,0,0,4
"4259",4,"SI",28,1,6,2,7,3,1,3,7,1,3,3,3
"4260",4,"SI",54,2,4,1,6,5,2,4,5,6,0,3,4
"4261",6,"SI",57,2,6,1,6,5,1,3,8,9,5,4,3
"4262",4,"SI",41,2,6,1,10,5,1,3,7,7,5,4,3
"4263",1,"SI",40,2,3,1,4,5,3,4,99,9,4,4,9
"4264",6,"SI",36,1,6,1,8,5,1,3,6,6,4,5,3
"4265",1,"SI",69,1,4,6,4,5,1,3,10,5,1,6,1
"4266",4,"SI",37,2,6,1,4,4,2,2,10,5,6,5,5
"4267",4,"SI",43,2,5,1,10,5,1,3,5,3,1,2,3
"4268",3,"SI",57,1,4,1,7,2,1,3,4,5,1,5,3
"4269",3,"SI",29,1,4,1,9,5,1,3,1,4,3,4,3
"4270",4,"SI",51,2,4,1,6,5,2,4,8,2,3,4,3
"4271",4,"SI",69,2,3,8,4,5,2,4,5,5,99,4,3
"4272",3,"SI",75,1,6,6,2,5,2,2,5,5,4,4,3
"4273",6,"SI",79,2,4,6,4,5,2,3,5,5,3,6,3
"4274",4,"SI",56,1,6,1,10,5,1,3,10,4,1,6,3
"4275",4,"SI",32,2,6,1,5,4,2,3,99,2,4,4,3
"4276",4,"SI",45,1,5,1,8,5,1,2,0,8,2,5,5
"4277",5,"SI",69,1,6,6,9,5,1,3,6,5,4,6,2
"4278",4,"SI",63,2,7,8,6,5,1,3,5,4,4,5,3
"4279",6,"SI",61,2,6,1,5,5,1,4,6,1,3,4,2
"4280",4,"SI",36,1,4,1,5,5,1,3,4,8,4,5,3
"4281",4,"SI",24,1,3,1,10,5,1,4,6,6,5,4,4
"4282",1,"SI",77,2,4,6,1,5,3,4,10,9,0,6,3
"4283",4,"SI",29,2,4,8,10,5,1,3,4,2,0,2,2
"4284",4,"SI",47,2,7,1,2,5,1,4,6,7,0,3,4
"4285",4,"SI",23,2,3,3,3,5,1,3,7,5,3,3,5
"4286",4,"SI",42,2,4,8,10,5,1,3,9,0,3,4,4
"4287",4,"SI",53,2,3,1,2,3,2,3,5,8,2,3,4
"4288",4,"SI",27,2,4,2,8,5,1,4,6,3,4,5,3
"4289",4,"SI",41,2,2,1,7,5,1,3,6,10,1,1,4
"4290",4,"SI",49,2,4,1,3,5,2,5,10,5,6,4,4
"4291",4,"SI",50,1,6,1,5,5,1,4,99,5,3,3,3
"4292",4,"SI",77,1,4,8,7,5,2,5,6,4,0,6,2
"4293",5,"SI",54,1,6,1,10,5,1,3,3,5,4,5,3
"4294",4,"SI",52,2,7,1,7,5,2,4,2,0,3,2,4
"4295",4,"SI",43,1,4,1,6,3,1,4,10,10,4,4,3
"4296",4,"SI",47,1,6,1,6,5,2,3,6,9,1,5,2
"4297",2,"SI",41,2,7,1,8,5,1,4,8,4,3,5,2
"4298",4,"SI",81,2,3,6,6,5,2,3,5,5,0,99,3
"4299",4,"SI",38,2,3,1,6,5,1,3,5,1,4,3,2
"4300",4,"SI",66,2,4,6,8,5,2,4,3,3,3,4,3
"4301",4,"SI",38,1,6,1,8,4,1,4,7,8,4,4,3
"4302",4,"SI",41,1,4,1,6,5,1,3,3,2,2,5,3
"4303",4,"SI",30,1,4,1,10,5,1,3,5,8,6,6,2
"4304",4,"SI",61,1,4,1,7,5,1,4,2,5,5,5,3
"4305",2,"SI",29,1,2,1,7,5,1,4,7,8,2,5,2
"4306",4,"SI",23,2,4,2,4,5,1,2,5,3,3,5,3
"4307",4,"SI",49,2,6,1,6,5,1,4,9,2,5,5,3
"4308",3,"SI",77,2,4,6,5,5,2,3,7,8,5,4,2
"4309",4,"SI",63,1,4,1,8,5,1,3,5,3,0,2,3
"4310",4,"SI",43,1,4,1,8,5,2,3,5,0,3,6,5
"4311",4,"SI",36,2,3,1,4,5,1,3,6,6,0,3,3
"4312",4,"SI",39,1,4,1,6,5,2,5,5,4,5,5,3
"4313",3,"SI",28,2,6,2,9,5,1,3,3,6,4,5,2
"4314",1,"SI",68,2,4,8,7,5,1,3,4,7,2,5,4
"4315",4,"SI",75,1,2,6,2,5,1,3,7,5,5,6,3
"4316",4,"SI",24,1,4,2,77,5,1,3,5,5,4,6,3
"4317",4,"SI",69,1,6,6,10,5,1,4,2,0,6,6,1
"4318",4,"SI",33,1,4,1,7,5,1,4,4,3,3,3,3
"4319",4,"SI",46,2,6,1,7,5,1,4,8,5,4,6,3
"4320",2,"SI",36,2,7,8,6,5,1,3,8,5,5,4,2
"4321",1,"SI",33,2,6,1,10,5,1,4,7,4,3,4,2
"4322",4,"SI",35,2,7,8,7,5,1,5,8,7,4,4,4
"4323",4,"SI",35,1,6,1,9,5,1,4,5,5,5,5,2
"4324",1,"SI",25,1,4,2,1,5,1,1,1,8,3,4,4
"4325",4,"SI",42,1,3,1,5,5,1,3,5,5,5,4,3
"4326",6,"SI",54,2,6,1,10,5,1,4,8,8,4,5,4
"4327",4,"SI",39,2,6,1,7,4,1,3,8,8,2,4,3
"4328",4,"SI",47,2,6,1,9,5,1,3,6,9,4,5,3
"4329",5,"SI",43,2,6,1,6,5,1,3,8,8,5,4,3
"4330",4,"SI",54,2,6,8,8,5,1,2,0,6,5,6,1
"4331",4,"SI",48,1,4,1,2,5,2,3,7,7,3,5,3
"4332",4,"SI",44,1,6,1,7,5,1,2,5,2,5,6,3
"4333",4,"SI",70,1,3,6,4,5,1,3,3,5,5,6,3
"4334",4,"SI",47,1,4,1,9,5,1,2,5,5,1,3,1
"4335",1,"SI",62,2,5,1,7,5,1,4,7,5,3,4,3
"4336",4,"SI",45,2,4,1,5,5,2,2,5,6,3,4,3
"4337",4,"SI",33,2,4,1,2,5,2,3,4,6,3,3,3
"4338",4,"SI",54,2,4,1,2,5,2,3,9,0,2,3,4
"4339",4,"SI",51,2,6,8,8,5,1,3,4,4,3,4,4
"4340",1,"SI",57,1,3,1,7,4,1,4,8,8,1,4,4
"4341",5,"SI",28,1,4,2,8,5,1,3,9,6,6,4,2
"4342",4,"SI",50,2,4,1,5,5,1,3,9,1,5,5,3
"4343",4,"SI",31,1,6,1,8,5,1,4,8,3,3,6,3
"4344",4,"SI",27,2,4,2,77,5,2,3,5,5,3,3,4
"4345",4,"SI",41,1,6,1,9,5,1,2,7,0,4,5,3
"4346",2,"SI",57,2,6,1,7,5,1,3,6,7,4,5,2
"4347",4,"SI",64,2,2,1,77,4,1,4,8,8,5,5,4
"4348",4,"SI",24,2,4,2,6,5,1,3,8,7,4,2,2
"4349",4,"SI",62,1,7,1,10,5,1,3,5,1,1,4,3
"4350",3,"SI",23,2,2,2,8,5,1,3,5,0,6,3,2
"4351",1,"SI",37,2,6,1,88,5,1,3,8,8,3,4,3
"4352",4,"SI",83,1,4,6,8,1,2,3,5,7,2,4,2
"4353",4,"SI",39,2,7,1,4,5,1,4,8,0,4,6,3
"4354",1,"SI",35,2,6,1,10,5,1,4,8,1,3,6,3
"4355",4,"SI",59,1,4,1,9,5,1,5,10,2,4,4,4
"4356",4,"SI",63,1,4,1,7,3,2,4,8,6,4,4,2
"4357",4,"SI",51,1,6,1,7,5,1,2,5,4,4,4,3
"4358",1,"SI",58,2,7,1,5,5,1,2,99,5,99,99,9
"4359",4,"SI",36,2,6,1,6,3,1,4,5,3,4,3,3
"4360",1,"SI",70,2,6,6,8,5,1,4,7,5,1,3,4
"4361",1,"SI",41,1,4,1,5,5,1,3,7,7,4,6,1
"4362",3,"SI",25,2,3,2,6,5,1,3,5,5,3,3,3
"4363",4,"SI",48,2,4,8,7,5,1,4,5,5,0,2,3
"4364",4,"SI",59,2,4,1,5,2,2,4,2,4,3,5,4
"4365",4,"SI",37,2,6,1,7,5,1,3,7,7,3,5,3
"4366",4,"SI",41,2,5,1,8,5,1,4,6,6,3,5,2
"4367",4,"SI",52,2,4,1,5,5,2,4,8,3,4,4,4
"4368",4,"SI",48,2,6,1,8,5,1,5,10,4,4,6,3
"4369",4,"SI",63,1,4,4,4,4,2,3,7,9,4,4,4
"4370",1,"SI",34,1,6,2,5,5,1,3,0,8,4,3,3
"4371",4,"SI",43,2,6,8,3,5,2,5,10,0,4,3,2
"4372",4,"SI",23,1,2,2,5,5,2,5,7,6,4,5,4
"4373",4,"SI",68,1,7,6,10,5,1,2,9,5,5,2,4
"4374",4,"SI",55,1,3,1,6,4,2,4,4,5,3,5,4
"4375",4,"SI",36,1,6,1,5,5,2,4,5,5,2,2,4
"4376",4,"SI",23,2,2,2,88,5,2,2,5,4,2,5,3
"4377",6,"SI",84,1,4,6,4,2,2,2,2,5,5,5,3
"4378",7,"SI",59,1,4,1,9,5,1,3,8,7,4,5,3
"4379",1,"SI",45,2,6,1,2,5,3,3,5,0,0,5,3
"4380",4,"SI",41,1,4,1,2,5,2,2,5,7,4,4,4
"4381",4,"SI",56,2,6,1,5,5,2,3,7,5,4,5,4
"4382",4,"SI",48,2,4,1,10,5,1,3,5,5,4,5,3
"4383",6,"SI",61,2,6,1,3,5,2,4,3,7,2,4,4
"4384",5,"SI",80,2,6,6,4,5,1,4,10,8,4,4,2
"4385",4,"SI",54,2,5,1,8,5,2,3,4,10,4,5,3
"4386",4,"SI",31,2,4,1,10,5,1,3,5,4,4,6,2
"4387",6,"SI",67,1,6,1,7,5,1,4,1,8,5,4,1
"4388",4,"SI",39,1,4,1,5,5,1,2,6,8,4,5,3
"4389",4,"SI",76,1,3,8,4,5,2,3,6,0,0,2,4
"4390",1,"SI",34,2,7,1,77,5,2,4,6,5,3,4,3
"4391",2,"SI",72,1,5,6,5,5,2,3,8,8,3,5,2
"4392",4,"SI",55,1,6,1,77,5,1,4,3,3,4,5,3
"4393",4,"SI",72,1,4,6,6,3,1,3,5,2,4,6,3
"4394",4,"SI",59,2,4,8,3,4,2,4,5,2,3,3,4
"4395",4,"SI",44,1,3,1,7,5,1,3,5,10,5,6,3
"4396",4,"SI",58,2,7,1,77,5,1,4,8,5,4,4,2
"4397",1,"SI",80,1,4,6,4,5,1,3,8,5,4,6,3
"4398",4,"SI",62,2,4,1,10,3,1,4,10,99,4,2,3
"4399",2,"SI",38,2,6,1,6,5,1,4,7,1,3,5,3
"4400",1,"SI",42,1,6,1,8,5,1,3,8,6,3,3,3
"4401",7,"SI",24,2,4,2,88,5,1,3,5,5,2,4,2
"4402",4,"SI",79,1,4,6,5,5,2,3,3,8,5,5,3
"4403",7,"SI",80,1,3,6,1,5,2,3,10,4,0,3,4
"4404",4,"SI",73,2,7,6,77,5,1,3,1,7,1,2,5
"4405",4,"SI",34,1,3,1,6,5,1,2,0,4,4,4,5
"4406",4,"SI",50,1,4,1,9,5,1,3,3,2,3,5,3
"4407",4,"SI",60,2,5,1,9,5,1,3,10,7,5,5,2
"4408",3,"SI",24,2,4,2,9,4,4,4,7,6,4,5,3
"4409",4,"SI",30,2,3,1,4,5,2,3,5,5,2,3,5
"4410",4,"SI",72,2,6,6,5,5,1,3,2,7,3,6,2
"4411",4,"SI",85,1,5,6,5,3,1,4,10,7,5,6,3
"4412",4,"SI",40,2,6,1,9,5,1,3,5,4,2,4,4
"4413",1,"SI",61,2,2,8,3,2,2,4,8,0,3,4,5
"4414",4,"SI",37,1,6,1,9,5,1,4,8,2,3,5,4
"4415",4,"SI",56,2,5,1,4,5,1,3,5,3,3,4,3
"4416",4,"SI",39,2,4,1,6,5,1,3,5,6,5,5,3
"4417",4,"SI",66,2,6,9,77,5,2,4,7,6,3,3,3
"4418",4,"SI",47,1,3,1,7,5,1,3,7,5,3,3,3
"4419",4,"SI",74,1,6,6,77,4,1,4,5,99,2,5,4
"4420",3,"SI",67,2,4,6,5,5,2,4,5,0,2,2,5
"4421",4,"SI",66,1,4,1,5,5,1,3,5,7,2,4,3
"4422",4,"SI",38,1,4,1,8,5,1,4,7,6,3,6,3
"4423",4,"SI",28,1,4,1,7,5,1,3,7,0,5,4,5
"4424",3,"SI",66,2,4,8,4,2,2,5,8,8,4,6,4
"4425",4,"SI",28,2,6,1,3,5,1,3,5,3,5,4,3
"4426",4,"SI",26,2,4,2,9,5,1,4,3,3,5,4,4
"4427",1,"SI",68,1,4,6,6,5,1,4,5,7,4,6,2
"4428",4,"SI",37,2,6,1,10,5,1,3,3,0,4,4,4
"4429",5,"SI",43,1,6,1,9,5,1,3,6,4,4,4,2
"4430",4,"SI",42,2,7,8,8,3,1,3,8,5,3,5,2
"4431",4,"SI",46,2,7,1,6,5,1,3,7,0,2,3,9
"4432",4,"SI",49,2,6,1,4,5,3,3,5,0,4,5,1
"4433",4,"SI",44,2,4,1,77,5,2,1,0,99,6,4,4
"4434",9,"SI",37,2,6,8,8,5,1,9,99,99,99,99,9
"4435",2,"SI",57,1,4,6,4,5,1,3,6,0,3,5,1
"4436",5,"SI",46,2,4,1,8,5,1,4,1,1,4,5,4
"4437",5,"SI",69,1,6,8,8,5,1,2,5,8,5,6,2
"4438",4,"SI",67,2,4,6,7,5,1,5,10,7,3,5,2
"4439",1,"SI",83,1,4,6,6,5,1,3,3,8,4,5,1
"4440",3,"SI",24,2,4,2,2,5,4,4,7,8,3,4,3
"4441",4,"SI",34,2,6,1,6,5,1,2,5,8,0,2,5
"4442",5,"SI",60,1,3,1,7,5,1,4,10,5,6,5,4
"4443",4,"SI",48,1,3,8,1,1,4,1,0,7,2,2,3
"4444",3,"SI",64,1,4,6,4,5,1,3,5,8,0,0,3
"4445",4,"SI",61,2,6,1,9,5,1,3,1,3,5,6,3
"4446",4,"SI",60,1,6,1,8,5,1,3,6,5,4,6,1
"4447",1,"SI",77,2,4,8,4,5,1,2,6,6,4,4,3
"4448",4,"SI",48,2,6,1,5,5,2,4,7,0,5,4,5
"4449",4,"SI",25,2,4,2,88,5,2,5,8,0,2,4,4
"4450",4,"SI",34,1,6,1,7,5,1,5,5,0,2,6,2
"4451",4,"SI",41,2,7,1,8,5,1,3,2,8,3,4,3
"4452",4,"SI",44,1,4,1,7,5,2,4,7,3,2,4,3
"4453",5,"SI",53,2,6,1,9,5,1,3,7,8,2,5,3
"4454",3,"SI",63,1,7,1,10,5,1,2,5,8,3,5,2
"4455",4,"SI",59,2,6,1,9,5,1,4,8,3,4,5,3
"4456",4,"SI",65,1,2,6,3,3,2,4,7,2,3,5,3
"4457",4,"SI",47,1,4,1,4,5,1,3,8,1,5,5,2
"4458",4,"SI",32,2,7,1,6,5,1,5,10,3,5,3,4
"4459",4,"SI",27,2,4,2,6,5,1,5,8,3,4,4,5
"4460",2,"SI",24,1,4,2,7,5,1,4,7,6,6,4,3
"4461",4,"SI",45,2,4,1,6,5,2,3,5,5,4,6,3
"4462",4,"SI",58,1,2,1,8,3,2,1,0,5,5,5,1
"4463",2,"SI",80,1,7,6,5,5,1,4,7,7,3,5,2
"4464",3,"SI",75,2,2,6,2,5,2,4,10,5,3,6,4
"4465",5,"SI",40,2,4,1,10,5,1,3,7,7,6,4,2
"4466",1,"SI",69,1,4,1,10,5,1,3,5,2,2,5,2
"4467",4,"SI",53,2,6,1,10,5,1,4,7,3,3,5,3
"4468",4,"SI",38,2,4,1,6,5,1,2,5,8,5,4,3
"4469",4,"SI",32,1,6,1,8,5,1,3,5,2,5,5,4
"4470",3,"SI",51,1,3,1,4,5,2,4,7,7,3,3,4
"4471",4,"SI",61,1,4,1,7,5,1,4,6,5,3,5,3
"4472",4,"SI",42,2,6,1,7,5,1,3,10,3,2,5,4
"4473",4,"SI",48,2,6,1,9,5,1,9,99,5,99,99,9
"4474",4,"SI",55,1,3,1,5,5,2,2,1,0,2,1,5
"4475",4,"SI",58,1,5,1,9,5,1,3,3,3,3,5,9
"4476",4,"SI",25,2,4,2,8,5,1,4,7,7,2,1,5
"4477",1,"SI",23,2,2,2,6,5,1,3,2,2,4,5,3
"4478",1,"SI",63,2,3,6,1,5,2,4,99,10,3,6,3
"4479",4,"SI",50,1,4,1,9,5,1,3,8,5,6,6,3
"4480",1,"SI",25,2,99,2,6,5,2,5,9,3,0,3,4
"4481",4,"SI",73,1,3,6,5,5,2,3,4,4,2,4,3
"4482",3,"SI",54,1,3,1,7,5,1,3,5,7,3,99,3
"4483",4,"SI",35,1,7,1,10,5,1,4,7,2,3,3,5
"4484",1,"SI",40,1,6,1,7,5,2,3,6,5,5,5,2
"4485",1,"SI",70,2,6,6,5,5,1,4,7,7,2,3,3
"4486",1,"SI",37,1,4,1,7,5,1,4,6,4,4,99,9
"4487",4,"SI",49,2,5,1,3,5,2,3,6,8,4,5,2
"4488",4,"SI",33,1,4,1,5,5,2,2,9,9,4,3,4
"4489",4,"SI",52,1,4,1,6,5,2,4,4,6,5,3,5
"4490",4,"SI",45,2,7,1,3,5,1,4,5,3,5,5,3
"4491",5,"SI",34,2,7,2,9,5,1,3,4,9,3,2,4
"4492",4,"SI",34,1,4,1,6,5,2,3,5,5,5,4,3
"4493",4,"SI",52,1,6,1,10,5,1,2,3,4,2,5,4
"4494",4,"SI",32,1,7,1,10,5,1,2,0,7,5,5,3
"4495",5,"SI",71,2,4,6,4,5,2,4,9,0,4,4,3
"4496",4,"SI",48,2,6,1,9,5,2,2,5,3,5,4,5
"4497",2,"SI",45,2,6,1,6,5,1,5,9,7,3,5,3
"4498",4,"SI",38,2,4,1,4,5,2,4,8,3,2,3,4
"4499",4,"SI",29,2,4,1,5,5,3,4,5,5,5,5,5
"4500",4,"SI",65,1,4,1,5,4,2,2,5,5,4,5,3
"4501",1,"SI",83,2,6,6,7,5,1,4,6,3,3,6,3
"4502",4,"SI",55,2,5,1,5,5,2,4,10,5,5,6,4
"4503",6,"SI",47,1,3,1,4,5,1,3,5,6,2,3,5
"4504",3,"SI",28,2,4,2,4,5,3,5,10,8,2,4,2
"4505",4,"SI",48,1,6,1,10,5,1,4,0,0,3,1,4
"4506",4,"SI",67,2,4,8,9,5,2,5,3,4,5,5,4
"4507",4,"SI",55,1,4,1,8,2,1,3,5,0,6,5,2
"4508",4,"SI",26,2,4,2,6,5,1,4,7,2,3,5,5
"4509",2,"SI",47,2,5,1,4,5,2,4,10,8,5,4,2
"4510",4,"SI",59,2,7,1,9,5,1,3,6,0,3,2,5
"4511",4,"SI",84,1,4,6,7,5,1,3,3,6,5,6,2
"4512",3,"SI",54,2,4,1,5,5,1,3,4,1,5,5,4
"4513",1,"SI",51,2,6,1,5,5,2,3,7,5,5,5,2
"4514",4,"SI",59,2,6,1,6,5,1,3,5,5,3,6,2
"4515",4,"SI",59,2,3,1,2,5,1,3,5,0,4,3,5
"4516",4,"SI",58,2,3,1,8,5,2,4,5,2,4,5,4
"4517",3,"SI",41,2,5,3,2,5,3,3,5,4,4,5,4
"4518",4,"SI",25,1,3,2,1,5,3,3,6,6,4,4,3
"4519",2,"SI",71,1,6,6,6,5,1,3,3,10,4,4,4
"4520",1,"SI",62,1,4,3,2,5,3,2,2,9,0,6,3
"4521",4,"SI",40,2,6,8,10,5,1,3,5,8,5,4,2
"4522",3,"SI",45,2,6,1,4,5,1,1,1,5,0,6,3
"4523",4,"SI",49,1,3,1,5,5,2,2,5,3,5,3,3
"4524",2,"SI",56,1,4,1,5,5,1,3,2,7,2,5,3
"4525",5,"SI",43,2,6,1,9,5,2,3,5,5,3,4,3
"4526",4,"SI",78,1,6,6,8,5,1,2,5,3,3,5,3
"4527",4,"SI",28,2,6,1,88,5,1,3,7,4,4,3,3
"4528",4,"SI",36,1,6,1,3,5,1,4,6,1,3,2,4
"4529",2,"SI",48,2,6,8,2,5,4,2,10,10,0,5,2
"4530",4,"SI",27,1,4,1,6,5,1,4,3,5,6,5,2
"4531",4,"SI",36,2,6,2,6,5,1,4,8,10,5,4,3
"4532",4,"SI",54,2,4,1,2,5,2,3,6,10,6,6,3
"4533",7,"SI",59,1,6,3,5,5,2,3,9,6,5,4,4
"4534",1,"SI",54,2,3,1,6,5,1,1,0,5,3,3,3
"4535",1,"SI",59,1,5,1,6,5,1,3,5,4,4,6,4
"4536",4,"SI",61,2,5,1,6,5,1,3,5,2,3,5,3
"4537",4,"SI",69,2,4,8,3,5,1,3,7,7,4,4,3
"4538",4,"SI",47,2,6,1,7,5,1,4,7,4,6,6,4
"4539",4,"SI",75,2,6,6,7,5,2,4,7,4,4,5,3
"4540",4,"SI",31,1,4,1,6,5,1,3,6,5,4,2,3
"4541",1,"SI",80,2,6,8,8,5,1,3,10,10,4,6,3
"4542",4,"SI",70,2,5,6,4,2,1,3,3,2,3,3,3
"4543",2,"SI",70,1,3,6,7,5,1,4,6,7,3,4,3
"4544",4,"SI",40,2,6,1,10,5,1,2,6,8,4,5,3
"4545",4,"SI",33,2,6,8,6,5,1,3,6,7,3,3,4
"4546",6,"SI",79,2,4,6,5,2,2,4,7,10,2,4,4
"4547",1,"SI",61,1,4,8,1,5,3,3,8,5,2,5,3
"4548",4,"SI",55,1,4,1,5,5,1,3,5,5,3,5,3
"4549",4,"SI",80,1,4,6,3,5,2,2,5,5,4,5,2
"4550",4,"SI",43,1,4,1,5,2,2,3,5,6,3,3,3
"4551",5,"SI",55,1,6,1,77,5,1,1,0,8,1,6,1
"4552",4,"SI",37,2,6,1,8,5,1,3,5,5,3,5,2
"4553",4,"SI",48,1,6,1,7,5,2,4,8,7,2,2,4
"4554",4,"SI",47,2,6,1,5,5,1,3,6,8,5,6,3
"4555",3,"SI",70,2,4,6,77,5,2,5,8,99,2,6,3
"4556",4,"SI",72,2,3,6,6,5,2,4,9,5,3,5,3
"4557",3,"SI",56,2,6,1,8,3,1,3,6,8,3,4,3
"4558",3,"SI",58,2,6,3,1,5,4,4,8,5,3,5,3
"4559",4,"SI",32,2,4,1,4,5,2,3,6,0,5,3,2
"4560",4,"SI",52,2,4,1,6,5,2,3,5,0,5,5,3
"4561",4,"SI",59,2,4,1,7,5,1,3,6,5,4,5,3
"4562",4,"SI",53,1,4,1,8,5,2,3,5,0,3,4,4
"4563",1,"SI",63,2,6,1,6,5,1,3,7,7,3,5,3
"4564",5,"SI",43,1,6,1,4,5,1,4,8,0,4,4,2
"4565",4,"SI",42,2,6,1,9,5,1,2,3,3,4,5,5
"4566",5,"SI",47,2,4,1,5,5,2,3,1,5,1,1,5
"4567",1,"SI",66,2,2,8,2,4,3,5,10,10,0,3,4
"4568",4,"SI",46,1,3,1,2,1,2,3,7,7,6,99,4
"4569",4,"SI",59,1,4,1,7,5,1,3,5,1,3,3,3
"4570",4,"SI",47,2,4,1,6,4,1,4,2,9,4,4,4
"4571",2,"SI",48,2,6,1,4,5,2,3,5,5,1,3,4
"4572",4,"SI",43,1,4,1,6,5,2,1,0,0,4,6,5
"4573",4,"SI",34,1,6,1,6,5,1,4,7,3,4,4,4
"4574",4,"SI",78,2,4,6,2,5,1,4,8,10,4,3,4
"4575",2,"SI",68,1,4,6,8,2,2,4,4,7,4,6,3
"4576",7,"SI",50,2,6,1,9,5,1,4,9,3,5,4,3
"4577",4,"SI",28,2,4,2,88,5,1,3,6,4,4,5,2
"4578",1,"SI",23,2,2,8,6,5,1,4,5,5,1,3,3
"4579",3,"SI",34,2,6,1,7,5,1,3,6,5,2,5,3
"4580",4,"SI",49,2,5,1,8,5,1,3,6,4,3,5,3
"4581",4,"SI",55,2,3,1,7,5,2,4,4,8,4,3,3
"4582",4,"SI",54,2,4,1,7,5,1,3,7,3,6,5,9
"4583",6,"SI",70,2,5,8,8,2,2,4,9,5,1,5,3
"4584",4,"SI",68,2,4,6,5,5,1,1,7,5,6,5,3
"4585",1,"SI",45,1,3,1,3,5,1,3,5,3,3,3,2
"4586",1,"SI",72,2,5,6,2,5,2,3,5,7,1,5,3
"4587",4,"SI",61,1,4,1,3,5,9,3,5,0,2,2,4
"4588",4,"SI",58,1,6,1,8,4,2,3,7,6,4,4,3
"4589",4,"SI",52,1,3,1,7,5,1,3,8,8,4,5,5
"4590",4,"SI",50,1,6,1,7,5,1,3,7,0,4,4,2
"4591",4,"SI",52,1,4,1,10,5,1,4,8,1,1,0,3
"4592",3,"SI",41,2,6,1,77,5,1,3,5,3,3,4,2
"4593",6,"SI",60,1,6,1,9,5,1,3,7,5,2,5,3
"4594",2,"SI",64,1,6,6,9,5,1,4,7,2,4,5,1
"4595",4,"SI",53,1,4,1,7,5,1,3,4,4,4,3,9
"4596",4,"SI",67,2,6,6,5,5,2,3,3,10,5,6,3
"4597",4,"SI",47,2,3,1,5,5,2,4,1,4,6,4,1
"4598",1,"SI",39,2,6,1,7,5,2,3,8,5,5,3,3
"4599",4,"SI",50,1,2,1,4,5,2,3,5,5,3,3,3
"4600",4,"SI",37,1,6,1,6,5,1,3,4,5,4,4,3
"4601",2,"SI",58,1,5,1,9,5,2,4,8,3,2,5,3
"4602",4,"SI",28,1,6,2,6,5,1,3,6,0,4,5,5
"4603",4,"SI",62,2,4,1,6,5,1,5,5,5,3,4,2
"4604",4,"SI",44,1,6,1,8,5,1,2,5,7,1,3,4
"4605",4,"SI",25,1,4,1,7,5,2,3,5,0,3,4,3
"4606",6,"SI",55,1,6,1,7,5,1,3,5,5,1,5,2
"4607",4,"SI",31,2,6,8,6,2,1,4,3,1,4,5,3
"4608",1,"SI",64,2,3,4,1,5,2,3,6,6,2,5,3
"4609",4,"SI",47,1,4,1,77,5,1,3,3,0,2,5,3
"4610",4,"SI",68,1,2,6,6,4,1,3,2,5,1,5,4
"4611",1,"SI",70,2,3,6,2,3,3,3,4,5,4,4,3
"4612",4,"SI",44,2,4,3,4,5,2,4,6,7,2,4,3
"4613",4,"SI",25,2,4,2,2,5,2,3,6,4,2,2,4
"4614",4,"SI",52,1,6,1,9,5,1,3,5,5,5,5,2
"4615",4,"SI",32,2,4,1,3,5,2,4,8,3,4,3,4
"4616",4,"SI",58,2,7,1,4,5,1,1,2,10,1,3,3
"4617",4,"SI",66,2,4,1,4,5,1,3,9,9,4,5,4
"4618",1,"SI",49,2,4,6,3,5,3,3,3,3,6,5,4
"4619",4,"SI",25,2,4,2,88,5,1,3,7,5,3,5,2
"4620",4,"SI",27,2,4,2,10,5,1,4,7,3,6,5,4
"4621",4,"SI",52,1,3,1,7,5,2,3,6,9,2,3,3
"4622",6,"SI",53,1,4,1,77,5,1,5,8,2,2,1,2
"4623",4,"SI",69,2,3,1,77,5,2,3,9,8,5,4,3
"4624",4,"SI",68,1,4,1,7,5,1,1,0,0,5,4,5
"4625",4,"SI",48,1,6,1,5,5,2,2,5,6,4,5,4
"4626",4,"SI",41,1,3,1,8,5,1,4,7,4,5,5,3
"4627",4,"SI",60,1,6,1,10,5,1,3,5,2,4,5,3
"4628",4,"SI",42,2,7,1,6,5,1,3,6,3,4,5,3
"4629",4,"SI",45,1,4,1,7,5,1,4,5,5,4,5,3
"4630",2,"AT",55,2,6,1,5,5,1,5,8,10,4,5,3
"4631",6,"AT",71,2,7,6,10,5,1,4,9,5,3,4,3
"4632",4,"AT",43,1,3,1,8,5,1,4,7,0,5,5,3
"4633",2,"AT",84,2,3,8,6,3,1,3,6,8,0,3,3
"4634",3,"AT",48,1,7,1,3,5,2,4,8,10,5,5,3
"4635",3,"AT",59,2,3,1,3,5,2,3,8,9,4,5,2
"4636",4,"AT",38,2,6,1,5,4,2,3,8,0,5,5,4
"4637",4,"AT",30,1,3,1,6,5,3,4,8,8,3,5,3
"4638",2,"AT",62,1,3,1,7,5,2,3,7,9,5,6,3
"4639",2,"AT",78,1,3,6,6,5,1,2,3,4,1,4,3
"4640",4,"AT",71,1,5,6,9,5,1,4,7,9,4,5,3
"4641",4,"AT",61,1,3,1,6,5,2,4,3,4,4,5,3
"4642",6,"AT",75,1,3,6,10,5,1,4,8,5,5,5,2
"4643",3,"AT",44,1,7,1,9,5,1,4,8,5,4,6,2
"4644",3,"AT",61,1,3,1,4,2,2,4,7,9,2,5,2
"4645",1,"AT",63,2,3,6,3,5,2,3,7,4,5,4,3
"4646",6,"AT",70,1,3,6,9,5,1,4,8,5,5,5,2
"4647",2,"AT",52,2,7,1,6,5,1,3,4,99,4,4,3
"4648",3,"AT",79,2,3,6,3,5,1,4,6,10,4,3,2
"4649",3,"AT",37,2,6,1,7,5,2,4,4,8,3,4,3
"4650",2,"AT",55,1,5,1,9,5,2,2,2,1,3,5,4
"4651",1,"AT",78,2,6,6,3,4,1,4,10,0,5,6,3
"4652",4,"AT",56,2,6,1,10,5,2,2,4,3,3,4,5
"4653",1,"AT",72,2,3,6,3,5,2,4,10,10,1,6,3
"4654",3,"AT",76,1,4,6,8,5,1,1,0,1,4,4,4
"4655",1,"AT",83,1,55,6,2,1,2,1,5,4,2,5,3
"4656",4,"AT",52,2,5,1,10,5,1,3,3,8,6,5,2
"4657",4,"AT",62,2,3,1,2,2,2,4,4,7,0,6,5
"4658",4,"AT",49,2,3,8,6,5,1,3,7,4,5,5,3
"4659",3,"AT",28,2,4,2,1,5,3,4,8,5,4,3,2
"4660",4,"AT",60,2,2,1,77,5,3,2,2,7,5,5,4
"4661",3,"AT",58,2,3,1,4,5,1,1,0,10,4,6,3
"4662",2,"AT",37,2,7,1,9,5,1,4,7,10,6,6,3
"4663",4,"AT",68,1,3,1,9,5,1,3,9,8,4,6,3
"4664",2,"AT",54,1,7,1,9,5,2,4,3,4,2,3,4
"4665",4,"AT",43,2,5,8,77,5,1,3,7,4,5,6,3
"4666",4,"AT",78,1,5,6,8,5,2,4,6,3,5,4,3
"4667",6,"AT",62,2,3,6,1,2,2,2,5,5,3,6,4
"4668",4,"AT",38,2,4,3,88,4,1,5,10,8,4,5,4
"4669",1,"AT",61,2,3,1,10,2,1,5,6,1,0,2,5
"4670",4,"AT",62,2,3,6,2,5,2,3,6,5,3,3,3
"4671",5,"AT",56,1,7,1,10,5,1,4,10,4,6,6,3
"4672",4,"AT",50,1,4,1,6,4,1,2,9,0,6,5,3
"4673",3,"AT",84,1,3,6,6,2,2,2,0,8,4,5,4
"4674",1,"AT",53,1,5,1,9,5,1,5,9,6,5,4,4
"4675",4,"AT",77,2,6,6,4,1,1,3,9,1,3,5,3
"4676",6,"AT",64,1,3,6,3,5,2,2,5,5,4,6,3
"4677",3,"AT",61,2,55,1,9,2,2,3,8,8,6,4,4
"4678",1,"AT",73,2,7,6,3,5,2,4,8,7,4,5,3
"4679",1,"AT",58,2,3,1,4,5,1,3,7,10,4,5,3
"4680",4,"AT",77,1,3,6,5,5,1,3,6,8,4,5,4
"4681",4,"AT",59,1,3,1,6,5,2,2,6,8,4,4,3
"4682",1,"AT",75,1,2,6,2,1,2,3,8,8,2,4,4
"4683",2,"AT",51,1,7,1,8,5,1,3,6,4,6,6,4
"4684",3,"AT",45,1,7,1,9,5,1,5,9,5,3,3,5
"4685",4,"AT",43,2,5,1,8,5,2,3,6,8,4,6,4
"4686",4,"AT",60,1,5,1,10,4,1,3,2,6,6,6,2
"4687",3,"AT",89,2,5,6,3,5,2,9,99,99,99,99,9
"4688",2,"AT",28,1,5,1,7,5,1,4,5,9,4,6,3
"4689",6,"AT",72,2,3,6,1,1,2,4,5,6,2,5,2
"4690",6,"AT",75,2,5,6,4,1,2,4,7,6,5,4,2
"4691",3,"AT",72,2,6,6,2,5,2,4,7,9,4,5,3
"4692",2,"AT",60,2,3,6,3,5,2,3,6,8,6,4,3
"4693",2,"AT",33,2,5,1,5,5,2,4,6,5,3,3,3
"4694",3,"AT",66,2,5,1,8,5,1,3,7,10,5,4,4
"4695",4,"AT",63,2,3,8,8,5,2,2,0,99,6,6,4
"4696",4,"AT",72,1,7,6,6,4,2,4,8,5,5,3,2
"4697",4,"AT",83,2,5,6,3,3,1,2,8,3,0,4,4
"4698",3,"AT",51,2,5,2,6,5,2,4,9,7,4,5,4
"4699",3,"AT",63,1,6,6,3,5,2,3,5,8,4,4,4
"4700",2,"AT",60,2,5,1,6,5,1,4,8,8,5,5,2
"4701",1,"AT",78,1,3,6,6,5,1,5,10,5,5,5,2
"4702",4,"AT",63,1,3,1,8,5,1,4,8,2,5,5,3
"4703",4,"AT",74,2,3,6,5,5,2,2,8,5,3,5,4
"4704",4,"AT",64,1,3,6,7,5,1,3,5,8,4,5,4
"4705",4,"AT",76,2,4,6,6,5,1,3,7,9,5,6,4
"4706",3,"AT",36,1,5,1,5,5,3,3,4,2,4,5,4
"4707",3,"AT",31,2,5,2,2,5,1,5,3,9,1,4,4
"4708",3,"AT",65,2,7,6,4,5,2,5,10,7,2,6,2
"4709",1,"AT",82,2,7,6,4,5,2,3,7,8,4,6,2
"4710",4,"AT",86,1,3,6,6,5,2,4,5,10,4,3,4
"4711",3,"AT",31,2,6,1,8,5,1,3,6,7,5,4,5
"4712",1,"AT",26,2,6,2,3,5,1,4,7,10,3,6,3
"4713",3,"AT",39,2,6,1,5,5,1,4,4,9,5,5,2
"4714",4,"AT",56,2,5,1,4,4,3,3,5,3,3,4,3
"4715",4,"AT",65,2,4,6,6,5,2,4,8,7,5,5,3
"4716",1,"AT",27,1,6,2,1,5,2,5,6,10,4,2,2
"4717",5,"AT",78,2,5,6,77,5,2,5,8,0,4,6,3
"4718",1,"AT",75,2,3,6,3,5,2,3,5,5,2,4,5
"4719",1,"AT",67,1,7,6,6,5,1,4,7,9,1,4,2
"4720",2,"AT",56,1,3,2,77,3,2,2,3,8,5,6,2
"4721",4,"AT",81,2,3,6,6,5,1,2,5,10,4,5,5
"4722",4,"AT",55,1,3,1,9,5,2,3,7,5,6,5,2
"4723",4,"AT",47,2,5,5,3,5,2,4,7,7,4,5,4
"4724",3,"AT",89,2,4,6,4,5,2,4,5,10,5,5,9
"4725",2,"AT",70,1,55,6,6,5,1,4,7,10,3,5,4
"4726",1,"AT",62,2,3,8,5,3,1,3,10,1,5,6,3
"4727",3,"AT",21,1,4,1,2,5,1,5,10,9,3,2,1
"4728",1,"AT",34,2,55,2,5,5,1,3,6,8,2,6,2
"4729",3,"AT",76,1,3,6,3,1,1,3,3,7,4,5,3
"4730",1,"AT",72,2,3,6,2,1,2,3,7,10,3,4,4
"4731",4,"AT",70,2,3,6,88,5,2,2,6,2,5,6,4
"4732",1,"AT",69,1,3,6,3,5,2,2,6,10,3,6,4
"4733",4,"AT",20,1,2,2,8,5,1,2,6,8,4,5,3
"4734",4,"AT",71,2,3,6,3,5,3,3,5,3,4,4,4
"4735",6,"AT",66,1,3,6,8,3,2,3,7,1,4,4,5
"4736",1,"AT",88,2,5,6,7,4,1,4,8,10,4,6,2
"4737",2,"AT",69,2,4,6,77,5,2,4,8,9,3,1,5
"4738",4,"AT",25,2,2,8,3,5,3,3,5,5,4,1,4
"4739",3,"AT",61,1,6,1,2,5,3,4,5,9,4,3,2
"4740",1,"AT",55,2,7,1,5,5,1,4,10,0,1,3,4
"4741",4,"AT",85,1,3,6,6,1,1,4,7,2,4,4,2
"4742",4,"AT",56,2,4,1,4,5,2,2,6,3,4,2,5
"4743",3,"AT",29,1,4,1,3,5,1,4,8,8,2,4,3
"4744",4,"AT",49,2,3,1,3,5,3,4,9,5,4,3,2
"4745",4,"AT",59,1,3,1,7,5,2,2,5,0,4,5,3
"4746",4,"AT",64,2,2,6,5,1,2,3,3,5,3,5,3
"4747",4,"AT",73,2,3,6,6,4,1,3,10,8,6,6,3
"4748",6,"AT",87,1,3,6,77,5,2,4,8,99,5,4,3
"4749",3,"AT",36,1,4,1,9,5,1,4,6,9,1,4,3
"4750",5,"AT",56,2,5,1,9,5,2,5,10,0,4,5,3
"4751",3,"AT",40,1,2,6,8,4,2,3,6,2,3,3,4
"4752",4,"AT",67,2,4,6,7,5,1,3,8,9,4,3,3
"4753",5,"AT",84,1,6,6,77,5,2,4,7,3,4,3,3
"4754",4,"AT",57,2,4,1,77,5,2,3,2,10,3,5,5
"4755",3,"AT",27,2,3,2,2,5,2,5,7,8,4,5,3
"4756",7,"AT",66,2,3,6,8,5,1,4,9,7,5,5,2
"4757",4,"AT",64,1,3,6,8,5,1,3,2,2,5,6,4
"4758",1,"AT",66,1,3,6,7,5,2,3,3,8,3,3,4
"4759",2,"AT",31,1,5,2,3,5,2,3,7,3,5,5,3
"4760",3,"AT",64,2,2,6,88,5,4,3,2,8,0,2,3
"4761",3,"AT",45,2,6,5,2,5,3,3,7,9,4,4,3
"4762",6,"AT",74,2,7,6,6,5,1,5,8,6,3,5,3
"4763",5,"AT",33,1,3,1,10,5,1,3,6,3,4,6,2
"4764",4,"AT",73,2,3,6,88,1,1,4,8,8,3,6,3
"4765",3,"AT",46,2,5,1,7,5,2,3,6,10,3,4,3
"4766",4,"AT",45,2,3,1,5,5,2,4,6,8,6,6,3
"4767",3,"AT",76,2,6,6,6,5,4,5,10,10,2,6,3
"4768",5,"AT",49,1,7,6,9,5,1,2,10,7,5,6,1
"4769",4,"AT",65,2,3,6,8,5,1,4,10,4,6,6,4
"4770",3,"AT",60,2,5,1,6,3,2,3,8,8,4,4,4
"4771",4,"AT",75,2,3,6,5,3,2,2,8,0,5,6,2
"4772",1,"AT",72,1,3,6,6,5,1,3,5,5,3,5,3
"4773",2,"AT",71,1,7,6,6,1,1,4,8,7,3,1,4
"4774",1,"AT",64,1,4,1,77,5,2,5,10,10,4,5,2
"4775",2,"AT",66,1,3,1,7,5,1,3,9,5,5,5,4
"4776",6,"AT",53,2,3,1,6,4,2,4,8,7,5,5,3
"4777",2,"AT",29,1,6,1,3,5,1,3,7,10,5,6,1
"4778",2,"AT",66,1,3,6,8,5,1,5,10,2,3,2,4
"4779",6,"AT",36,1,3,6,77,5,4,3,6,8,2,4,4
"4780",2,"AT",73,2,5,6,88,4,1,4,9,6,3,3,2
"4781",1,"AT",38,2,4,1,1,5,3,3,7,0,3,5,4
"4782",3,"AT",67,2,7,6,10,5,1,3,7,8,4,4,3
"4783",5,"AT",49,2,5,1,7,5,2,4,7,0,0,5,3
"4784",4,"AT",60,2,3,1,7,5,1,4,5,5,4,4,4
"4785",1,"AT",63,1,3,1,6,5,1,3,8,10,3,5,3
"4786",2,"AT",45,2,7,1,2,5,2,3,9,4,4,3,3
"4787",3,"AT",30,1,7,1,77,5,1,4,5,10,2,6,2
"4788",6,"AT",86,2,2,6,3,2,1,4,10,10,6,6,3
"4789",4,"AT",77,2,3,6,3,5,2,4,0,5,5,5,1
"4790",3,"AT",75,2,3,6,5,1,2,4,5,8,3,3,3
"4791",6,"AT",82,2,4,6,77,5,3,3,5,7,2,1,4
"4792",5,"AT",74,1,7,6,2,5,3,2,8,10,6,5,4
"4793",4,"AT",73,2,3,6,8,5,2,1,4,1,2,4,5
"4794",3,"AT",46,2,3,1,6,5,2,1,0,2,6,5,5
"4795",6,"AT",58,2,2,1,7,4,1,4,7,99,4,3,9
"4796",1,"AT",74,1,4,6,6,5,1,2,2,5,5,4,4
"4797",3,"AT",60,2,3,1,3,1,1,3,7,4,3,5,3
"4798",2,"AT",84,2,5,6,3,5,2,3,8,8,3,5,3
"4799",3,"AT",67,2,3,6,3,5,2,3,9,8,6,5,3
"4800",2,"AT",51,1,7,1,6,5,2,3,6,5,5,6,3
"4801",1,"AT",90,1,3,6,3,1,2,3,5,5,4,4,3
"4802",4,"AT",70,1,4,6,8,4,1,4,9,7,5,5,2
"4803",3,"AT",45,1,7,1,7,5,1,3,5,10,4,5,2
"4804",1,"AT",32,2,6,1,4,5,2,3,2,3,3,6,2
"4805",3,"AT",60,1,3,1,10,5,1,3,6,9,3,4,3
"4806",5,"AT",34,2,5,8,6,5,2,3,7,6,4,4,3
"4807",4,"AT",63,2,3,6,3,4,1,4,5,10,4,6,2
"4808",4,"AT",65,1,6,1,7,5,2,4,8,0,2,6,1
"4809",1,"AT",44,2,4,1,6,5,1,3,5,10,5,6,3
"4810",3,"AT",42,1,3,2,2,5,2,4,7,9,3,4,3
"4811",4,"AT",90,2,3,1,3,5,1,3,5,5,3,4,3
"4812",3,"AT",75,1,3,6,77,5,2,1,0,7,5,2,4
"4813",3,"AT",56,1,5,1,10,5,1,2,1,9,5,5,1
"4814",2,"AT",32,1,6,1,1,5,2,3,4,7,4,5,1
"4815",6,"AT",67,1,3,6,8,5,1,4,10,10,2,3,4
"4816",4,"AT",64,1,3,6,7,5,1,4,5,5,5,4,5
"4817",3,"AT",26,2,6,2,3,5,2,5,10,8,3,6,3
"4818",3,"AT",76,1,5,6,4,5,2,3,3,8,3,5,3
"4819",6,"AT",75,2,3,6,4,3,1,9,10,8,6,4,1
"4820",6,"AT",61,2,3,1,4,5,1,4,8,8,0,4,3
"4821",2,"AT",90,1,4,1,8,5,2,5,8,7,4,4,3
"4822",2,"AT",61,2,3,1,5,5,2,5,8,5,2,5,3
"4823",4,"AT",71,2,3,6,77,5,2,3,4,10,4,5,2
"4824",4,"AT",40,2,6,1,10,5,1,4,9,3,4,5,3
"4825",2,"AT",45,2,5,1,4,5,2,3,7,3,3,5,3
"4826",7,"AT",45,1,7,1,8,5,2,3,7,5,6,0,3
"4827",3,"AT",44,2,6,5,1,5,2,4,5,10,4,5,2
"4828",4,"AT",45,2,4,1,9,5,1,3,5,4,4,3,3
"4829",3,"AT",28,2,7,1,2,5,3,5,6,7,2,2,2
"4830",4,"AT",59,2,6,1,8,4,1,4,9,2,4,6,4
"4831",3,"AT",35,2,7,1,9,5,2,4,10,6,4,4,5
"4832",4,"AT",44,2,3,1,7,5,2,3,4,4,3,3,3
"4833",4,"AT",67,2,3,6,7,1,1,3,5,5,3,3,3
"4834",4,"AT",82,1,5,6,6,5,1,4,8,7,5,6,4
"4835",4,"AT",57,2,5,1,10,5,1,3,8,7,5,6,4
"4836",3,"AT",87,1,7,6,9,5,1,5,8,10,2,6,1
"4837",6,"AT",50,2,5,1,9,5,2,4,7,4,5,4,3
"4838",3,"AT",79,2,2,6,1,2,2,4,8,9,4,4,3
"4839",4,"AT",47,2,3,1,5,3,2,3,10,4,4,6,2
"4840",1,"AT",54,2,3,8,3,5,1,3,6,9,4,4,4
"4841",4,"AT",65,1,4,6,8,5,1,4,4,0,2,5,4
"4842",1,"AT",69,2,3,6,8,3,1,2,5,9,2,3,4
"4843",4,"AT",31,1,3,1,9,3,2,2,0,0,3,3,3
"4844",4,"AT",74,2,6,6,2,5,3,3,5,3,5,4,4
"4845",6,"AT",74,1,3,6,7,2,1,3,7,4,4,4,3
"4846",4,"AT",67,1,5,6,9,5,2,2,1,9,4,5,2
"4847",9,"AT",89,2,3,6,4,5,2,9,99,99,99,99,9
"4848",1,"AT",71,1,7,6,7,5,1,3,10,8,5,4,2
"4849",2,"AT",65,1,3,6,8,5,2,4,7,3,4,5,2
"4850",4,"AT",72,1,6,6,5,4,2,4,7,7,4,6,3
"4851",1,"AT",76,1,3,6,7,1,2,3,6,10,4,3,4
"4852",7,"AT",44,2,2,3,1,5,3,3,8,0,3,3,5
"4853",1,"AT",67,2,3,6,2,5,3,5,10,5,4,5,5
"4854",3,"AT",37,2,6,2,8,5,2,4,7,9,5,4,2
"4855",2,"AT",29,1,7,1,77,5,2,2,2,9,4,3,3
"4856",2,"AT",25,1,4,2,2,5,1,3,8,7,1,6,5
"4857",2,"AT",23,1,5,2,3,5,1,3,7,7,4,4,5
"4858",1,"AT",70,2,3,6,9,5,1,4,9,10,4,5,3
"4859",1,"AT",80,2,3,6,6,5,2,3,6,2,4,6,3
"4860",3,"AT",55,1,3,1,3,5,2,4,7,9,0,3,2
"4861",1,"AT",65,1,55,3,2,5,4,5,10,10,4,5,3
"4862",4,"AT",43,2,3,1,7,4,2,3,7,4,4,5,3
"4863",2,"AT",24,1,6,8,77,1,1,4,7,5,3,5,3
"4864",2,"AT",46,2,6,8,6,5,1,4,7,10,2,3,2
"4865",1,"AT",23,1,4,1,2,5,1,5,5,10,3,4,3
"4866",4,"AT",78,1,3,6,2,1,2,3,9,10,2,6,3
"4867",2,"AT",25,2,5,2,1,5,2,5,10,8,4,6,3
"4868",4,"AT",21,2,3,1,88,5,3,4,4,3,5,4,3
"4869",3,"AT",58,2,5,1,9,5,2,5,9,10,3,6,3
"4870",2,"AT",39,1,6,1,4,5,1,4,4,9,5,5,2
"4871",4,"AT",86,1,3,6,3,1,2,2,2,3,2,6,2
"4872",2,"AT",63,2,5,6,7,2,2,4,8,3,4,5,4
"4873",2,"AT",32,2,7,3,4,5,1,4,7,9,4,6,4
"4874",4,"AT",71,2,3,8,1,1,3,3,4,1,3,2,4
"4875",5,"AT",53,1,3,1,10,5,1,1,3,8,6,5,5
"4876",3,"AT",65,2,7,6,4,5,2,3,8,10,4,1,2
"4877",2,"AT",60,2,3,1,88,5,2,3,8,5,5,4,2
"4878",4,"AT",75,2,3,6,88,1,1,3,6,8,4,6,3
"4879",4,"AT",66,2,2,6,2,1,3,4,0,99,0,0,4
"4880",1,"AT",73,1,3,6,6,1,1,4,8,5,6,6,4
"4881",3,"AT",37,2,6,1,2,5,1,4,7,10,3,4,4
"4882",1,"AT",68,2,3,6,5,5,2,3,4,4,6,6,4
"4883",4,"AT",66,2,3,6,3,5,2,3,5,10,5,5,4
"4884",1,"AT",60,2,5,6,3,5,3,4,10,9,3,3,4
"4885",1,"AT",81,1,3,6,7,5,1,4,8,99,3,4,3
"4886",4,"AT",76,1,6,6,9,1,1,3,9,2,1,2,4
"4887",3,"AT",45,1,6,1,5,5,2,5,7,6,3,4,3
"4888",6,"AT",64,1,3,6,2,5,2,1,3,9,4,6,3
"4889",3,"AT",38,2,7,1,7,5,1,4,7,7,4,5,4
"4890",3,"AT",61,2,6,1,4,5,1,3,7,10,5,5,2
"4891",1,"AT",41,2,3,1,9,5,2,3,4,2,4,4,4
"4892",4,"AT",75,2,3,6,2,5,2,4,4,3,4,4,4
"4893",4,"AT",84,1,7,6,77,5,1,2,0,10,5,5,2
"4894",1,"AT",60,1,7,1,7,4,1,3,6,6,4,6,1
"4895",2,"AT",54,2,7,6,1,3,4,4,8,3,4,4,3
"4896",1,"AT",81,2,3,6,5,2,2,3,6,10,2,4,3
"4897",3,"AT",52,2,4,1,4,5,2,4,8,9,3,5,3
"4898",3,"AT",76,2,3,6,6,5,1,3,8,7,1,5,4
"4899",4,"AT",53,2,5,1,8,5,2,4,8,4,4,6,4
"4900",4,"AT",87,1,5,6,8,5,1,4,8,5,3,99,3
"4901",1,"AT",79,2,3,6,3,1,2,3,8,8,4,6,2
"4902",4,"AT",43,2,3,1,5,5,3,3,5,5,3,5,3
"4903",3,"AT",90,2,5,6,6,5,2,3,7,8,3,4,3
"4904",1,"AT",69,1,3,6,6,1,1,4,8,8,5,4,3
"4905",2,"BE",63,1,4,6,10,5,1,5,9,8,6,4,4
"4906",4,"BE",58,1,6,9,3,5,3,3,1,1,3,2,4
"4907",4,"BE",27,1,7,1,10,5,1,3,6,10,3,4,3
"4908",5,"BE",44,1,5,1,9,5,2,3,6,6,4,4,4
"4909",2,"BE",53,1,4,1,77,5,3,3,5,5,4,2,5
"4910",4,"BE",84,1,6,6,6,5,1,4,8,0,4,4,3
"4911",4,"BE",34,2,5,1,6,5,2,3,5,5,2,3,3
"4912",2,"BE",26,2,5,2,88,5,1,4,8,3,3,5,2
"4913",2,"BE",41,2,6,1,8,5,1,5,7,4,4,4,2
"4914",5,"BE",64,1,7,1,10,5,1,4,8,5,4,5,3
"4915",4,"BE",47,1,77,6,77,5,1,1,0,8,4,5,5
"4916",4,"BE",66,1,2,6,5,5,2,3,0,99,3,1,5
"4917",4,"BE",59,2,4,1,6,5,1,3,7,6,3,3,3
"4918",5,"BE",33,2,4,1,8,5,2,3,5,6,3,3,5
"4919",4,"BE",24,2,6,2,8,5,1,3,5,7,4,5,3
"4920",1,"BE",61,2,3,8,4,5,2,2,4,7,5,4,4
"4921",4,"BE",33,2,7,1,4,5,2,4,6,6,4,4,2
"4922",4,"BE",77,1,5,6,8,5,1,4,7,3,3,3,3
"4923",2,"BE",34,2,7,1,8,4,1,4,9,7,3,5,2
"4924",4,"BE",55,1,2,1,88,3,2,1,5,3,6,3,5
"4925",3,"BE",80,2,4,8,9,5,1,5,9,8,5,5,2
"4926",7,"BE",67,1,4,5,9,5,2,3,3,99,3,5,3
"4927",5,"BE",53,1,7,1,9,5,1,4,8,8,3,3,3
"4928",1,"BE",84,2,6,6,3,2,2,5,10,2,4,6,2
"4929",4,"BE",54,2,6,1,7,5,2,4,7,8,2,5,2
"4930",3,"BE",50,2,5,1,7,5,3,4,10,10,4,5,5
"4931",4,"BE",71,1,4,6,8,5,1,3,5,5,3,4,3
"4932",4,"BE",53,1,6,1,6,5,2,3,6,3,3,4,4
"4933",2,"BE",67,2,7,6,8,5,2,4,7,7,3,5,2
"4934",1,"BE",69,2,7,6,6,5,2,4,5,3,3,5,3
"4935",5,"BE",51,1,7,1,7,5,1,3,7,1,4,6,2
"4936",3,"BE",39,1,7,1,9,5,2,3,6,8,5,5,4
"4937",4,"BE",63,2,7,1,99,5,2,3,6,1,2,3,4
"4938",3,"BE",41,1,7,1,7,5,1,3,7,8,5,4,5
"4939",5,"BE",53,1,7,1,10,5,2,3,8,8,1,6,3
"4940",4,"BE",61,1,4,1,8,5,2,3,5,0,3,4,4
"4941",6,"BE",73,2,5,6,2,5,2,3,5,0,0,6,4
"4942",4,"BE",67,1,2,6,5,5,2,3,7,7,4,5,3
"4943",2,"BE",26,2,7,1,88,5,1,3,7,7,4,6,3
"4944",1,"BE",37,2,7,1,9,5,1,4,8,10,4,5,2
"4945",4,"BE",68,2,6,6,8,5,1,3,6,7,5,5,3
"4946",5,"BE",58,2,6,1,10,5,1,2,2,5,5,6,1
"4947",3,"BE",56,2,7,1,9,5,1,3,7,4,3,2,4
"4948",5,"BE",40,2,7,1,9,5,1,3,4,6,4,4,2
"4949",2,"BE",62,1,4,1,8,5,1,5,10,0,3,5,1
"4950",2,"BE",80,1,3,6,3,4,2,3,7,7,4,4,3
"4951",4,"BE",33,2,6,1,3,5,1,3,7,8,4,2,3
"4952",4,"BE",60,1,7,8,3,5,1,4,7,8,6,5,2
"4953",5,"BE",69,2,7,6,5,5,3,4,8,7,2,5,3
"4954",5,"BE",54,2,6,1,5,5,3,3,7,5,6,1,3
"4955",4,"BE",74,1,6,6,6,4,2,2,1,5,4,2,4
"4956",2,"BE",61,1,6,1,5,4,2,3,5,9,4,5,2
"4957",4,"BE",35,1,4,5,4,5,3,1,0,9,4,2,5
"4958",5,"BE",37,2,55,1,6,5,3,4,7,6,3,2,3
"4959",2,"BE",56,2,5,5,4,5,2,4,2,7,1,4,4
"4960",6,"BE",73,2,4,8,4,5,2,3,5,5,5,4,3
"4961",3,"BE",40,2,7,3,6,5,2,4,8,7,99,99,9
"4962",1,"BE",59,2,4,1,77,5,2,3,4,7,2,3,3
"4963",2,"BE",50,2,7,1,7,4,1,3,6,8,5,2,3
"4964",1,"BE",69,2,2,8,77,5,1,4,4,0,4,5,3
"4965",2,"BE",30,1,5,1,7,5,1,3,6,7,5,4,3
"4966",3,"BE",44,2,7,1,5,5,1,5,10,7,2,5,4
"4967",6,"BE",78,1,2,6,6,5,1,3,0,5,3,3,3
"4968",2,"BE",53,1,6,1,7,5,2,3,8,6,4,6,4
"4969",5,"BE",57,1,2,1,10,5,2,2,2,8,0,6,5
"4970",1,"BE",51,1,6,1,4,5,2,4,9,5,3,3,3
"4971",1,"BE",64,2,6,1,77,5,1,5,9,8,5,5,2
"4972",5,"BE",67,1,4,8,8,5,1,5,7,8,2,4,4
"4973",4,"BE",73,1,4,6,6,5,2,3,7,2,4,5,3
"4974",2,"BE",65,2,6,6,8,5,1,5,8,7,5,5,3
"4975",3,"BE",69,2,7,6,7,5,1,4,9,8,3,5,3
"4976",1,"BE",42,2,7,1,8,5,1,4,7,4,3,5,2
"4977",4,"BE",70,2,6,6,7,5,1,4,4,7,3,4,3
"4978",1,"BE",22,2,4,2,88,5,1,3,6,9,2,4,3
"4979",4,"BE",38,1,4,1,8,5,2,2,3,4,5,6,4
"4980",4,"BE",24,1,3,1,88,5,1,4,6,6,3,3,3
"4981",4,"BE",41,2,7,8,99,4,2,3,6,0,0,4,4
"4982",5,"BE",31,2,7,1,8,5,1,3,8,3,5,5,3
"4983",4,"BE",71,1,2,1,5,5,1,1,0,5,4,4,5
"4984",4,"BE",66,1,6,1,8,5,1,5,7,7,4,4,2
"4985",4,"BE",45,1,4,1,7,5,2,2,5,6,4,6,4
"4986",5,"BE",30,2,4,1,7,5,1,3,6,4,4,4,3
"4987",7,"BE",60,2,6,5,88,5,1,3,5,5,2,5,3
"4988",1,"BE",65,2,6,4,5,4,2,4,8,8,4,5,3
"4989",2,"BE",44,2,6,1,9,5,1,4,7,7,4,6,2
"4990",3,"BE",65,1,1,1,2,5,3,3,6,10,3,3,3
"4991",2,"BE",37,2,7,1,9,5,1,5,7,6,4,5,2
"4992",3,"BE",76,1,5,6,3,5,2,3,6,10,2,3,4
"4993",9,"BE",62,2,2,8,6,5,1,3,5,5,3,4,3
"4994",2,"BE",46,2,6,1,9,5,2,4,7,8,3,3,3
"4995",2,"BE",62,1,6,1,7,5,1,4,9,7,5,6,2
"4996",4,"BE",78,1,7,6,5,5,2,1,0,2,3,5,5
"4997",2,"BE",65,2,3,6,5,5,1,3,0,6,4,5,2
"4998",4,"BE",61,2,2,5,4,5,2,3,5,0,99,99,9
"4999",2,"BE",60,1,6,1,8,5,1,3,7,6,3,5,3
"5000",4,"BE",29,2,7,1,7,5,1,3,3,5,3,4,4
"5001",3,"BE",28,1,6,2,1,5,3,5,8,5,4,3,4
"5002",3,"BE",57,1,6,1,8,5,2,5,8,9,3,4,3
"5003",4,"BE",63,1,6,6,9,5,1,3,5,1,4,6,2
"5004",4,"BE",38,2,7,1,7,5,3,4,4,2,2,2,3
"5005",4,"BE",20,2,2,4,99,5,9,2,4,3,5,6,4
"5006",5,"BE",64,1,5,6,6,5,2,3,7,99,3,4,3
"5007",3,"BE",48,2,5,1,7,5,1,2,6,8,3,5,2
"5008",4,"BE",39,1,5,1,9,5,2,4,3,2,4,4,5
"5009",4,"BE",36,1,2,1,4,5,2,3,5,7,4,5,3
"5010",6,"BE",69,1,6,6,4,2,3,3,3,99,2,5,3
"5011",4,"BE",54,1,6,1,7,5,1,4,6,5,3,5,3
"5012",4,"BE",47,2,3,1,8,5,1,3,6,6,4,4,3
"5013",4,"BE",59,2,5,5,2,4,4,4,8,10,0,5,5
"5014",7,"BE",55,1,2,1,9,5,2,2,3,1,4,5,4
"5015",2,"BE",63,1,7,1,10,5,1,3,5,7,3,4,2
"5016",4,"BE",31,1,7,1,8,5,1,4,7,0,3,4,4
"5017",4,"BE",76,2,7,8,5,5,1,4,5,2,4,5,3
"5018",3,"BE",25,1,6,1,7,5,1,2,3,6,4,5,3
"5019",3,"BE",25,1,7,2,99,5,1,9,99,9,99,99,9
"5020",1,"BE",79,2,88,6,2,1,1,4,5,99,4,5,2
"5021",2,"BE",80,1,4,6,3,4,2,4,0,0,6,1,3
"5022",4,"BE",61,2,6,6,6,5,2,3,8,1,3,3,4
"5023",2,"BE",67,1,6,8,4,5,2,4,7,5,4,5,3
"5024",3,"BE",26,2,6,1,7,5,2,3,5,3,2,3,4
"5025",2,"BE",57,1,4,1,10,5,1,5,10,6,4,1,4
"5026",5,"BE",65,1,7,6,10,5,1,3,4,4,4,4,4
"5027",4,"BE",28,1,7,1,6,5,1,3,7,4,4,4,4
"5028",3,"BE",20,1,1,2,88,5,2,3,7,8,5,5,3
"5029",4,"BE",47,1,4,1,7,5,1,5,7,5,2,5,3
"5030",2,"BE",73,2,1,6,4,4,2,4,5,8,2,3,3
"5031",4,"BE",67,2,6,6,2,5,2,5,6,7,2,0,5
"5032",5,"BE",22,2,5,1,10,5,1,4,8,7,4,4,4
"5033",2,"BE",47,2,7,1,9,5,2,3,5,5,3,3,3
"5034",4,"BE",29,1,6,1,10,5,1,3,5,7,4,6,5
"5035",5,"BE",31,1,6,1,7,5,1,3,4,3,4,5,3
"5036",3,"BE",45,2,4,1,99,5,2,3,7,8,2,5,3
"5037",4,"BE",85,1,2,6,9,1,1,3,5,8,3,5,2
"5038",4,"BE",79,1,6,6,3,4,3,3,1,2,2,4,4
"5039",4,"BE",38,2,7,1,7,5,2,4,8,2,4,4,4
"5040",2,"BE",45,1,7,1,9,4,1,4,6,7,4,4,2
"5041",4,"BE",66,1,7,6,7,4,1,3,6,6,3,3,3
"5042",2,"BE",56,1,4,1,9,5,1,5,8,7,5,5,1
"5043",2,"BE",28,2,6,1,7,5,1,4,7,6,3,4,3
"5044",2,"BE",71,2,4,1,5,5,1,2,5,5,4,5,3
"5045",2,"BE",49,2,4,1,8,5,1,5,8,7,5,6,3
"5046",2,"BE",57,2,6,1,77,5,2,4,9,7,4,5,3
"5047",4,"BE",57,2,7,1,4,5,1,2,6,6,1,4,2
"5048",4,"BE",68,2,4,6,2,2,1,2,3,6,3,5,3
"5049",4,"BE",51,1,6,1,10,5,1,3,6,4,2,3,3
"5050",4,"BE",80,1,2,6,4,5,3,2,4,3,1,4,3
"5051",4,"BE",61,1,4,1,10,5,1,5,7,8,5,4,2
"5052",5,"BE",56,2,6,1,6,5,1,3,7,2,4,5,3
"5053",5,"BE",66,2,7,8,6,3,2,2,5,99,1,2,3
"5054",5,"BE",63,1,7,1,10,5,1,3,4,6,2,5,2
"5055",5,"BE",66,2,6,6,9,5,1,3,10,10,3,5,3
"5056",4,"BE",67,1,6,6,3,5,2,3,5,4,4,3,4
"5057",6,"BE",65,2,3,6,8,5,2,3,7,5,4,4,3
"5058",2,"BE",45,2,6,1,8,5,1,5,8,7,4,5,2
"5059",2,"BE",37,2,4,1,7,5,2,5,3,8,3,6,2
"5060",2,"BE",71,1,7,6,99,5,1,3,7,7,4,6,2
"5061",4,"BE",88,2,5,6,4,5,2,2,5,5,0,4,2
"5062",5,"BE",61,1,7,1,8,5,2,3,10,2,3,5,1
"5063",4,"BE",26,2,7,1,10,5,1,2,4,5,3,5,2
"5064",4,"BE",33,1,7,1,5,5,2,5,5,6,1,5,4
"5065",2,"BE",68,1,4,6,6,5,1,3,5,2,5,4,4
"5066",2,"BE",49,1,7,1,10,5,1,4,8,7,2,6,2
"5067",4,"BE",45,1,4,1,7,5,3,4,6,0,4,4,3
"5068",4,"BE",55,2,4,1,4,5,2,3,5,7,5,5,3
"5069",2,"BE",66,2,3,6,7,5,1,4,6,4,3,3,3
"5070",1,"BE",27,2,4,8,6,5,2,2,2,4,6,3,4
"5071",4,"BE",56,1,7,8,9,5,2,3,6,7,3,1,5
"5072",2,"BE",58,2,7,1,9,5,1,3,9,10,5,5,2
"5073",9,"BE",64,1,7,1,10,5,1,3,4,5,5,5,4
"5074",3,"BE",57,2,7,1,5,4,1,4,6,5,4,5,3
"5075",2,"BE",23,2,4,2,88,5,1,3,4,8,3,4,3
"5076",2,"BE",71,1,7,8,7,5,2,5,8,8,5,6,4
"5077",4,"BE",43,2,5,8,10,5,1,3,6,6,5,5,4
"5078",5,"BE",64,1,6,5,7,5,1,4,10,10,1,4,1
"5079",2,"BE",23,1,4,2,8,5,2,2,6,4,5,5,4
"5080",4,"BE",41,1,4,1,99,5,2,3,8,2,5,5,3
"5081",5,"BE",55,2,7,8,10,5,1,3,8,5,2,4,2
"5082",5,"BE",80,1,4,1,6,5,2,3,8,5,4,6,3
"5083",2,"BE",42,1,4,1,8,5,3,4,8,7,3,5,3
"5084",2,"BE",48,1,2,1,8,5,2,3,6,6,4,3,3
"5085",4,"BE",42,1,6,1,7,5,2,4,7,2,3,4,3
"5086",2,"BE",33,2,6,1,7,5,1,4,7,8,6,4,3
"5087",4,"BE",60,2,7,1,9,5,1,5,10,5,3,3,2
"5088",4,"BE",57,2,2,1,7,5,2,2,3,5,4,6,1
"5089",1,"BE",62,2,6,1,5,5,1,4,7,6,3,4,4
"5090",2,"BE",25,2,6,2,6,5,1,3,6,10,4,5,1
"5091",4,"BE",64,2,5,6,77,5,2,4,9,3,6,3,4
"5092",2,"BE",63,1,2,6,5,5,2,2,4,7,3,5,3
"5093",4,"BE",72,1,4,6,4,5,2,2,0,8,3,5,3
"5094",4,"BE",34,2,7,1,6,5,1,3,5,4,3,2,4
"5095",4,"BE",68,1,5,6,6,5,1,2,5,9,3,6,3
"5096",2,"BE",43,2,5,1,3,4,2,3,7,6,3,4,4
"5097",1,"BE",62,1,6,1,9,5,1,4,6,6,2,5,3
"5098",4,"BE",82,1,6,6,4,1,2,2,5,8,6,6,1
"5099",2,"BE",52,1,7,1,7,5,1,3,5,8,5,5,2
"5100",2,"BE",36,2,7,1,7,5,1,5,7,10,5,6,4
"5101",3,"BE",65,2,5,6,8,5,2,3,7,8,4,4,3
"5102",5,"BE",61,1,6,1,6,5,2,4,7,1,1,2,3
"5103",4,"BE",73,2,4,6,4,5,2,3,7,99,4,4,3
"5104",4,"BE",48,2,5,1,8,5,1,3,5,5,5,6,3
"5105",4,"BE",59,1,7,1,10,4,1,4,7,7,4,6,3
"5106",4,"BE",23,1,6,1,88,5,1,4,8,2,4,6,3
"5107",4,"BE",68,1,2,6,5,5,1,3,8,6,1,4,3
"5108",3,"BE",27,2,6,2,5,5,1,4,7,3,3,5,4
"5109",7,"BE",70,1,5,1,5,5,3,3,5,6,3,2,4
"5110",5,"BE",43,1,7,1,10,5,1,3,5,5,5,5,3
"5111",5,"BE",52,2,6,1,7,5,1,3,5,8,2,0,4
"5112",4,"BE",64,2,6,4,3,5,3,3,7,9,4,5,3
"5113",3,"BE",74,2,4,6,2,3,3,3,7,10,4,2,3
"5114",1,"BE",84,2,1,6,2,4,2,3,4,5,3,5,4
"5115",4,"BE",67,1,6,6,8,5,2,5,10,4,4,5,3
"5116",4,"BE",54,1,2,1,5,5,2,3,7,6,4,4,3
"5117",3,"BE",24,2,6,2,4,5,2,3,6,6,4,6,3
"5118",4,"BE",82,2,55,8,3,5,4,3,7,5,0,2,3
"5119",2,"BE",63,1,7,1,6,5,1,5,8,8,5,5,2
"5120",5,"BE",38,2,6,1,6,5,2,4,7,4,1,3,4
"5121",5,"BE",58,2,4,1,10,5,2,2,5,4,3,2,3
"5122",2,"BE",72,2,2,6,5,5,2,3,6,99,5,4,4
"5123",5,"BE",37,2,7,1,7,5,1,3,4,6,3,5,4
"5124",4,"BE",50,2,6,1,6,5,2,3,7,5,4,4,4
"5125",5,"BE",65,2,1,6,7,4,1,3,7,6,6,5,3
"5126",4,"BE",58,1,4,1,2,5,2,5,10,10,3,3,5
"5127",5,"BE",85,1,6,6,8,5,1,3,3,5,3,5,3
"5128",3,"BE",77,1,6,6,6,5,1,4,9,9,4,5,4
"5129",1,"BE",20,2,4,2,99,5,1,3,7,8,4,5,4
"5130",1,"BE",42,1,6,1,7,5,1,3,8,5,5,5,3
"5131",1,"BE",61,1,7,1,9,5,1,4,7,8,4,4,2
"5132",5,"BE",53,2,5,1,6,5,2,3,5,4,4,4,4
"5133",2,"BE",62,1,5,1,10,5,1,4,8,8,5,3,2
"5134",5,"BE",42,1,7,1,10,5,1,5,6,4,2,3,3
"5135",3,"BE",26,1,6,9,10,5,1,5,10,7,1,5,5
"5136",4,"BE",54,2,6,5,6,5,2,4,4,7,4,2,4
"5137",3,"BE",66,1,7,6,8,5,2,5,10,6,3,2,3
"5138",4,"BE",65,1,4,1,10,5,1,1,0,5,4,3,1
"5139",5,"BE",45,1,7,1,10,5,1,4,7,6,5,4,4
"5140",4,"BE",60,1,7,1,8,5,1,4,5,5,3,4,3
"5141",3,"BE",40,1,7,1,3,5,1,3,8,5,2,4,2
"5142",5,"BE",52,1,6,1,7,5,1,2,8,5,5,4,3
"5143",4,"BE",43,2,7,1,5,5,2,3,7,4,4,5,3
"5144",4,"BE",38,1,4,1,9,5,1,3,6,7,4,4,4
"5145",4,"BE",60,1,7,1,8,5,1,2,2,3,5,6,1
"5146",5,"BE",71,2,7,6,9,5,1,4,8,6,4,3,3
"5147",5,"BE",78,1,7,6,6,5,2,2,8,3,5,5,3
"5148",4,"BE",25,1,5,2,88,5,2,3,3,6,3,1,4
"5149",2,"BE",76,1,6,6,7,5,1,4,7,3,4,4,3
"5150",5,"BE",59,1,7,3,6,5,2,3,7,0,5,5,2
"5151",4,"BE",58,2,6,5,7,5,1,3,5,10,2,3,3
"5152",4,"BE",55,1,7,1,9,5,1,2,3,4,5,6,2
"5153",3,"BE",51,2,4,1,1,5,2,4,2,8,1,0,3
"5154",3,"BE",23,1,6,2,88,5,1,3,4,8,4,4,4
"5155",9,"BE",48,2,3,5,3,5,4,4,10,5,3,3,3
"5156",4,"BE",51,1,3,1,9,5,1,3,6,7,4,5,3
"5157",5,"BE",44,1,7,1,10,4,1,3,7,7,3,4,2
"5158",3,"BE",21,2,5,2,5,5,1,4,6,9,3,5,3
"5159",2,"BE",47,2,6,8,8,5,2,5,3,5,4,5,5
"5160",4,"BE",63,1,3,6,7,2,2,3,7,2,3,3,4
"5161",4,"BE",60,1,6,6,6,5,2,3,5,9,5,5,3
"5162",4,"BE",55,2,7,1,9,5,2,5,8,2,4,5,3
"5163",2,"BE",43,2,7,1,6,5,2,5,10,6,4,5,1
"5164",4,"BE",33,1,4,1,9,5,2,3,1,6,2,5,1
"5165",6,"BE",57,1,7,1,9,5,1,1,0,8,5,2,5
"5166",4,"BE",37,1,6,1,8,5,1,4,9,5,4,3,2
"5167",5,"BE",48,1,7,1,9,5,1,3,10,3,2,6,4
"5168",2,"BE",59,1,4,1,7,5,1,5,8,8,3,3,2
"5169",4,"BE",42,2,6,8,9,5,1,4,6,7,3,3,3
"5170",2,"BE",64,1,7,1,9,5,1,4,7,8,5,5,3
"5171",2,"BE",64,1,4,6,7,5,1,5,10,9,3,5,3
"5172",4,"BE",40,2,6,1,7,5,1,3,6,5,3,3,3
"5173",4,"BE",68,2,6,6,3,4,1,3,10,8,4,4,3
"5174",4,"BE",43,1,4,1,5,5,1,4,5,5,4,6,2
"5175",1,"BE",56,1,6,1,6,5,3,5,6,3,4,3,3
"5176",4,"BE",72,1,4,6,6,5,1,3,5,5,4,5,3
"5177",1,"BE",75,1,4,6,5,5,2,3,2,5,5,5,3
"5178",6,"BE",79,2,4,6,5,5,1,3,7,7,4,5,2
"5179",2,"BE",60,1,4,1,4,5,1,3,7,6,5,5,2
"5180",4,"BE",80,1,4,6,5,5,2,4,0,99,5,4,2
"5181",9,"BE",78,2,6,6,6,5,2,4,7,8,5,4,4
"5182",2,"BE",78,2,4,6,4,4,1,2,0,0,4,4,3
"5183",4,"BE",43,2,7,8,10,5,1,4,7,5,4,4,3
"5184",4,"BE",69,1,5,6,2,3,3,4,5,4,0,3,3
"5185",2,"BE",21,1,4,2,7,5,1,4,6,8,5,5,3
"5186",1,"BE",82,1,4,6,3,2,2,4,5,7,4,5,2
"5187",3,"BE",57,1,6,1,6,5,1,3,5,3,2,3,3
"5188",3,"BE",28,1,6,1,7,5,2,5,3,10,2,5,3
"5189",4,"BE",76,2,4,6,4,5,1,3,5,2,4,4,3
"5190",4,"BE",55,2,6,1,9,5,1,3,6,7,4,4,3
"5191",4,"BE",53,2,4,5,6,5,3,2,5,10,3,2,2
"5192",5,"BE",57,1,4,1,9,5,2,5,0,8,6,1,5
"5193",3,"BE",59,1,6,8,9,5,1,3,3,3,3,4,2
"5194",4,"BE",81,2,6,6,77,5,1,5,9,3,4,4,2
"5195",5,"BE",63,1,7,1,8,5,1,3,3,10,2,5,3
"5196",4,"BE",52,2,2,1,3,5,3,4,6,3,3,4,4
"5197",4,"BE",38,2,3,1,6,5,3,3,5,2,1,1,3
"5198",4,"BE",62,2,4,5,3,5,3,2,4,0,4,2,4
"5199",1,"BE",79,1,6,6,4,5,1,3,4,5,3,4,3
"5200",5,"BE",53,2,7,1,9,5,1,4,7,6,5,3,3
"5201",5,"BE",58,1,7,1,6,5,1,5,2,3,5,5,2
"5202",4,"BE",69,2,5,6,5,5,4,3,7,0,0,0,4
"5203",5,"BE",51,2,7,1,10,5,2,4,9,10,4,6,2
"5204",1,"BE",72,1,2,6,3,1,2,4,10,6,5,3,3
"5205",4,"BE",81,1,7,6,3,5,3,2,1,9,5,5,5
"5206",4,"BE",62,2,6,1,10,5,1,3,8,8,4,4,3
"5207",2,"BE",73,1,2,6,5,3,2,3,3,7,4,3,3
"5208",3,"BE",26,1,6,2,7,5,1,4,8,8,0,5,2
"5209",4,"BE",70,1,2,6,88,5,3,1,0,8,2,4,5
"5210",4,"BE",60,1,3,1,10,5,1,3,5,5,4,4,4
"5211",4,"BE",36,1,6,1,7,5,2,4,5,4,3,4,4
"5212",4,"BE",39,1,5,1,4,5,2,3,3,2,6,6,1
"5213",4,"BE",52,1,55,1,10,5,2,2,2,99,2,4,3
"5214",4,"BE",65,2,6,1,9,5,1,4,7,5,3,5,3
"5215",4,"BE",69,1,4,6,7,5,1,3,4,10,5,3,3
"5216",2,"BE",37,2,7,8,7,5,1,5,7,6,4,6,2
"5217",5,"BE",57,2,7,1,10,5,1,4,8,7,3,5,2
"5218",2,"BE",64,1,7,1,10,5,1,5,9,10,6,6,2
"5219",5,"BE",35,1,6,1,9,5,2,4,7,9,2,5,1
"5220",4,"BE",27,2,6,1,8,5,1,3,5,5,4,4,4
"5221",4,"BE",67,1,6,1,88,5,1,4,8,8,4,5,4
"5222",2,"BE",57,2,3,1,77,5,1,2,5,8,4,5,2
"5223",5,"BE",67,1,7,1,6,5,1,4,8,8,2,3,3
"5224",2,"BE",39,2,7,1,9,5,1,4,8,8,5,5,3
"5225",4,"BE",70,1,2,6,5,4,2,4,5,7,4,2,4
"5226",2,"BE",62,1,5,1,6,1,1,3,5,99,2,4,2
"5227",4,"BE",23,2,4,2,1,5,2,3,6,1,2,4,4
"5228",5,"BE",67,1,7,6,5,4,2,4,9,1,3,4,2
"5229",4,"BE",65,1,4,1,99,1,2,3,8,8,6,6,3
"5230",3,"BE",26,1,4,2,5,5,1,3,4,2,5,5,2
"5231",1,"BE",73,2,7,6,7,5,1,4,6,3,3,4,2
"5232",4,"BE",71,1,6,6,10,5,2,3,4,3,5,4,4
"5233",4,"BE",50,2,6,1,8,5,2,3,5,3,3,5,4
"5234",5,"BE",58,1,7,1,7,5,1,5,9,99,4,4,2
"5235",2,"BE",63,1,2,5,3,4,1,4,5,7,5,5,3
"5236",5,"BE",77,1,7,6,3,5,4,4,7,0,3,5,4
"5237",5,"BE",45,1,6,1,10,5,1,4,5,0,5,5,4
"5238",1,"BE",75,1,6,6,4,5,1,5,8,5,3,5,3
"5239",2,"BE",39,2,7,1,9,5,2,4,9,7,5,5,2
"5240",2,"BE",71,1,4,2,8,5,1,2,7,8,4,6,3
"5241",2,"BE",39,2,7,1,10,5,1,5,6,6,3,4,3
"5242",4,"BE",40,1,4,8,8,5,2,1,0,7,3,1,4
"5243",2,"BE",37,1,7,1,9,5,2,3,5,6,2,2,2
"5244",4,"BE",52,1,5,1,6,5,3,1,0,5,1,2,3
"5245",4,"BE",81,1,7,6,8,5,1,3,6,10,6,5,2
"5246",2,"BE",70,2,7,6,4,5,3,5,10,1,5,6,1
"5247",2,"BE",31,1,5,1,10,5,1,4,10,7,4,4,3
"5248",2,"BE",51,2,6,8,8,5,1,2,1,6,5,4,3
"5249",4,"BE",55,1,3,1,6,5,1,3,5,3,3,4,3
"5250",4,"BE",44,2,4,1,6,5,2,3,7,4,4,5,2
"5251",1,"BE",69,2,7,1,7,5,2,3,10,9,6,6,3
"5252",2,"BE",39,1,4,1,6,5,2,3,0,5,5,4,5
"5253",2,"BE",61,2,6,1,88,5,1,2,3,8,5,6,3
"5254",5,"BE",77,2,1,8,2,1,1,2,5,7,3,6,3
"5255",4,"BE",66,1,4,6,2,3,2,4,8,3,4,4,4
"5256",4,"BE",52,2,6,1,9,5,1,3,6,9,4,6,3
"5257",3,"BE",36,1,5,1,7,5,2,3,7,10,3,6,3
"5258",4,"BE",50,2,7,1,9,5,2,3,6,8,3,4,3
"5259",5,"BE",42,2,7,8,10,5,2,3,8,9,5,5,4
"5260",2,"BE",73,1,4,6,5,5,2,5,2,5,3,4,3
"5261",4,"BE",44,1,6,1,8,5,1,3,7,4,5,5,4
"5262",3,"BE",77,2,2,6,4,5,1,3,5,6,2,5,9
"5263",6,"BE",74,2,6,6,3,1,2,3,5,5,3,3,3
"5264",4,"BE",69,1,2,6,3,5,2,4,2,0,4,4,5
"5265",5,"BE",29,2,6,1,8,5,1,4,7,3,3,4,3
"5266",5,"BE",33,2,6,1,10,5,1,3,6,5,2,6,3
"5267",3,"BE",78,1,7,6,10,5,1,3,3,10,5,5,3
"5268",4,"BE",53,1,7,1,8,5,2,1,0,5,2,4,4
"5269",3,"BE",64,1,7,1,10,5,1,4,7,6,5,5,4
"5270",1,"BE",36,2,6,3,3,5,2,2,6,6,4,3,2
"5271",4,"BE",63,2,6,5,3,5,2,3,7,7,3,4,4
"5272",5,"BE",56,2,3,1,8,2,2,3,4,5,5,5,2
"5273",1,"BE",22,1,4,2,9,5,1,1,0,8,5,6,2
"5274",4,"BE",59,1,5,1,8,5,2,9,99,5,99,99,9
"5275",2,"BE",71,2,6,8,1,5,3,3,8,8,1,4,3
"5276",2,"BE",38,1,6,1,10,5,1,3,3,8,2,5,4
"5277",5,"BE",44,2,7,1,6,5,2,4,10,0,0,2,1
"5278",3,"BE",65,1,7,6,4,5,1,4,8,8,5,2,3
"5279",4,"BE",65,1,5,1,8,5,1,4,8,9,4,5,3
"5280",4,"BE",36,1,7,1,8,5,2,1,4,5,5,6,5
"5281",3,"BE",48,2,7,1,8,5,2,3,7,7,3,6,3
"5282",4,"BE",64,1,5,6,3,4,2,4,6,2,5,5,2
"5283",5,"BE",33,2,4,1,88,5,1,3,5,2,2,0,4
"5284",6,"BE",54,2,7,1,1,2,2,3,7,2,2,5,5
"5285",4,"BE",89,1,7,6,5,5,2,2,5,99,4,4,2
"5286",4,"BE",61,1,4,1,7,5,1,4,10,0,4,6,2
"5287",4,"BE",66,2,5,5,3,2,3,5,8,8,0,2,4
"5288",4,"BE",21,1,4,2,88,5,1,3,6,7,4,5,3
"5289",5,"BE",38,2,6,1,8,5,1,3,6,7,4,5,4
"5290",4,"BE",83,2,6,6,4,4,1,3,3,7,5,4,4
"5291",5,"BE",65,1,7,6,9,5,2,3,6,0,5,5,4
"5292",1,"BE",75,2,7,6,6,5,1,4,8,8,5,4,3
"5293",4,"BE",64,1,6,1,6,5,2,3,6,6,3,4,4
"5294",3,"BE",60,1,7,1,8,5,2,4,6,7,4,3,3
"5295",2,"BE",35,2,7,9,1,5,1,5,5,7,4,4,3
"5296",4,"BE",37,2,6,1,7,5,3,3,7,2,3,2,2
"5297",2,"BE",44,1,6,1,8,5,1,3,7,7,2,2,4
"5298",4,"BE",77,1,7,6,5,5,3,4,7,9,4,5,2
"5299",6,"BE",67,1,2,6,5,5,2,3,2,5,6,2,3
"5300",2,"BE",51,1,3,1,7,5,1,3,7,5,3,4,3
"5301",4,"BE",70,1,6,1,7,5,1,3,6,4,5,5,4
"5302",4,"BE",53,1,5,1,7,4,2,4,7,7,5,5,3
"5303",4,"BE",55,1,7,1,9,5,1,3,6,8,3,5,4
"5304",5,"BE",62,1,7,1,10,5,1,3,6,7,4,4,2
"5305",4,"BE",70,1,7,6,5,5,2,4,8,99,2,4,3
"5306",2,"BE",66,1,4,6,6,5,1,3,6,6,2,2,3
"5307",2,"BE",28,2,6,1,7,5,1,5,6,4,4,5,3
"5308",7,"BE",33,1,4,5,10,5,1,3,2,8,4,4,4
"5309",2,"BE",69,2,5,6,6,5,1,3,5,5,4,4,4
"5310",2,"BE",40,2,7,1,7,5,1,3,7,8,3,5,2
"5311",4,"BE",79,1,2,6,6,1,1,3,8,7,4,5,1
"5312",4,"BE",67,2,6,8,4,5,1,3,5,9,2,4,3
"5313",4,"BE",66,2,2,6,99,5,2,3,7,99,3,3,3
"5314",2,"BE",40,1,7,1,8,5,1,2,2,3,2,2,5
"5315",4,"BE",77,2,1,6,77,5,3,3,7,8,2,3,2
"5316",5,"BE",56,1,7,1,10,5,1,2,3,7,3,5,4
"5317",4,"BE",46,2,6,1,4,5,2,4,7,6,4,3,2
"5318",3,"BE",60,1,6,1,9,5,1,4,8,9,4,5,4
"5319",3,"BE",24,1,5,2,2,4,4,2,3,7,0,3,3
"5320",2,"BE",55,2,5,3,4,5,2,3,7,8,6,6,4
"5321",2,"BE",71,1,3,6,4,4,2,2,2,3,2,4,4
"5322",4,"BE",63,1,4,8,5,5,2,3,5,5,5,3,3
"5323",3,"BE",50,2,7,1,9,5,1,5,9,7,3,4,2
"5324",4,"BE",36,2,7,1,9,5,1,2,3,8,4,4,2
"5325",4,"BE",36,2,6,1,9,5,2,3,5,5,3,3,4
"5326",2,"BE",22,1,4,2,88,5,1,4,8,8,6,6,3
"5327",2,"BE",38,1,7,8,7,5,1,3,6,7,6,6,3
"5328",4,"BE",37,2,6,8,7,5,2,4,5,7,4,4,4
"5329",5,"BE",68,1,4,6,8,5,2,4,7,5,5,4,2
"5330",4,"BE",24,2,6,1,7,5,1,3,2,0,99,99,9
"5331",4,"BE",58,2,4,1,8,5,1,3,7,8,4,5,3
"5332",6,"BE",68,2,4,6,6,2,2,3,8,5,5,4,4
"5333",2,"BE",57,2,6,1,5,5,1,4,8,7,4,4,3
"5334",4,"BE",60,1,5,1,9,5,1,4,8,2,5,5,2
"5335",2,"BE",21,2,4,1,6,5,1,3,4,6,3,4,4
"5336",2,"BE",64,2,6,6,9,5,1,4,7,7,4,5,2
"5337",4,"BE",63,1,7,1,10,5,1,4,8,9,6,5,3
"5338",3,"BE",80,2,5,6,5,5,2,3,8,8,3,5,3
"5339",4,"BE",52,1,7,1,9,5,1,3,1,8,2,6,1
"5340",4,"BE",39,2,7,1,8,5,1,3,5,6,5,5,3
"5341",4,"BE",56,2,6,1,5,5,1,4,8,5,5,4,3
"5342",2,"BE",76,2,1,6,5,1,2,3,5,6,4,6,4
"5343",5,"BE",68,1,55,6,5,2,2,3,8,2,4,5,3
"5344",2,"BE",47,1,4,1,9,5,1,1,0,8,6,5,1
"5345",4,"BE",73,2,7,6,6,5,2,3,7,3,3,2,4
"5346",5,"BE",55,2,6,1,8,5,1,3,5,99,4,5,3
"5347",5,"BE",58,2,5,1,8,5,2,2,8,1,2,6,3
"5348",4,"BE",61,2,7,2,6,5,2,3,5,5,4,6,3
"5349",5,"BE",49,1,7,1,9,5,1,4,8,6,4,3,3
"5350",4,"BE",35,1,6,1,4,5,1,2,1,5,1,5,3
"5351",5,"BE",68,1,1,6,3,3,2,3,3,5,4,5,3
"5352",3,"BE",61,1,7,1,10,5,1,3,7,8,4,6,3
"5353",2,"BE",70,1,4,6,6,5,2,4,7,99,5,5,1
"5354",4,"BE",65,2,7,4,9,5,1,5,7,5,3,3,3
"5355",4,"BE",41,1,7,1,5,5,1,3,5,7,3,4,3
"5356",5,"BE",56,1,4,1,8,5,1,4,7,4,4,4,4
"5357",2,"BE",53,2,6,1,9,5,1,4,9,2,4,5,4
"5358",4,"BE",46,2,7,1,10,5,1,4,8,5,6,4,2
"5359",2,"BE",47,2,7,1,8,5,2,5,8,7,3,4,3
"5360",2,"BE",75,2,6,6,4,4,1,3,7,8,6,5,3
"5361",1,"BE",72,1,7,6,8,5,1,3,7,9,4,5,2
"5362",5,"BE",78,1,7,6,6,5,1,3,7,6,4,5,4
"5363",6,"BE",53,2,6,5,8,5,1,5,9,10,6,5,3
"5364",2,"BE",70,2,6,6,7,4,1,3,9,8,5,5,2
"5365",2,"BE",65,1,6,6,10,5,1,4,6,9,6,3,4
"5366",4,"BE",46,2,6,1,8,5,2,3,8,8,1,5,3
"5367",4,"BE",52,2,6,1,9,5,1,3,5,5,3,5,3
"5368",4,"BE",32,2,6,1,8,5,2,3,6,4,5,5,4
"5369",4,"BE",81,1,7,6,9,4,1,3,7,7,5,6,9
"5370",4,"BE",26,1,6,1,8,5,1,1,0,5,2,99,4
"5371",4,"BE",85,2,4,6,7,1,1,2,4,7,4,5,2
"5372",2,"BE",35,1,7,1,8,5,2,3,8,8,4,5,3
"5373",2,"BE",70,2,6,8,9,5,1,3,7,5,5,5,3
"5374",4,"BE",76,1,7,6,4,5,1,4,2,7,4,3,1
"5375",4,"BE",57,1,4,9,9,5,1,3,5,4,2,4,3
"5376",4,"BE",61,2,5,1,1,5,1,4,3,3,5,5,2
"5377",2,"BE",20,2,4,2,88,5,1,4,8,9,4,4,4
"5378",1,"BE",61,1,6,6,2,5,3,5,10,10,0,4,4
"5379",4,"BE",76,1,4,6,5,5,1,4,7,5,5,4,3
"5380",1,"BE",80,1,4,6,8,2,1,4,5,8,2,5,4
"5381",2,"BE",66,2,6,8,4,5,2,3,5,5,4,4,3
"5382",2,"BE",66,2,6,6,6,5,1,4,8,5,2,1,3
"5383",6,"BE",73,2,7,1,5,5,2,4,8,4,1,3,3
"5384",2,"BE",66,2,7,6,6,5,1,5,7,8,3,5,2
"5385",7,"BE",38,1,6,1,4,5,2,4,6,1,5,5,5
"5386",4,"BE",42,1,5,3,2,5,4,4,4,6,1,4,4
"5387",4,"BE",78,2,6,6,1,4,3,5,8,0,5,4,4
"5388",4,"BE",33,2,6,1,6,5,1,3,3,3,3,2,5
"5389",5,"BE",64,2,6,1,4,5,2,4,7,2,1,3,3
"5390",4,"BE",69,2,4,6,5,1,1,4,6,5,3,3,3
"5391",5,"BE",24,1,4,2,88,5,1,4,7,3,4,4,3
"5392",4,"BE",68,1,7,6,8,5,1,3,7,7,3,5,2
"5393",4,"BE",52,1,7,1,9,5,1,2,2,3,4,4,3
"5394",2,"BE",36,1,4,1,6,5,1,1,0,4,5,5,5
"5395",4,"BE",73,2,6,6,8,5,2,2,5,2,1,4,4
"5396",2,"BE",65,1,7,6,8,5,1,4,7,5,3,4,2
"5397",4,"BE",38,2,7,1,7,5,2,3,4,6,4,4,4
"5398",4,"BE",75,1,7,6,10,5,1,3,8,8,2,5,4
"5399",4,"BE",52,1,2,5,2,5,4,4,8,0,5,3,4
"5400",5,"BE",54,1,5,1,7,5,2,3,3,6,2,4,3
"5401",5,"BE",49,1,7,1,10,5,1,3,5,8,5,4,3
"5402",4,"BE",55,2,6,1,10,5,1,3,8,0,6,5,3
"5403",2,"BE",60,2,7,1,9,5,1,3,8,8,4,4,3
"5404",4,"BE",49,1,7,8,9,5,1,3,6,9,4,5,5
"5405",3,"BE",70,2,4,6,88,4,2,3,7,7,5,4,3
"5406",2,"BE",51,1,6,1,8,5,1,4,8,3,6,6,3
"5407",4,"BE",75,2,4,6,1,5,3,3,5,3,3,3,4
"5408",4,"BE",52,2,6,1,8,5,1,4,7,3,6,6,3
"5409",1,"BE",58,1,5,1,4,5,2,5,9,7,99,4,3
"5410",4,"BE",53,1,7,1,10,5,1,3,7,8,5,4,3
"5411",4,"BE",82,1,4,6,3,5,1,3,4,5,3,4,3
"5412",1,"BE",31,1,6,1,10,5,2,3,8,7,6,5,4
"5413",4,"BE",34,1,6,1,5,5,1,3,5,6,4,4,3
"5414",4,"BE",58,1,5,1,3,3,3,3,5,3,3,3,4
"5415",2,"BE",66,1,7,6,8,5,1,4,6,4,4,5,3
"5416",4,"BE",79,2,4,6,3,5,3,4,7,8,2,5,3
"5417",4,"BE",31,2,6,1,9,5,1,3,6,1,4,3,4
"5418",2,"BE",69,1,4,8,2,3,2,3,5,10,5,5,5
"5419",4,"BE",73,2,6,6,7,5,1,5,3,9,6,5,3
"5420",5,"BE",58,1,6,1,5,5,2,4,7,5,4,4,3
"5421",4,"BE",68,1,4,6,6,5,3,3,4,99,1,4,4
"5422",4,"BE",80,1,7,6,10,5,1,2,5,7,5,5,4
"5423",4,"BE",63,2,7,8,6,5,2,3,7,4,2,3,3
"5424",4,"BE",89,2,2,8,2,1,1,2,7,0,3,4,3
"5425",4,"BE",71,2,6,6,4,5,2,3,8,10,3,5,1
"5426",4,"CZ",36,2,7,1,6,5,2,3,8,5,3,5,3
"5427",4,"CZ",72,1,3,6,3,5,2,1,0,10,6,5,4
"5428",1,"CZ",66,1,3,6,2,3,3,3,3,2,3,2,4
"5429",4,"CZ",42,2,5,1,8,5,2,3,5,1,4,5,4
"5430",4,"CZ",78,2,5,6,1,4,3,3,10,5,6,5,4
"5431",4,"CZ",53,2,4,1,8,5,1,3,2,5,3,5,3
"5432",5,"CZ",74,1,3,6,5,4,9,4,10,8,3,6,3
"5433",2,"CZ",80,1,7,6,6,5,2,2,2,5,4,5,2
"5434",4,"CZ",70,1,7,6,10,5,1,2,7,4,4,6,3
"5435",1,"CZ",67,2,5,8,77,5,2,3,8,8,3,5,3
"5436",4,"CZ",63,2,7,1,77,5,1,4,5,3,3,5,4
"5437",4,"CZ",76,1,4,6,5,4,2,1,0,8,1,6,2
"5438",4,"CZ",33,2,4,8,6,5,2,3,5,7,4,3,4
"5439",7,"CZ",54,2,5,1,8,5,3,3,5,8,4,5,3
"5440",1,"CZ",69,2,3,6,5,5,3,4,6,9,5,5,4
"5441",4,"CZ",999,2,3,1,77,5,3,3,7,7,3,6,2
"5442",4,"CZ",53,2,4,1,2,5,4,2,4,5,5,5,2
"5443",7,"CZ",76,1,3,6,2,5,3,5,9,5,2,5,3
"5444",5,"CZ",34,2,7,8,77,5,1,2,1,2,2,3,2
"5445",4,"CZ",54,2,7,1,9,5,1,1,0,5,2,5,5
"5446",3,"CZ",71,1,5,6,7,5,3,3,3,0,0,3,5
"5447",4,"CZ",58,2,7,1,5,5,2,3,1,2,4,6,4
"5448",7,"CZ",71,1,7,1,8,5,2,5,8,9,4,5,3
"5449",4,"CZ",32,2,7,8,5,5,4,4,6,5,2,4,3
"5450",4,"CZ",57,1,3,1,4,5,2,2,4,5,2,6,3
"5451",4,"CZ",74,1,3,6,2,1,3,2,2,8,2,6,3
"5452",4,"CZ",76,1,4,6,5,5,2,1,1,8,3,1,4
"5453",4,"CZ",54,1,4,1,77,4,1,3,1,8,3,3,2
"5454",4,"CZ",39,1,7,1,77,5,1,4,7,4,6,6,3
"5455",5,"CZ",51,1,5,1,8,5,1,3,7,10,4,5,2
"5456",4,"CZ",33,2,6,8,8,5,1,4,3,9,4,6,2
"5457",4,"CZ",72,1,3,6,77,1,1,3,2,9,2,2,3
"5458",3,"CZ",51,2,7,1,77,4,2,4,6,8,4,4,5
"5459",6,"CZ",73,1,7,6,3,3,2,5,4,8,4,6,4
"5460",4,"CZ",52,1,5,1,9,5,2,4,7,8,5,5,4
"5461",3,"CZ",88,9,5,6,1,1,2,2,7,8,4,5,2
"5462",4,"CZ",66,2,7,6,4,4,2,3,5,5,3,5,5
"5463",5,"CZ",53,1,5,1,10,5,1,2,2,10,5,6,1
"5464",4,"CZ",68,1,4,6,3,4,2,4,9,9,4,5,3
"5465",1,"CZ",999,9,4,6,77,2,2,4,5,5,4,4,5
"5466",1,"CZ",51,1,4,1,77,3,1,3,5,8,2,3,4
"5467",6,"CZ",58,2,4,1,1,5,2,4,8,5,2,5,2
"5468",3,"CZ",68,2,5,6,1,1,2,2,3,10,6,6,3
"5469",4,"CZ",81,1,7,6,5,5,2,1,0,7,5,6,4
"5470",1,"CZ",89,2,5,6,2,5,2,3,3,5,5,5,3
"5471",4,"CZ",56,2,3,1,7,5,2,2,2,5,3,5,3
"5472",3,"CZ",48,2,5,1,9,4,2,4,7,8,4,5,4
"5473",4,"CZ",55,2,7,1,10,5,1,3,3,8,4,4,3
"5474",2,"CZ",54,2,3,1,8,5,2,4,5,6,2,5,4
"5475",4,"CZ",82,1,5,6,4,4,2,2,1,7,4,5,2
"5476",3,"CZ",76,2,7,6,5,3,2,3,1,10,3,4,5
"5477",4,"CZ",71,1,4,6,77,2,2,2,4,8,2,5,4
"5478",4,"CZ",66,2,2,6,8,5,2,2,4,6,1,6,4
"5479",2,"CZ",73,2,5,99,3,1,3,3,6,9,3,4,4
"5480",4,"CZ",56,1,7,1,10,5,1,1,0,9,5,5,5
"5481",3,"CZ",84,2,4,6,99,1,2,3,6,99,3,5,1
"5482",4,"CZ",43,1,4,1,8,5,2,4,5,5,4,3,3
"5483",2,"CZ",38,2,5,8,1,4,3,4,8,8,5,5,2
"5484",1,"CZ",37,2,6,1,5,5,2,4,7,10,1,6,2
"5485",4,"CZ",74,1,3,6,77,5,3,4,5,5,2,3,4
"5486",5,"CZ",37,1,7,1,10,5,1,4,8,8,5,5,2
"5487",3,"CZ",44,2,7,8,77,5,2,5,7,4,4,5,2
"5488",4,"CZ",64,2,5,1,5,5,1,2,3,5,3,5,3
"5489",4,"CZ",63,1,3,1,10,5,2,4,7,5,1,3,5
"5490",4,"CZ",66,1,4,6,6,5,2,1,1,6,3,4,5
"5491",1,"CZ",67,2,4,6,6,4,3,3,4,8,2,5,4
"5492",1,"CZ",39,2,5,8,8,5,2,3,5,3,5,5,3
"5493",3,"CZ",32,2,6,1,6,5,2,4,6,8,2,4,2
"5494",4,"CZ",44,1,7,1,4,5,2,4,8,5,5,6,2
"5495",1,"CZ",64,2,7,1,6,5,3,3,5,4,1,4,5
"5496",4,"CZ",68,2,2,1,77,3,2,2,5,8,2,4,4
"5497",3,"CZ",82,2,2,6,2,1,3,2,5,5,1,6,3
"5498",4,"CZ",57,1,2,5,4,4,3,3,5,7,4,5,3
"5499",6,"CZ",72,1,4,6,5,4,1,2,4,10,3,6,4
"5500",4,"CZ",39,2,5,1,9,5,1,5,3,10,4,5,4
"5501",4,"CZ",66,2,3,8,5,4,3,1,0,5,0,0,3
"5502",4,"CZ",36,1,5,1,4,4,2,2,5,4,5,5,5
"5503",1,"CZ",88,2,2,6,99,1,2,2,5,99,3,4,4
"5504",4,"CZ",71,1,3,6,99,1,2,5,3,7,3,3,2
"5505",3,"CZ",61,2,3,1,6,3,4,1,5,9,0,6,1
"5506",3,"CZ",64,1,3,4,1,1,3,2,3,9,0,1,3
"5507",1,"CZ",54,2,4,1,9,4,2,2,5,5,4,4,5
"5508",4,"CZ",79,1,5,6,6,4,2,1,0,9,4,4,4
"5509",2,"CZ",56,2,3,1,1,5,2,5,10,0,0,0,5
"5510",4,"CZ",65,2,3,6,77,1,2,1,5,6,5,2,4
"5511",4,"CZ",29,1,7,1,7,5,2,2,2,7,2,4,5
"5512",5,"CZ",55,1,7,1,10,5,1,4,7,3,4,5,3
"5513",4,"CZ",59,2,5,1,77,2,1,2,6,5,4,5,3
"5514",4,"CZ",44,1,5,1,9,5,2,2,1,8,4,6,3
"5515",3,"CZ",58,2,3,5,1,2,3,4,5,7,3,6,2
"5516",3,"CZ",44,2,7,1,8,4,1,3,2,10,3,5,2
"5517",4,"CZ",63,1,4,1,4,5,3,1,0,3,1,4,5
"5518",1,"CZ",27,2,3,8,3,5,3,3,7,6,5,3,3
"5519",1,"CZ",31,2,7,8,10,5,1,5,6,10,4,2,1
"5520",3,"CZ",77,1,5,6,4,2,2,3,7,4,2,4,3
"5521",4,"CZ",69,1,7,6,6,5,2,4,4,5,5,3,3
"5522",6,"CZ",74,2,3,6,3,1,1,3,5,5,4,5,3
"5523",6,"CZ",84,2,5,6,3,1,2,3,5,6,5,3,4
"5524",1,"CZ",67,2,5,6,77,4,1,2,5,7,5,1,4
"5525",1,"CZ",60,2,3,5,3,1,2,4,7,8,5,5,2
"5526",4,"CZ",58,2,7,1,9,5,1,2,5,7,3,4,2
"5527",3,"CZ",20,2,4,2,10,4,1,4,2,5,1,5,3
"5528",4,"CZ",27,1,4,1,9,5,1,5,7,9,2,5,3
"5529",4,"CZ",45,2,5,1,7,5,3,2,6,8,2,5,3
"5530",1,"CZ",19,2,2,2,9,5,1,3,5,2,2,2,4
"5531",4,"CZ",56,1,5,1,8,5,2,2,6,6,2,5,4
"5532",1,"CZ",64,2,5,6,2,4,3,2,4,7,3,2,3
"5533",3,"CZ",56,2,4,1,77,4,1,2,2,7,3,4,2
"5534",4,"CZ",72,1,4,6,5,5,2,3,5,10,5,5,9
"5535",4,"CZ",73,1,4,1,3,5,2,5,1,99,5,5,9
"5536",4,"CZ",49,1,6,1,7,5,1,2,5,0,5,5,3
"5537",4,"CZ",42,1,5,1,99,4,1,1,5,5,3,3,2
"5538",3,"CZ",65,1,3,5,2,9,4,1,0,4,0,6,5
"5539",1,"CZ",75,2,5,6,1,4,2,2,0,8,1,2,1
"5540",4,"CZ",39,2,5,1,2,5,2,2,2,5,1,3,4
"5541",3,"CZ",90,2,5,6,3,1,2,2,2,7,2,6,2
"5542",4,"CZ",77,1,3,6,4,3,2,2,5,0,3,3,2
"5543",5,"CZ",51,1,4,1,10,5,1,3,8,5,4,5,3
"5544",2,"CZ",63,1,4,6,5,3,2,3,3,10,4,5,2
"5545",3,"CZ",50,2,3,99,5,5,2,1,0,8,2,3,4
"5546",4,"CZ",52,2,4,1,77,5,2,2,5,8,3,3,3
"5547",1,"CZ",42,2,3,3,77,5,3,4,7,7,5,4,3
"5548",4,"CZ",38,2,4,1,77,5,2,2,2,5,3,5,5
"5549",4,"CZ",42,2,3,8,77,4,3,2,5,5,6,3,2
"5550",4,"CZ",41,2,5,1,7,5,2,5,9,7,2,2,4
"5551",7,"CZ",90,1,4,6,6,1,2,3,6,9,4,5,2
"5552",2,"CZ",47,2,1,1,8,5,2,2,7,7,3,4,5
"5553",1,"CZ",35,2,5,1,6,2,2,3,7,7,2,4,4
"5554",3,"CZ",27,2,6,1,3,5,3,3,3,8,3,4,3
"5555",4,"CZ",50,2,3,1,5,4,4,2,5,5,1,1,3
"5556",2,"CZ",73,1,7,6,6,4,2,2,3,7,4,6,2
"5557",2,"CZ",72,2,4,6,2,2,2,2,99,7,5,5,3
"5558",3,"CZ",43,2,5,1,5,5,3,5,8,10,4,6,9
"5559",6,"CZ",43,2,5,1,77,5,2,2,6,6,4,4,3
"5560",5,"CZ",48,1,3,1,8,5,1,4,7,8,1,5,4
"5561",1,"CZ",58,2,3,1,7,3,2,3,4,5,3,4,2
"5562",4,"CZ",39,2,3,1,6,4,3,4,5,2,2,3,3
"5563",4,"CZ",45,1,7,1,10,5,2,2,5,1,3,4,4
"5564",2,"CZ",77,1,7,6,77,3,2,2,5,7,3,4,5
"5565",4,"CZ",63,1,7,1,10,5,1,4,6,9,3,5,2
"5566",4,"CZ",54,1,4,1,77,3,1,2,0,5,3,4,5
"5567",1,"CZ",46,1,4,1,3,5,2,2,0,7,3,5,2
"5568",4,"CZ",47,1,7,1,10,5,1,4,8,8,5,3,3
"5569",4,"CZ",20,1,2,2,8,5,2,3,5,3,3,5,3
"5570",1,"CZ",71,1,3,6,3,5,1,3,2,8,0,2,4
"5571",6,"CZ",72,2,7,8,6,2,2,3,6,6,4,5,3
"5572",4,"CZ",84,1,7,5,4,4,2,4,5,6,3,5,1
"5573",3,"CZ",21,1,5,2,10,5,1,3,5,4,4,5,3
"5574",3,"CZ",21,1,4,2,1,5,1,4,3,7,4,4,2
"5575",6,"CZ",72,2,4,6,5,3,2,2,3,4,3,1,5
"5576",4,"CZ",59,1,4,1,8,5,1,4,7,7,3,4,4
"5577",1,"CZ",63,2,5,1,9,5,9,3,7,6,4,5,2
"5578",4,"CZ",47,2,5,1,8,5,2,2,7,10,6,6,4
"5579",1,"CZ",71,1,3,6,5,2,2,4,5,6,1,5,3
"5580",4,"CZ",57,2,4,1,77,5,1,2,4,9,3,5,3
"5581",7,"CZ",61,1,3,1,2,4,3,2,0,5,4,3,5
"5582",3,"CZ",75,2,5,6,2,5,3,2,0,0,3,0,4
"5583",3,"CZ",50,2,4,1,3,4,2,1,5,5,3,6,2
"5584",2,"CZ",24,2,6,2,7,5,1,4,7,3,4,5,3
"5585",1,"CZ",58,2,5,1,10,5,1,2,5,8,5,2,4
"5586",3,"CZ",76,2,5,6,77,4,2,2,3,8,2,3,4
"5587",1,"CZ",70,2,7,6,7,5,2,3,8,7,3,6,2
"5588",3,"CZ",74,2,5,6,3,5,2,4,5,8,3,3,4
"5589",4,"CZ",64,1,4,1,7,3,1,1,0,0,3,2,5
"5590",2,"CZ",54,2,5,1,77,5,2,3,4,8,5,5,3
"5591",3,"CZ",54,2,6,1,77,5,2,5,0,2,3,6,4
"5592",1,"CZ",63,1,3,1,8,4,1,2,5,9,5,6,3
"5593",4,"CZ",72,1,7,6,7,5,2,3,6,6,3,4,3
"5594",4,"CZ",46,1,5,1,8,5,1,4,8,8,4,5,2
"5595",7,"CZ",78,2,3,6,1,1,4,2,5,5,3,6,3
"5596",7,"CZ",58,2,3,1,6,4,1,3,5,9,5,5,2
"5597",4,"CZ",70,2,3,6,77,1,2,1,4,5,3,4,3
"5598",2,"CZ",66,2,3,8,99,5,4,3,5,0,5,5,3
"5599",1,"CZ",77,2,3,6,2,5,2,3,5,9,2,4,2
"5600",4,"CZ",34,2,3,1,3,5,4,2,3,5,3,4,3
"5601",1,"CZ",68,1,7,6,9,4,1,2,5,7,4,5,2
"5602",4,"CZ",77,1,3,6,5,4,2,4,1,9,3,5,4
"5603",4,"CZ",54,2,6,1,4,5,2,3,6,10,3,6,3
"5604",3,"CZ",46,1,3,1,8,5,1,3,6,8,3,5,4
"5605",6,"CZ",69,2,4,6,77,1,2,4,5,6,5,3,2
"5606",6,"CZ",55,1,5,1,77,3,2,3,99,5,0,2,3
"5607",3,"CZ",65,2,7,1,6,5,1,5,8,8,4,4,3
"5608",2,"CZ",61,2,4,1,5,3,2,2,5,6,4,5,2
"5609",3,"CZ",84,2,4,6,2,5,2,3,5,9,3,6,4
"5610",6,"CZ",73,1,4,6,3,5,2,3,5,3,2,3,2
"5611",1,"CZ",71,1,3,6,4,5,1,3,5,6,2,5,2
"5612",4,"CZ",50,1,4,1,10,5,1,2,5,2,5,5,4
"5613",4,"CZ",47,2,5,1,9,4,2,3,5,2,5,4,4
"5614",4,"CZ",52,1,5,1,9,5,1,4,7,8,4,5,4
"5615",4,"CZ",44,1,7,1,9,5,1,4,3,9,4,5,2
"5616",4,"CZ",39,1,6,1,77,5,1,2,5,5,3,5,3
"5617",4,"CZ",67,2,4,6,1,5,3,2,5,8,4,5,3
"5618",2,"CZ",80,1,7,6,77,3,2,3,8,7,3,4,3
"5619",1,"CZ",76,2,5,6,2,2,2,9,3,10,5,6,4
"5620",4,"CZ",51,2,7,1,6,5,2,3,5,5,3,5,4
"5621",4,"CZ",34,2,4,8,6,5,2,4,8,3,6,6,1
"5622",3,"CZ",22,2,4,1,77,5,1,4,5,9,2,5,5
"5623",1,"CZ",72,1,7,6,77,4,2,3,5,10,1,3,3
"5624",7,"CZ",47,1,4,1,10,5,1,3,6,5,5,5,2
"5625",4,"CZ",77,2,2,6,99,4,2,3,8,99,1,5,3
"5626",3,"CZ",50,2,7,1,10,5,1,5,6,9,5,5,2
"5627",1,"CZ",79,1,7,6,10,5,1,2,2,9,2,6,3
"5628",4,"CZ",59,2,6,1,4,5,2,3,5,3,3,3,3
"5629",3,"CZ",78,2,7,6,2,5,1,2,2,9,5,5,3
"5630",3,"CZ",67,2,5,6,2,4,3,3,6,10,4,3,3
"5631",4,"CZ",62,1,5,5,3,5,1,3,5,8,6,6,3
"5632",4,"CZ",54,1,5,1,8,5,2,3,0,8,1,5,3
"5633",4,"CZ",45,2,4,5,2,5,4,4,6,5,1,2,3
"5634",6,"CZ",85,2,2,6,1,4,3,2,0,8,2,4,9
"5635",3,"CZ",73,2,4,6,3,3,3,3,5,9,4,2,3
"5636",1,"CZ",67,1,3,6,77,3,2,1,6,10,4,2,5
"5637",2,"CZ",58,2,3,1,77,3,1,1,99,5,0,6,2
"5638",4,"CZ",50,1,5,1,10,5,2,2,1,9,5,4,4
"5639",4,"CZ",65,1,4,6,2,5,3,3,5,8,3,2,3
"5640",1,"CZ",43,1,3,5,1,5,4,5,7,8,3,1,4
"5641",3,"CZ",19,2,2,2,77,5,1,3,5,5,5,6,3
"5642",4,"CZ",46,1,4,1,6,5,3,3,5,8,4,5,5
"5643",2,"CZ",999,2,3,8,1,4,3,1,9,9,4,5,3
"5644",3,"CZ",54,1,3,1,77,5,2,3,5,6,0,5,3
"5645",1,"CZ",58,2,7,1,5,5,2,5,5,10,3,4,3
"5646",6,"CZ",65,2,4,6,77,4,3,2,5,8,3,5,5
"5647",4,"CZ",48,2,5,1,4,5,2,3,6,2,6,5,2
"5648",3,"CZ",50,1,3,6,2,4,4,3,5,8,0,2,5
"5649",4,"CZ",68,1,99,1,99,5,2,5,5,5,0,6,5
"5650",2,"CZ",54,2,4,1,8,4,2,4,2,5,6,5,3
"5651",4,"CZ",50,1,5,1,5,5,2,3,5,2,2,4,5
"5652",1,"CZ",77,2,3,6,77,4,2,2,0,5,3,6,3
"5653",3,"CZ",60,1,7,1,6,5,2,3,5,7,4,2,3
"5654",2,"CZ",61,1,3,1,6,3,2,1,0,8,3,4,4
"5655",4,"CZ",69,2,7,1,77,5,2,3,3,7,3,3,2
"5656",1,"CZ",65,2,4,6,4,3,2,3,8,8,4,4,3
"5657",3,"CZ",80,1,4,6,5,1,2,5,6,7,3,4,4
"5658",3,"CZ",76,2,7,6,4,4,3,2,2,9,4,4,5
"5659",4,"CZ",53,2,5,5,3,5,3,2,4,5,5,4,4
"5660",4,"CZ",38,1,7,1,77,5,2,2,1,6,5,6,5
"5661",1,"CZ",32,2,3,8,4,5,4,2,8,10,4,5,3
"5662",4,"CZ",54,2,3,9,2,5,2,3,5,5,1,4,2
"5663",3,"CZ",27,2,4,1,7,5,2,3,2,5,4,5,4
"5664",2,"CZ",43,1,7,1,7,5,1,4,8,7,3,4,3
"5665",3,"CZ",66,2,7,6,5,5,2,2,2,8,4,5,4
"5666",3,"CZ",50,2,3,1,7,5,1,2,0,7,1,6,3
"5667",4,"CZ",54,1,3,1,77,3,2,3,5,5,3,4,3
"5668",4,"CZ",72,2,7,6,4,5,2,4,7,6,5,4,4
"5669",4,"CZ",999,2,4,1,77,5,2,4,6,0,2,6,2
"5670",3,"CZ",37,2,6,1,5,5,1,4,7,10,2,4,3
"5671",4,"CZ",72,2,3,6,4,4,2,1,7,9,5,5,2
"5672",3,"CZ",65,2,7,1,77,5,1,4,3,2,2,5,1
"5673",4,"CZ",73,1,3,99,77,1,2,4,7,99,3,5,5
"5674",4,"CZ",43,2,5,1,7,4,2,4,5,9,3,6,3
"5675",1,"CZ",50,2,7,1,8,5,2,3,7,10,4,4,3
"5676",3,"CZ",32,2,2,5,3,3,2,3,0,3,3,2,5
"5677",4,"CZ",51,1,5,1,3,5,2,2,2,5,2,5,5
"5678",4,"CZ",33,2,6,1,1,5,3,3,5,2,6,4,2
"5679",3,"CZ",90,1,5,6,5,1,2,5,5,7,3,3,5
"5680",1,"CZ",75,2,5,6,77,4,1,3,5,6,2,5,2
"5681",3,"CZ",56,2,3,1,4,5,3,4,99,8,99,3,4
"5682",4,"CZ",67,1,3,6,77,1,2,3,4,7,3,4,3
"5683",4,"CZ",65,1,4,6,77,5,1,3,8,5,3,4,2
"5684",1,"CZ",67,2,5,6,2,4,1,2,5,1,3,3,3
"5685",4,"CZ",69,1,7,6,6,3,1,2,6,8,2,5,2
"5686",4,"CZ",31,1,7,1,9,5,2,1,1,6,2,5,3
"5687",3,"CZ",61,2,7,1,77,5,3,4,6,6,0,2,5
"5688",4,"CZ",59,1,3,1,5,5,2,4,2,7,3,5,3
"5689",4,"CZ",44,2,4,1,6,5,2,2,5,5,2,3,3
"5690",3,"CZ",59,1,3,1,7,5,3,5,10,2,0,3,3
"5691",4,"CZ",90,2,2,6,2,4,3,3,7,3,0,4,3
"5692",4,"CZ",53,2,3,1,1,4,3,3,5,0,4,4,4
"5693",4,"CZ",51,1,4,1,7,5,1,2,8,6,4,5,3
"5694",4,"CZ",56,1,4,1,77,5,2,2,5,7,4,4,4
"5695",3,"CZ",62,2,3,5,6,1,3,3,5,5,2,3,4
"5696",4,"CZ",46,2,7,1,10,5,1,3,3,3,5,3,3
"5697",4,"CZ",51,1,7,1,7,5,4,2,4,0,3,2,5
"5698",9,"CZ",73,2,4,6,77,1,2,5,4,7,2,3,3
"5699",4,"CZ",39,2,3,1,7,5,3,3,5,5,3,3,3
"5700",1,"CZ",33,2,7,8,5,5,3,5,7,3,3,2,4
"5701",4,"CZ",63,2,3,1,77,4,2,3,9,8,0,5,2
"5702",1,"CZ",59,1,5,1,5,5,3,4,5,8,1,1,4
"5703",4,"CZ",51,2,3,8,7,3,2,5,10,7,2,3,4
"5704",1,"CZ",50,2,4,1,8,5,2,2,4,9,3,5,3
"5705",3,"CZ",69,2,5,6,6,5,1,2,5,6,2,5,5
"5706",4,"CZ",37,1,4,1,7,5,2,1,0,10,2,6,5
"5707",4,"CZ",30,2,3,9,5,4,4,2,0,5,2,2,5
"5708",3,"CZ",64,2,7,1,2,3,3,2,2,10,1,1,4
"5709",1,"CZ",35,2,7,1,8,5,2,2,9,9,4,5,2
"5710",3,"CZ",34,2,7,1,4,5,3,5,7,9,2,4,3
"5711",3,"CZ",51,2,3,1,8,5,2,4,5,8,1,5,4
"5712",1,"CZ",29,1,7,1,10,5,1,5,7,10,3,5,3
"5713",1,"CZ",65,2,5,6,6,5,2,3,1,8,3,3,3
"5714",3,"CZ",19,2,2,2,77,5,2,5,2,8,2,6,4
"5715",4,"CZ",25,2,5,1,9,5,1,2,5,5,3,3,4
"5716",4,"CZ",48,1,7,1,4,5,2,3,1,5,0,4,4
"5717",4,"CZ",42,1,3,1,8,4,3,3,6,8,2,1,3
"5718",3,"CZ",29,2,7,1,9,5,2,4,6,6,4,5,2
"5719",5,"CZ",59,2,7,1,10,4,1,3,5,8,4,5,3
"5720",1,"CZ",67,2,3,9,10,4,2,4,3,9,2,4,3
"5721",4,"CZ",76,2,3,6,2,1,2,4,0,7,5,3,1
"5722",3,"CZ",27,2,6,1,8,5,2,3,7,6,4,3,5
"5723",6,"CZ",67,2,2,6,7,2,2,4,8,6,4,3,3
"5724",6,"CZ",55,1,7,1,77,4,1,3,2,7,3,1,3
"5725",4,"CZ",33,2,3,1,7,3,2,5,5,5,3,3,3
"5726",1,"CZ",51,2,7,1,9,5,2,4,5,10,1,5,4
"5727",5,"CZ",79,2,4,6,10,5,1,3,3,8,3,4,2
"5728",4,"CZ",52,2,7,1,7,5,3,3,2,1,3,4,5
"5729",2,"CZ",53,2,3,1,5,5,1,4,5,10,2,4,5
"5730",4,"CZ",30,1,2,1,8,5,2,2,5,5,2,4,4
"5731",4,"CZ",42,1,4,1,7,5,3,2,6,4,4,4,4
"5732",2,"CZ",70,1,5,6,6,5,1,2,4,5,2,4,5
"5733",4,"CZ",79,2,3,6,4,1,2,3,5,5,1,3,3
"5734",6,"CZ",83,1,5,6,1,1,3,3,0,6,5,4,2
"5735",1,"CZ",76,2,7,6,10,4,1,3,3,5,3,3,3
"5736",9,"CZ",49,2,5,1,10,5,2,3,6,5,4,6,2
"5737",3,"CZ",32,2,6,8,7,5,2,5,7,2,6,2,2
"5738",4,"CZ",48,2,3,1,7,5,2,2,0,8,0,6,4
"5739",4,"CZ",32,2,5,8,2,4,1,2,4,2,3,4,5
"5740",4,"CZ",79,1,7,6,5,5,1,1,0,9,4,5,2
"5741",3,"CZ",47,2,4,1,77,3,2,2,0,5,3,3,3
"5742",1,"CZ",66,2,5,6,99,2,2,3,8,1,2,4,4
"5743",4,"CZ",65,1,3,1,77,5,1,1,0,5,2,6,4
"5744",4,"CZ",69,1,3,6,1,4,3,1,5,7,2,5,5
"5745",4,"CZ",45,2,4,1,99,4,1,3,7,5,3,4,4
"5746",4,"CZ",56,2,4,9,7,5,2,4,7,7,3,4,3
"5747",3,"CZ",84,2,3,6,3,1,2,3,5,7,3,3,2
"5748",3,"CZ",23,2,4,2,10,5,1,5,7,7,4,5,3
"5749",1,"CZ",70,2,3,6,1,1,3,4,7,3,1,3,2
"5750",3,"CZ",63,2,3,5,1,5,2,3,7,1,5,4,4
"5751",3,"CZ",51,1,7,1,10,5,1,3,2,3,2,5,2
"5752",4,"CZ",75,2,4,6,2,4,2,3,1,4,6,5,3
"5753",1,"CZ",56,2,4,1,77,4,1,4,0,10,2,5,3
"5754",1,"CZ",73,2,5,6,77,1,2,3,2,6,6,5,3
"5755",1,"CZ",76,1,5,6,5,4,2,2,5,4,3,3,4
"5756",4,"CZ",76,1,7,6,5,4,2,3,5,5,4,5,4
"5757",5,"CZ",39,1,4,1,10,5,1,4,7,9,4,6,1
"5758",1,"CZ",73,1,4,6,77,2,2,2,5,8,3,5,3
"5759",4,"CZ",62,1,4,1,10,5,2,3,3,7,1,4,4
"5760",4,"CZ",66,2,4,6,77,5,2,3,4,5,2,3,4
"5761",4,"CZ",28,1,6,1,9,5,1,4,5,9,4,5,3
"5762",4,"CZ",45,2,4,8,10,5,2,1,5,0,4,0,1
"5763",5,"CZ",51,2,5,1,6,5,4,1,3,0,3,3,5
"5764",9,"CZ",75,2,4,6,2,2,2,9,99,99,5,4,3
"5765",3,"CZ",45,2,7,1,6,5,2,3,7,9,4,4,3
"5766",1,"CZ",30,2,5,9,1,5,4,3,7,4,3,3,3
"5767",4,"CZ",59,2,7,1,8,5,1,4,7,8,4,3,4
"5768",4,"CZ",59,2,5,1,77,5,1,3,5,2,1,5,2
"5769",1,"CZ",33,2,4,1,9,5,2,4,5,5,5,6,4
"5770",2,"CZ",39,1,4,1,77,5,2,4,1,1,3,5,3
"5771",4,"CZ",38,1,6,1,4,5,3,3,5,5,1,3,3
"5772",2,"CZ",79,2,7,6,1,1,3,3,7,7,3,3,3
"5773",4,"CZ",61,1,7,5,9,4,1,2,5,0,5,3,5
"5774",4,"CZ",74,1,7,6,3,3,2,5,10,9,6,6,3
"5775",3,"CZ",74,2,4,6,3,5,2,5,5,10,3,5,1
"5776",3,"CZ",72,1,5,1,4,5,2,2,0,7,1,5,5
"5777",1,"CZ",43,2,4,1,7,5,1,4,5,5,1,4,3
"5778",3,"CZ",68,2,4,8,7,5,2,3,7,7,3,4,2
"5779",4,"CZ",45,2,7,1,10,5,1,2,4,7,4,6,2
"5780",4,"CZ",80,1,3,6,99,1,1,5,3,5,4,4,1
"5781",3,"CZ",55,2,7,1,5,5,2,4,6,10,4,4,3
"5782",3,"CZ",59,1,7,1,7,5,2,1,1,9,3,4,4
"5783",4,"CZ",49,1,7,1,6,5,1,4,7,2,1,4,3
"5784",4,"CZ",57,2,6,1,5,4,1,5,4,9,4,2,2
"5785",3,"CZ",999,2,4,6,99,3,1,4,5,8,5,5,4
"5786",4,"CZ",69,1,3,6,3,5,2,4,7,7,5,5,3
"5787",4,"CZ",19,2,2,2,9,5,1,3,6,5,3,4,3
"5788",1,"CZ",68,2,5,6,77,5,2,3,4,1,2,3,4
"5789",1,"CZ",20,2,4,2,77,5,1,4,7,8,3,4,3
"5790",4,"CZ",27,2,6,2,77,5,1,4,5,10,4,6,4
"5791",4,"CZ",31,1,7,1,9,5,3,2,7,3,4,5,3
"5792",3,"CZ",39,2,7,1,77,5,3,4,9,6,4,2,3
"5793",4,"CZ",62,2,3,1,2,4,3,3,7,9,2,3,4
"5794",3,"CZ",51,2,7,1,10,5,1,3,7,10,5,6,3
"5795",4,"CZ",43,2,6,1,6,5,1,3,5,8,1,6,2
"5796",1,"CZ",44,1,4,1,5,5,2,4,5,10,6,5,3
"5797",9,"CZ",69,1,4,6,2,1,3,4,5,10,4,5,3
"5798",4,"CZ",43,2,5,8,4,5,2,4,5,9,2,4,3
"5799",1,"CZ",85,2,4,6,3,2,1,3,1,5,5,5,2
"5800",2,"CZ",85,2,5,6,99,4,9,4,7,8,4,4,4
"5801",4,"CZ",39,2,3,1,6,3,2,5,8,4,3,5,4
"5802",4,"CZ",52,1,7,1,9,5,2,2,2,8,2,4,4
"5803",3,"CZ",71,2,3,6,77,1,2,3,6,7,2,5,3
"5804",3,"CZ",61,2,4,5,4,5,2,3,5,9,4,5,3
"5805",4,"CZ",31,1,4,1,6,5,2,4,3,1,4,5,5
"5806",4,"CZ",49,2,6,1,8,5,2,2,10,5,2,3,5
"5807",4,"CZ",46,2,7,1,8,5,2,4,4,9,3,5,2
"5808",4,"CZ",47,1,7,1,10,4,1,4,7,10,5,6,2
"5809",1,"CZ",67,2,2,6,99,5,2,3,1,9,4,3,4
"5810",4,"CZ",52,1,4,5,1,5,4,1,0,10,1,6,1
"5811",1,"CZ",74,1,3,99,5,1,2,3,3,8,2,3,2
"5812",4,"CZ",68,1,7,6,5,5,1,3,7,8,5,5,3
"5813",1,"CZ",37,1,7,1,9,5,1,4,6,10,0,6,4
"5814",4,"CZ",89,2,2,6,77,1,2,2,0,3,5,5,3
"5815",1,"CZ",40,2,7,1,77,5,2,3,10,7,4,4,5
"5816",1,"CZ",58,2,7,3,10,3,1,1,0,3,3,5,4
"5817",4,"CZ",40,1,4,1,7,5,2,3,8,7,3,4,4
"5818",9,"CZ",40,2,5,1,77,5,1,3,6,99,3,5,3
"5819",3,"CZ",74,2,7,6,5,5,1,4,5,10,1,5,1
"5820",4,"CZ",71,1,4,6,6,5,2,1,0,5,3,4,5
"5821",2,"CZ",76,2,5,99,4,3,2,5,9,8,5,5,2
"5822",1,"CZ",59,2,4,1,77,3,1,4,5,10,3,6,2
"5823",3,"CZ",81,1,5,6,5,4,2,2,3,7,2,5,4
"5824",4,"CZ",50,1,4,1,4,4,2,2,3,10,2,4,4
"5825",1,"CZ",74,2,5,6,3,5,2,1,0,5,0,3,5
"5826",1,"CZ",70,2,4,6,4,5,1,2,1,6,1,5,3
"5827",4,"CZ",30,2,7,8,9,5,2,4,7,2,3,4,4
"5828",4,"CZ",57,2,3,1,3,3,1,2,1,2,3,1,3
"5829",1,"CZ",59,2,6,1,7,5,2,4,6,7,2,2,4
"5830",2,"CZ",62,2,2,1,7,5,2,3,5,5,3,3,2
"5831",4,"CZ",71,1,3,6,77,1,3,2,5,5,4,3,3
"5832",1,"CZ",65,2,99,6,6,2,3,2,6,8,3,4,5
"5833",3,"CZ",76,1,7,6,2,5,1,3,2,10,3,5,2
"5834",1,"CZ",999,2,5,1,77,5,2,3,5,7,1,3,9
"5835",3,"CZ",57,1,6,1,9,5,2,4,7,9,5,2,5
"5836",1,"CZ",45,2,4,1,10,5,1,3,5,5,3,5,3
"5837",4,"CZ",70,2,4,6,3,2,3,2,1,5,2,6,2
"5838",6,"CZ",74,2,5,6,4,4,3,3,3,6,5,6,3
"5839",9,"CZ",43,1,5,1,10,5,2,9,99,99,99,99,9
"5840",5,"CZ",74,1,5,1,8,5,1,2,4,10,4,5,4
"5841",4,"CZ",69,1,4,6,6,9,2,3,3,6,3,5,5
"5842",4,"CZ",70,2,4,6,3,2,2,3,0,8,4,3,4
"5843",1,"CZ",75,1,7,6,3,5,3,2,7,5,4,5,5
"5844",1,"CZ",87,2,4,6,6,3,1,4,3,10,3,6,1
"5845",4,"CZ",50,1,4,1,77,5,2,3,6,3,4,4,4
"5846",4,"CZ",50,1,3,9,3,5,4,3,4,8,2,5,3
"5847",1,"CZ",71,2,4,6,9,4,1,3,4,3,3,6,4
"5848",4,"CZ",76,2,4,6,77,2,1,2,4,6,3,5,3
"5849",1,"CZ",54,2,3,1,5,4,3,3,5,6,4,6,3
"5850",3,"CZ",59,1,7,1,6,5,2,3,5,9,4,3,2
"5851",4,"CZ",42,2,4,1,6,5,2,4,7,8,3,5,4
"5852",4,"CZ",68,1,3,6,7,5,1,3,5,9,5,6,2
"5853",1,"CZ",77,2,5,6,2,2,2,4,7,99,99,99,9
"5854",1,"CZ",57,1,7,1,99,3,1,3,6,8,4,5,3
"5855",9,"CZ",76,2,5,6,77,2,2,5,5,9,5,5,3
"5856",3,"CZ",63,2,7,1,77,5,2,2,5,1,4,4,5
"5857",3,"CZ",68,2,7,6,8,5,2,3,5,10,0,3,3
"5858",1,"CZ",76,2,3,6,77,1,3,3,0,3,1,1,4
"5859",3,"CZ",20,1,2,9,8,5,2,5,8,8,4,4,2
"5860",3,"CZ",53,2,5,1,7,5,2,3,6,4,4,5,2
"5861",3,"CZ",74,1,3,6,5,2,2,5,7,7,5,5,4
"5862",4,"CZ",58,2,4,1,2,5,2,3,9,8,2,6,3
"5863",4,"CZ",69,2,4,6,6,5,1,3,3,5,4,5,3
"5864",3,"CZ",28,2,6,1,9,5,1,4,5,7,3,6,2
"5865",4,"CZ",50,1,5,1,8,5,1,3,5,5,4,6,2
"5866",3,"CZ",47,2,4,1,2,5,4,1,3,10,0,0,5
"5867",5,"CZ",52,1,6,8,9,5,2,4,7,8,4,5,3
"5868",3,"CZ",35,1,2,1,3,5,3,2,6,6,3,3,3
"5869",1,"CZ",72,1,3,6,2,2,3,2,4,5,3,3,5
"5870",3,"CZ",72,2,7,6,1,4,2,4,7,8,3,5,2
"5871",3,"CZ",33,2,7,8,9,5,2,5,5,10,5,4,2
"5872",4,"CZ",66,2,3,6,77,4,2,3,5,5,3,3,3
"5873",4,"CZ",66,1,99,1,7,5,2,4,5,6,3,4,3
"5874",3,"CZ",37,2,7,1,3,5,3,5,5,7,3,3,5
"5875",4,"CZ",46,1,7,1,10,5,1,3,5,7,2,5,4
"5876",4,"CZ",82,1,7,6,8,5,1,2,3,9,3,5,4
"5877",4,"CZ",50,1,3,1,4,4,2,1,3,5,0,3,5
"5878",4,"CZ",40,2,4,1,9,5,2,4,7,7,4,5,4
"5879",1,"CZ",78,2,5,6,2,4,3,2,0,0,0,0,4
"5880",2,"CZ",71,1,7,6,6,5,2,3,5,5,3,3,2
"5881",4,"CZ",60,2,4,1,8,5,2,4,0,5,3,5,3
"5882",4,"CZ",70,1,4,1,8,5,1,4,5,99,3,4,4
"5883",3,"CZ",76,2,4,6,3,5,1,2,8,10,3,4,2
"5884",6,"CZ",70,1,3,6,7,4,2,1,5,8,0,5,3
"5885",4,"CZ",34,2,4,8,6,5,2,4,5,1,4,3,2
"5886",1,"CZ",77,2,7,6,3,5,2,3,6,10,3,5,4
"5887",4,"CZ",43,2,5,1,3,5,2,4,5,4,1,4,5
"5888",4,"CZ",51,1,7,1,77,5,2,2,5,9,2,5,4
"5889",6,"CZ",83,2,2,6,4,1,2,3,3,7,4,5,9
"5890",3,"CZ",51,1,5,1,9,5,2,2,4,8,3,5,3
"5891",3,"CZ",28,2,4,1,4,4,4,3,5,5,3,4,3
"5892",1,"CZ",44,1,2,1,6,4,2,3,0,10,4,6,4
"5893",1,"CZ",64,2,3,6,99,4,2,3,3,6,3,4,2
"5894",4,"CZ",52,1,4,1,9,5,2,4,5,8,2,5,3
"5895",9,"CZ",83,2,3,6,1,1,2,3,6,10,5,5,3
"5896",4,"CZ",70,1,7,6,7,5,1,3,5,7,2,5,3
"5897",4,"CZ",28,2,3,1,77,5,2,4,5,8,2,4,3
"5898",3,"CZ",37,1,4,1,6,5,2,5,3,7,3,3,3
"5899",6,"CZ",74,2,5,6,77,1,2,5,1,9,3,6,4
"5900",4,"CZ",74,2,3,6,5,5,1,2,5,10,3,6,3
"5901",6,"CZ",70,1,3,6,5,5,2,3,5,3,4,6,3
"5902",1,"CZ",53,2,3,1,6,4,2,4,8,10,5,4,2
"5903",7,"CZ",63,1,3,5,1,4,4,2,7,10,4,5,4
"5904",6,"CZ",73,2,4,6,6,5,1,2,3,2,3,3,1
"5905",4,"CZ",77,2,7,6,7,5,1,2,4,9,4,4,3
"5906",3,"CZ",87,2,7,6,2,4,2,4,6,9,3,5,3
"5907",2,"CZ",50,1,7,1,77,5,1,3,3,8,3,5,3
"5908",3,"CZ",51,1,7,1,3,5,3,1,1,7,0,6,4
"5909",3,"CZ",40,1,4,1,77,5,2,2,5,9,2,3,3
"5910",3,"CZ",20,2,2,2,77,5,1,3,2,9,1,5,4
"5911",5,"CZ",70,1,7,6,5,4,1,4,5,8,3,5,3
"5912",4,"CZ",65,1,4,6,99,4,3,3,5,5,3,3,3
"5913",7,"CZ",76,1,3,6,1,5,3,1,0,9,3,6,5
"5914",4,"CZ",52,1,7,1,8,5,2,3,5,8,2,4,4
"5915",4,"CZ",47,1,6,1,10,5,1,4,7,7,4,6,4
"5916",5,"CZ",63,2,7,1,99,4,3,3,6,4,2,5,3
"5917",3,"CZ",50,1,7,1,10,5,1,4,8,10,4,6,3
"5918",3,"CZ",49,2,4,1,8,5,3,4,5,10,3,4,4
"5919",4,"CZ",71,2,3,6,77,2,2,3,5,10,1,6,3
"5920",4,"CZ",74,1,3,6,3,1,3,3,5,5,5,1,4
"5921",3,"CZ",999,2,4,1,2,2,3,5,7,5,1,0,2
"5922",4,"CZ",65,1,5,1,10,5,1,5,5,7,3,4,3
"5923",4,"CZ",35,2,7,8,10,5,1,2,5,0,4,5,1
"5924",3,"CZ",55,2,3,1,5,4,2,3,4,2,3,4,3
"5925",4,"CZ",52,1,7,1,4,4,3,4,3,3,2,3,4
"5926",4,"CZ",52,2,7,1,7,5,1,4,5,3,3,6,9
"5927",1,"CZ",60,1,5,1,77,5,1,3,5,8,5,5,2
"5928",4,"CZ",51,2,3,1,4,2,3,2,1,8,1,6,9
"5929",1,"CZ",32,2,5,8,3,5,2,4,8,7,4,4,3
"5930",3,"CZ",50,2,7,1,3,5,2,3,4,9,4,6,2
"5931",4,"CZ",63,2,4,6,5,4,2,5,7,6,3,4,4
"5932",2,"CZ",66,1,3,6,77,4,2,3,1,5,4,5,3
"5933",4,"CZ",39,1,7,1,9,4,1,3,4,8,3,4,3
"5934",1,"CZ",76,2,3,6,77,2,2,5,3,5,4,3,3
"5935",4,"CZ",74,1,7,6,7,5,1,3,2,8,3,4,2
"5936",1,"CZ",49,1,7,1,7,5,1,4,5,9,2,5,2
"5937",2,"CZ",69,1,5,6,77,1,2,4,6,7,3,4,3
"5938",4,"CZ",34,2,4,8,4,5,3,3,4,0,4,2,4
"5939",7,"CZ",72,2,7,6,99,5,1,4,10,10,0,5,1
"5940",4,"CZ",66,2,3,6,3,3,2,3,4,8,1,6,2
"5941",2,"CZ",51,1,4,3,1,5,4,4,5,5,1,2,4
"5942",3,"CZ",82,2,5,6,77,1,2,4,6,10,5,6,1
"5943",4,"CZ",43,2,5,1,6,4,2,2,2,5,5,5,4
"5944",4,"CZ",43,2,99,8,4,5,3,1,0,8,2,5,3
"5945",3,"CZ",40,1,5,3,77,5,2,2,6,5,2,3,3
"5946",4,"CZ",53,2,4,1,8,5,1,1,0,9,0,6,1
"5947",4,"CZ",77,1,7,6,5,5,2,2,0,10,3,5,4
"5948",3,"CZ",54,2,7,1,5,5,2,2,6,9,4,4,2
"5949",3,"CZ",53,2,7,1,4,5,2,3,5,10,2,4,4
"5950",1,"CZ",42,2,7,1,9,5,2,4,7,8,5,5,2
"5951",4,"CZ",76,1,3,6,1,3,2,3,3,7,4,5,3
"5952",4,"CZ",999,9,99,99,99,9,9,3,99,8,1,4,2
"5953",4,"CZ",21,2,2,2,77,5,2,3,99,5,4,4,4
"5954",4,"CZ",37,2,2,8,3,5,3,3,3,0,0,0,4
"5955",3,"CZ",46,1,3,1,5,5,2,5,7,8,3,6,4
"5956",4,"CZ",40,1,7,1,2,5,2,3,9,9,4,6,2
"5957",1,"CZ",52,2,3,1,7,5,2,2,4,9,3,5,3
"5958",3,"CZ",50,2,4,1,8,5,2,1,1,6,1,4,3
"5959",4,"CZ",58,1,7,1,10,5,1,4,9,10,3,4,3
"5960",4,"CZ",31,1,4,1,6,5,2,1,0,0,2,5,5
"5961",3,"CZ",21,1,4,2,6,5,2,3,4,10,4,6,3
"5962",3,"CZ",58,1,4,1,3,2,2,3,3,8,0,4,3
"5963",4,"CZ",58,1,4,1,9,5,2,3,5,5,3,3,3
"5964",1,"CZ",39,2,4,6,9,5,2,5,7,10,2,5,2
"5965",4,"CZ",75,2,7,1,77,5,2,4,3,5,3,3,3
"5966",4,"CZ",49,1,3,1,9,4,1,4,6,5,3,5,3
"5967",3,"CZ",59,1,7,1,7,5,2,5,6,10,0,6,1
"5968",2,"CZ",84,1,5,6,5,5,2,3,5,7,4,4,2
"5969",3,"CZ",63,2,5,1,7,5,2,3,9,9,4,5,2
"5970",4,"CZ",76,2,4,6,3,2,4,2,2,8,4,4,5
"5971",4,"CZ",72,1,3,6,5,5,2,4,1,3,2,5,4
"5972",4,"CZ",75,1,7,6,2,2,3,2,3,5,3,3,3
"5973",4,"CZ",45,2,7,1,9,5,2,4,6,99,6,6,2
"5974",3,"CZ",43,1,5,1,9,5,1,4,7,10,4,5,2
"5975",4,"CZ",57,1,4,1,9,5,1,2,9,10,6,6,1
"5976",4,"CZ",51,2,5,8,77,4,2,3,2,5,4,3,2
"5977",3,"CZ",54,2,3,1,8,5,1,1,5,10,2,2,4
"5978",4,"CZ",57,2,3,1,77,3,1,2,1,9,5,6,1
"5979",4,"CZ",41,1,6,1,9,3,1,4,9,6,5,6,2
"5980",4,"CZ",32,1,3,1,8,5,9,3,7,4,2,4,5
"5981",4,"CZ",80,1,7,6,6,4,2,2,4,8,2,5,4
"5982",5,"CZ",36,2,5,1,7,5,2,3,7,9,4,4,4
"5983",4,"CZ",48,2,7,1,6,5,2,3,6,8,4,4,4
"5984",1,"CZ",85,2,2,6,77,2,1,3,5,9,3,5,4
"5985",3,"CZ",65,2,4,6,7,5,2,2,0,10,3,5,3
"5986",3,"CZ",29,1,7,1,9,5,1,4,4,9,5,4,4
"5987",4,"CZ",76,2,3,6,4,4,2,1,0,9,6,5,3
"5988",1,"CZ",71,2,3,6,2,5,3,2,0,8,3,4,4
"5989",3,"CZ",42,2,7,1,9,4,1,4,8,8,4,5,4
"5990",1,"CZ",65,1,3,1,77,2,1,4,5,5,3,3,3
"5991",3,"CZ",21,2,4,2,5,5,4,3,3,5,2,4,5
"5992",1,"CZ",42,2,7,1,6,5,2,1,3,4,3,3,3
"5993",3,"FI",32,2,4,2,2,5,3,5,7,3,2,2,3
"5994",2,"FI",54,2,6,1,10,5,1,3,9,8,5,5,2
"5995",4,"FI",66,1,6,3,6,5,2,2,5,6,6,5,3
"5996",4,"FI",66,2,5,6,3,5,3,3,5,4,4,5,3
"5997",1,"FI",79,2,7,6,8,5,1,4,8,7,3,5,2
"5998",2,"FI",80,2,4,6,6,5,1,4,8,5,5,6,3
"5999",1,"FI",85,2,4,6,9,2,1,3,7,7,4,2,3
"6000",1,"FI",54,1,7,1,9,5,1,4,6,9,5,5,2
"6001",4,"FI",45,2,7,1,5,5,1,4,10,9,4,5,3
"6002",1,"FI",43,2,6,1,8,5,2,2,1,2,6,6,2
"6003",5,"FI",24,2,6,2,1,5,2,3,7,5,3,5,3
"6004",5,"FI",52,2,7,1,9,5,1,4,9,8,4,6,3
"6005",4,"FI",72,1,4,6,6,5,2,4,8,7,3,6,3
"6006",2,"FI",34,1,7,1,9,5,1,3,7,9,5,5,1
"6007",4,"FI",30,1,7,1,10,5,2,2,8,5,5,5,2
"6008",1,"FI",68,2,6,6,7,5,2,4,8,9,4,5,3
"6009",4,"FI",74,2,6,6,8,5,1,3,5,7,3,4,2
"6010",3,"FI",48,2,7,1,5,5,1,5,9,9,4,3,1
"6011",1,"FI",66,2,4,6,2,5,2,3,10,5,6,5,3
"6012",4,"FI",73,1,7,6,7,5,2,5,9,8,3,5,2
"6013",1,"FI",60,2,7,1,8,5,1,4,8,8,3,5,3
"6014",4,"FI",49,1,7,1,4,5,2,3,3,8,2,5,4
"6015",1,"FI",79,1,4,6,1,5,2,3,7,10,2,6,3
"6016",2,"FI",40,2,4,1,3,5,2,3,10,9,3,4,2
"6017",7,"FI",52,1,6,6,10,5,1,3,6,5,99,99,9
"6018",4,"FI",78,2,2,6,6,1,2,2,6,7,4,5,2
"6019",1,"FI",70,1,4,6,2,5,2,2,5,9,2,4,3
"6020",3,"FI",44,2,7,1,10,5,1,4,10,8,2,5,1
"6021",4,"FI",79,1,4,6,5,5,2,3,6,5,3,5,2
"6022",1,"FI",39,2,7,1,10,5,1,4,8,10,3,4,1
"6023",1,"FI",61,2,7,1,9,5,1,2,8,7,4,5,2
"6024",3,"FI",53,1,7,1,8,5,3,4,2,9,3,5,2
"6025",1,"FI",70,1,4,6,1,2,2,3,8,8,4,4,2
"6026",5,"FI",42,2,7,1,6,5,3,4,5,7,3,4,2
"6027",1,"FI",73,1,6,6,8,5,2,3,7,99,3,5,3
"6028",3,"FI",26,2,4,2,7,5,1,4,7,8,4,5,3
"6029",1,"FI",60,1,7,1,7,5,2,4,8,5,3,4,4
"6030",1,"FI",56,2,4,1,10,5,1,3,9,6,3,6,4
"6031",3,"FI",58,2,6,1,7,5,2,4,7,6,3,4,4
"6032",4,"FI",56,2,4,1,8,5,1,2,6,8,2,5,5
"6033",1,"FI",73,1,1,6,5,4,2,4,5,3,1,5,3
"6034",1,"FI",69,2,7,1,10,5,2,3,2,10,5,5,5
"6035",1,"FI",43,1,7,1,10,5,1,4,8,8,4,5,2
"6036",3,"FI",71,2,6,6,8,5,1,4,8,9,4,5,2
"6037",4,"FI",58,1,6,1,10,5,1,4,10,9,6,4,2
"6038",4,"FI",54,2,4,1,5,5,2,3,9,10,4,5,3
"6039",4,"FI",77,1,5,6,7,5,2,3,6,8,3,5,3
"6040",3,"FI",63,2,5,1,10,5,1,4,7,9,4,4,3
"6041",4,"FI",45,2,6,1,88,5,2,2,5,5,4,4,4
"6042",4,"FI",63,1,5,1,8,5,1,2,10,10,2,6,1
"6043",4,"FI",25,2,4,2,1,5,2,2,5,99,3,6,3
"6044",1,"FI",80,2,5,6,4,5,2,4,5,9,4,4,2
"6045",3,"FI",35,2,4,8,6,5,2,3,10,0,4,4,4
"6046",1,"FI",31,1,4,3,1,5,3,1,8,8,4,6,2
"6047",1,"FI",75,2,7,6,6,5,2,5,8,99,4,5,2
"6048",3,"FI",51,1,7,1,10,5,2,3,8,9,3,5,2
"6049",3,"FI",36,2,6,1,4,5,2,4,7,9,4,6,2
"6050",4,"FI",66,1,4,8,3,5,3,3,7,7,3,3,3
"6051",4,"FI",80,1,4,6,7,5,2,2,8,7,6,6,2
"6052",4,"FI",64,1,7,1,10,5,1,3,9,5,4,5,3
"6053",5,"FI",48,2,7,1,8,5,2,4,7,0,5,3,5
"6054",4,"FI",51,2,7,1,9,5,2,3,7,7,4,6,2
"6055",2,"FI",23,1,4,2,1,5,2,3,6,5,3,5,4
"6056",1,"FI",56,2,7,1,9,5,1,3,4,7,2,5,1
"6057",9,"FI",71,1,7,6,9,5,1,2,7,10,4,5,2
"6058",2,"FI",20,2,2,2,8,5,2,3,7,1,3,5,3
"6059",4,"FI",48,1,4,1,8,5,2,3,7,7,4,3,4
"6060",3,"FI",42,2,6,1,5,5,2,3,8,8,3,5,3
"6061",2,"FI",61,2,7,1,10,5,1,3,8,7,99,99,9
"6062",1,"FI",62,2,2,1,8,3,2,1,4,5,5,5,3
"6063",1,"FI",59,2,5,1,9,5,1,2,6,8,3,5,3
"6064",4,"FI",67,1,1,6,1,5,3,3,5,10,2,6,4
"6065",5,"FI",72,1,5,6,8,5,2,3,8,5,5,6,3
"6066",5,"FI",65,2,7,6,6,5,1,1,1,0,4,6,3
"6067",5,"FI",65,1,6,1,9,5,2,3,8,6,3,5,3
"6068",3,"FI",57,2,6,1,10,5,1,3,6,7,5,5,4
"6069",4,"FI",51,1,7,1,6,5,2,4,6,6,2,3,4
"6070",5,"FI",42,2,7,1,8,5,1,4,8,9,5,6,2
"6071",2,"FI",45,1,7,1,8,5,1,4,9,10,4,4,2
"6072",5,"FI",33,2,6,8,10,5,1,4,8,2,4,4,4
"6073",3,"FI",27,2,4,2,1,5,3,3,10,0,1,5,1
"6074",4,"FI",46,1,6,1,6,5,2,2,1,2,4,4,5
"6075",4,"FI",43,2,4,2,7,5,3,4,8,0,4,4,4
"6076",5,"FI",48,2,4,1,5,5,2,3,7,9,1,4,3
"6077",4,"FI",40,2,6,1,6,5,2,3,9,3,5,1,2
"6078",4,"FI",31,1,4,1,2,5,2,3,4,99,4,6,3
"6079",5,"FI",59,1,4,1,10,5,1,1,0,0,2,4,4
"6080",1,"FI",73,2,2,6,2,5,2,4,8,5,4,5,4
"6081",1,"FI",58,2,5,1,7,5,1,3,8,99,6,5,3
"6082",5,"FI",56,2,4,1,4,5,2,3,1,7,3,4,3
"6083",1,"FI",50,1,4,1,4,5,2,3,8,9,4,6,3
"6084",4,"FI",47,2,7,1,9,5,2,3,8,9,4,5,3
"6085",1,"FI",77,2,4,6,4,5,2,3,8,2,3,4,3
"6086",1,"FI",73,1,4,6,4,5,2,3,5,99,4,4,3
"6087",4,"FI",76,2,7,6,1,5,3,4,8,7,4,4,3
"6088",1,"FI",61,1,7,1,9,5,1,4,8,7,4,5,2
"6089",4,"FI",31,2,7,1,8,5,1,4,8,8,6,5,3
"6090",4,"FI",51,2,4,8,9,5,2,1,2,5,3,5,4
"6091",4,"FI",74,1,4,6,5,4,2,2,6,6,3,5,4
"6092",4,"FI",61,1,5,1,4,4,2,3,4,5,3,6,2
"6093",5,"FI",54,1,7,1,6,5,1,3,8,9,1,5,3
"6094",1,"FI",62,1,4,1,9,5,2,2,3,2,3,5,4
"6095",5,"FI",73,1,6,6,6,5,1,3,7,9,4,4,3
"6096",1,"FI",48,1,7,1,5,5,1,2,4,5,4,5,2
"6097",4,"FI",67,1,7,1,10,5,1,2,3,4,4,5,9
"6098",3,"FI",27,1,7,1,7,5,2,4,3,7,2,4,2
"6099",4,"FI",72,1,4,6,5,2,2,3,5,2,4,5,3
"6100",4,"FI",60,1,4,3,7,5,2,3,6,2,3,4,3
"6101",3,"FI",26,2,6,1,1,5,2,4,8,8,4,5,2
"6102",4,"FI",31,1,7,1,8,5,1,3,6,10,5,5,1
"6103",4,"FI",75,1,4,6,7,5,2,3,5,8,3,5,3
"6104",5,"FI",78,1,7,6,9,5,1,3,5,5,2,5,3
"6105",5,"FI",34,2,6,1,10,5,2,3,6,8,6,3,3
"6106",2,"FI",64,1,7,1,10,5,1,4,9,99,5,6,1
"6107",4,"FI",64,2,6,1,9,5,1,5,9,5,1,4,2
"6108",5,"FI",64,2,5,1,4,5,2,4,8,1,5,6,3
"6109",5,"FI",46,1,7,1,10,5,1,3,6,3,4,5,4
"6110",2,"FI",35,1,6,1,5,5,1,4,6,9,2,0,2
"6111",5,"FI",40,1,4,1,7,5,1,3,6,10,3,4,3
"6112",3,"FI",24,1,4,2,1,5,2,4,9,9,5,6,2
"6113",5,"FI",52,2,7,1,9,5,2,5,9,3,4,4,3
"6114",5,"FI",51,2,5,1,8,5,2,3,8,4,4,6,3
"6115",1,"FI",71,2,7,6,8,5,1,5,8,10,3,5,2
"6116",4,"FI",41,1,6,1,9,5,1,3,7,2,4,5,3
"6117",4,"FI",42,2,7,1,9,5,1,2,6,7,5,4,4
"6118",5,"FI",55,1,5,1,10,5,1,2,7,6,4,5,2
"6119",1,"FI",25,2,4,2,1,5,2,3,3,7,2,4,3
"6120",1,"FI",20,2,2,2,10,5,1,3,6,6,3,5,2
"6121",1,"FI",77,1,6,6,8,5,2,4,7,6,4,4,3
"6122",2,"FI",40,2,7,8,6,5,2,3,8,8,2,4,3
"6123",3,"FI",74,1,7,1,10,5,1,2,5,7,4,4,1
"6124",5,"FI",67,1,4,1,9,5,1,5,9,8,4,5,2
"6125",6,"FI",64,1,6,1,6,5,2,1,2,1,5,4,4
"6126",1,"FI",73,2,7,6,6,5,1,5,9,9,2,5,2
"6127",4,"FI",78,1,4,6,6,2,2,2,5,3,2,4,4
"6128",1,"FI",26,1,4,2,1,5,2,1,0,5,6,6,5
"6129",4,"FI",25,1,4,1,7,5,2,2,3,5,2,3,4
"6130",3,"FI",25,1,4,2,1,5,3,2,3,9,4,5,2
"6131",3,"FI",53,2,7,1,10,5,1,4,9,9,4,4,1
"6132",4,"FI",65,1,4,1,4,5,2,2,3,2,4,4,3
"6133",3,"FI",45,2,4,1,4,5,3,5,0,10,3,4,3
"6134",1,"FI",78,2,4,6,2,2,2,3,7,8,4,5,2
"6135",5,"FI",33,1,7,1,9,5,1,2,1,5,5,6,3
"6136",1,"FI",71,2,1,6,7,2,2,3,5,5,99,3,3
"6137",5,"FI",57,2,7,1,10,5,1,3,7,7,5,3,3
"6138",4,"FI",63,1,6,1,10,5,1,3,1,8,4,5,4
"6139",4,"FI",34,1,4,1,8,5,1,3,3,5,6,6,5
"6140",1,"FI",42,1,7,3,1,5,3,3,6,9,3,6,2
"6141",4,"FI",47,2,5,1,9,5,2,3,6,8,2,3,4
"6142",2,"FI",51,2,7,1,9,5,1,3,5,8,5,4,2
"6143",5,"FI",48,1,6,2,9,5,1,3,6,6,2,3,3
"6144",4,"FI",51,2,6,1,8,5,2,3,6,5,3,5,2
"6145",3,"FI",47,2,7,1,9,5,2,3,6,7,2,4,2
"6146",4,"FI",61,1,6,1,8,5,2,4,7,0,2,3,3
"6147",9,"FI",75,1,7,6,8,5,2,9,99,99,99,99,9
"6148",2,"FI",74,1,4,1,7,3,2,3,6,7,3,3,4
"6149",1,"FI",38,1,7,1,10,5,1,5,7,10,4,5,2
"6150",1,"FI",46,2,5,1,8,5,2,3,6,0,2,4,4
"6151",2,"FI",32,1,4,2,8,5,1,5,10,2,2,5,1
"6152",5,"FI",63,2,4,1,88,5,2,3,3,3,1,6,5
"6153",4,"FI",75,1,5,6,4,1,2,3,4,5,5,5,3
"6154",1,"FI",78,1,4,6,77,5,2,4,7,10,1,4,2
"6155",1,"FI",60,1,2,1,3,5,2,3,7,6,4,5,3
"6156",5,"FI",43,1,4,1,9,5,1,4,6,7,5,5,2
"6157",5,"FI",71,1,6,6,8,5,2,2,4,3,3,4,4
"6158",1,"FI",69,1,7,6,7,5,2,3,2,6,3,5,3
"6159",3,"FI",79,1,5,6,7,5,2,2,4,9,4,4,3
"6160",4,"FI",86,2,1,6,3,1,2,3,7,4,2,3,3
"6161",2,"FI",31,2,6,2,1,5,1,5,9,9,3,6,2
"6162",4,"FI",35,1,4,3,6,5,2,3,4,4,5,2,3
"6163",7,"FI",40,2,7,8,8,5,2,3,2,7,1,0,3
"6164",4,"FI",50,2,7,1,10,5,1,3,8,6,4,4,1
"6165",1,"FI",67,2,4,6,2,5,2,3,4,8,4,6,2
"6166",1,"FI",71,2,4,6,6,5,1,4,7,8,2,6,3
"6167",1,"FI",41,1,4,1,5,5,2,4,7,6,3,4,2
"6168",1,"FI",37,2,7,1,10,5,1,4,7,7,4,5,2
"6169",4,"FI",89,2,2,6,6,5,2,3,8,7,5,5,2
"6170",1,"FI",24,2,4,2,2,5,3,5,10,6,4,5,1
"6171",4,"FI",60,2,5,1,8,5,1,2,4,8,3,5,3
"6172",4,"FI",30,1,4,1,3,5,2,2,3,8,2,4,3
"6173",2,"FI",23,1,4,2,8,5,2,3,3,6,1,1,1
"6174",3,"FI",42,2,7,1,8,5,2,3,3,7,3,4,2
"6175",1,"FI",72,2,7,6,7,5,2,4,8,5,5,5,2
"6176",3,"FI",29,1,4,1,4,5,2,4,8,1,3,3,2
"6177",4,"FI",33,2,4,1,9,5,2,2,0,0,4,4,5
"6178",4,"FI",32,1,4,2,3,5,1,3,8,10,3,4,3
"6179",1,"FI",73,2,7,6,10,4,1,4,8,3,4,4,2
"6180",5,"FI",66,2,5,1,6,5,1,3,6,8,1,5,2
"6181",6,"FI",70,2,5,6,5,5,3,3,8,5,3,5,9
"6182",4,"FI",33,1,4,1,5,5,2,1,6,5,0,2,4
"6183",4,"FI",38,1,4,1,10,5,2,3,5,5,4,5,4
"6184",1,"FI",68,1,5,6,7,5,2,4,7,8,4,4,3
"6185",4,"FI",38,1,4,1,4,5,2,4,8,8,3,3,2
"6186",3,"FI",54,2,4,1,8,5,2,3,5,9,4,5,2
"6187",7,"FI",61,1,4,1,8,2,1,3,5,6,2,5,4
"6188",5,"FI",49,1,4,4,1,5,2,3,4,2,4,4,3
"6189",4,"FI",85,1,6,6,6,5,2,3,8,4,4,5,3
"6190",4,"FI",59,2,7,1,8,5,1,3,8,3,5,6,3
"6191",4,"FI",51,2,6,1,10,5,2,5,9,3,4,4,3
"6192",1,"FI",40,2,6,1,4,5,2,4,8,7,3,4,2
"6193",1,"FI",74,1,7,6,10,5,1,3,8,9,4,5,1
"6194",3,"FI",22,1,4,7,8,5,1,4,9,10,5,5,5
"6195",9,"FI",84,2,4,6,4,1,1,3,6,5,4,5,3
"6196",1,"FI",80,2,1,6,2,5,2,3,6,9,4,5,3
"6197",3,"FI",35,1,7,1,4,5,2,5,7,7,5,2,1
"6198",6,"FI",82,2,5,6,3,5,2,2,2,1,3,5,2
"6199",4,"FI",45,1,7,1,9,5,1,4,9,8,4,4,2
"6200",4,"FI",57,1,7,1,10,5,2,4,8,9,4,6,2
"6201",3,"FI",65,2,6,1,6,5,2,4,5,10,3,6,1
"6202",1,"FI",67,1,4,1,10,5,1,2,3,3,4,5,3
"6203",1,"FI",25,2,6,2,1,5,2,4,8,5,3,4,2
"6204",3,"FI",53,2,7,1,10,5,1,5,10,7,4,5,1
"6205",1,"FI",69,1,4,6,5,5,2,3,5,1,4,5,5
"6206",4,"FI",28,1,6,1,6,5,1,2,3,10,5,5,2
"6207",1,"FI",43,1,6,1,4,5,2,3,2,2,4,5,3
"6208",4,"FI",52,1,4,1,5,5,2,3,8,3,5,5,2
"6209",3,"FI",41,2,4,8,1,5,4,5,8,9,4,5,1
"6210",3,"FI",27,2,6,1,5,5,1,4,6,10,4,4,2
"6211",4,"FI",54,2,5,1,3,5,2,4,8,8,4,5,2
"6212",4,"FI",76,1,5,6,5,5,3,4,2,9,3,5,4
"6213",1,"FI",80,2,5,6,4,5,2,4,9,5,4,4,3
"6214",1,"FI",77,2,4,6,7,5,1,3,7,7,5,5,2
"6215",4,"FI",83,1,5,6,6,5,2,3,7,99,5,5,3
"6216",4,"FI",42,2,7,1,4,5,2,3,9,7,3,4,4
"6217",4,"FI",72,2,1,6,6,5,2,3,3,8,2,3,3
"6218",4,"FI",70,2,4,6,77,5,7,3,6,8,5,2,3
"6219",2,"FI",33,2,7,1,10,5,1,3,3,3,2,6,2
"6220",4,"FI",23,2,4,1,4,5,2,4,7,9,3,4,3
"6221",5,"FI",70,1,5,6,8,5,2,3,7,7,4,5,4
"6222",1,"FI",46,1,4,2,7,5,3,2,7,7,2,5,4
"6223",1,"FI",64,1,4,1,6,5,2,3,5,8,3,6,2
"6224",4,"FI",64,2,7,1,7,5,2,3,5,10,3,4,4
"6225",1,"FI",70,2,4,6,7,5,2,3,8,7,5,4,4
"6226",3,"FI",43,2,4,1,4,5,2,3,4,8,2,3,3
"6227",1,"FI",69,2,7,6,9,5,1,4,10,9,4,5,1
"6228",4,"FI",63,1,5,1,10,5,1,3,6,6,1,2,4
"6229",3,"FI",43,1,6,1,7,5,2,2,1,9,1,3,4
"6230",3,"FI",31,2,7,1,8,5,1,4,8,8,4,5,2
"6231",5,"FI",49,1,4,1,10,5,2,3,5,2,6,5,3
"6232",1,"FI",59,2,7,1,9,5,1,2,8,6,0,5,3
"6233",4,"FI",45,1,7,1,8,5,1,4,8,4,6,5,2
"6234",4,"FI",40,1,7,1,9,5,1,3,8,8,5,3,3
"6235",4,"FI",77,1,7,6,9,5,2,3,5,5,5,5,2
"6236",1,"FI",74,2,6,6,1,5,3,3,7,8,2,4,3
"6237",4,"FI",37,1,5,1,9,5,2,2,4,4,4,4,3
"6238",1,"FI",60,2,5,1,6,5,1,4,10,10,2,5,2
"6239",4,"FI",34,2,6,1,8,5,2,3,7,5,4,4,5
"6240",4,"FI",47,2,4,1,10,5,2,3,5,8,5,5,3
"6241",2,"FI",73,1,4,6,8,5,2,3,7,8,4,4,3
"6242",5,"FI",59,2,5,1,10,5,1,4,9,9,3,6,2
"6243",4,"FI",53,1,7,1,8,5,2,3,8,5,3,4,2
"6244",5,"FI",58,2,5,1,10,5,1,4,9,1,5,5,3
"6245",4,"FI",66,2,7,6,8,5,1,3,5,7,5,6,4
"6246",1,"FI",78,2,4,6,6,5,1,2,2,9,4,5,1
"6247",2,"FI",44,1,7,1,10,5,1,3,7,10,5,6,1
"6248",2,"FI",21,1,2,2,7,5,1,3,7,10,5,4,3
"6249",5,"FI",68,2,2,6,88,1,2,2,4,99,99,5,3
"6250",7,"FI",48,1,6,1,7,5,2,4,9,8,3,4,2
"6251",1,"FI",30,1,7,1,5,5,1,2,2,3,5,6,4
"6252",5,"FI",40,1,7,1,9,5,2,9,99,2,99,99,9
"6253",4,"FI",48,2,5,1,10,5,2,3,6,2,3,5,3
"6254",1,"FI",74,1,4,6,4,5,2,2,2,6,4,5,1
"6255",1,"FI",77,1,4,6,3,5,2,3,7,7,4,4,4
"6256",4,"FI",76,2,5,6,3,5,2,3,7,99,5,4,2
"6257",3,"FI",49,1,5,1,10,5,3,3,3,9,0,1,3
"6258",4,"FI",39,1,6,1,4,5,3,3,3,3,1,1,3
"6259",4,"FI",59,2,7,1,7,5,1,4,7,6,6,4,3
"6260",4,"FI",68,1,4,6,6,5,2,2,4,5,4,6,3
"6261",1,"FI",62,2,7,1,8,5,1,3,8,2,5,5,3
"6262",5,"FI",51,2,7,1,10,5,1,4,8,9,3,5,2
"6263",1,"FI",79,1,7,6,6,5,1,4,5,8,4,5,2
"6264",4,"FI",50,1,6,1,10,5,1,4,8,7,5,4,3
"6265",1,"FI",75,2,4,6,4,5,2,3,7,7,2,4,3
"6266",2,"FI",47,1,7,1,6,5,2,3,8,9,4,5,2
"6267",6,"FI",49,1,4,1,5,5,1,5,8,9,2,5,2
"6268",4,"FI",72,1,6,6,8,5,2,3,8,7,3,5,3
"6269",1,"FI",28,2,6,8,1,5,4,4,8,8,3,4,2
"6270",4,"FI",66,2,2,1,9,4,2,4,7,9,3,5,3
"6271",6,"FI",71,1,5,6,3,5,1,3,4,6,4,5,1
"6272",2,"FI",53,2,7,1,8,5,2,4,9,6,5,5,1
"6273",1,"FI",33,2,6,3,7,5,2,3,7,3,2,2,3
"6274",4,"FI",49,2,7,1,5,5,2,3,7,3,3,4,3
"6275",1,"FI",69,1,5,6,6,5,1,4,10,1,5,5,1
"6276",2,"FI",79,2,5,6,2,5,2,4,10,4,2,3,4
"6277",4,"FI",80,2,7,6,7,5,1,4,9,5,3,5,2
"6278",1,"FI",69,1,1,6,1,5,3,3,6,1,6,5,3
"6279",5,"FI",56,1,5,1,10,5,2,4,10,8,3,5,3
"6280",5,"FI",85,1,6,6,7,5,2,3,7,6,5,5,2
"6281",1,"FI",68,2,7,6,7,5,1,3,7,8,4,5,2
"6282",4,"FI",67,2,5,6,2,5,3,2,2,2,3,4,3
"6283",3,"FI",54,2,7,1,3,5,3,3,9,9,3,4,3
"6284",1,"FI",56,1,7,1,10,5,2,4,7,8,3,5,4
"6285",4,"FI",48,2,7,1,10,5,1,4,8,3,5,4,3
"6286",4,"FI",48,1,5,1,9,5,1,3,7,9,3,4,3
"6287",5,"FI",34,2,4,1,9,5,1,2,2,9,6,6,5
"6288",4,"FI",45,1,4,1,6,5,2,2,3,0,5,6,5
"6289",3,"FI",65,2,7,6,8,5,2,3,8,8,4,6,2
"6290",4,"FI",43,2,2,99,8,5,2,3,7,5,3,4,3
"6291",4,"FI",60,1,2,6,7,5,2,2,5,5,5,5,2
"6292",1,"FI",71,2,5,6,2,3,2,3,9,10,3,5,3
"6293",1,"FI",82,1,6,6,9,5,1,2,6,6,4,5,3
"6294",2,"FI",27,2,4,2,2,5,3,5,6,7,3,4,2
"6295",4,"FI",43,2,7,1,9,5,1,4,8,2,5,6,3
"6296",4,"FI",75,2,4,6,7,2,1,4,8,3,3,5,3
"6297",4,"FI",62,1,4,1,5,5,2,3,5,0,4,4,4
"6298",2,"FI",32,2,4,1,7,5,1,4,5,2,4,5,2
"6299",4,"FI",71,1,2,8,7,5,2,4,8,8,3,5,3
"6300",1,"FI",70,2,2,6,2,5,2,3,8,10,4,6,3
"6301",4,"FI",52,2,7,1,10,5,1,4,10,3,5,5,3
"6302",5,"FI",51,1,6,1,10,5,1,3,6,3,4,5,3
"6303",1,"FI",63,2,4,6,7,5,2,3,4,1,4,5,2
"6304",1,"FI",71,2,7,6,9,5,1,3,5,9,4,6,3
"6305",4,"FI",61,2,5,1,10,5,1,3,7,5,4,5,2
"6306",4,"FI",74,1,1,6,5,5,1,4,10,2,4,5,2
"6307",5,"FI",43,2,4,1,6,5,2,4,7,6,4,4,3
"6308",2,"FI",53,2,7,1,10,5,2,4,5,6,6,5,2
"6309",4,"FI",77,1,4,6,4,5,2,4,6,2,3,3,5
"6310",3,"FI",84,2,1,6,3,1,1,3,8,6,2,6,3
"6311",4,"FI",29,1,7,1,9,5,1,2,4,6,3,5,3
"6312",3,"FI",68,2,7,6,77,5,2,4,8,9,4,5,2
"6313",1,"FI",80,1,7,6,8,3,1,3,6,9,4,4,2
"6314",3,"FI",36,2,6,8,7,5,2,4,7,7,4,5,3
"6315",4,"FI",63,2,5,1,4,5,1,4,8,5,4,5,3
"6316",5,"FI",74,1,4,6,6,5,1,3,8,99,5,6,1
"6317",5,"FI",29,2,6,1,6,5,1,2,5,7,4,6,2
"6318",5,"FI",62,2,6,1,9,5,1,4,9,3,5,6,2
"6319",1,"FI",74,1,5,6,8,5,2,3,5,5,99,99,2
"6320",4,"FI",50,2,6,1,8,5,3,3,7,7,3,5,3
"6321",1,"FI",57,1,4,4,1,5,4,3,1,8,3,4,9
"6322",2,"FI",40,2,7,1,10,5,1,3,5,5,5,5,3
"6323",3,"FI",59,2,5,6,1,5,3,3,7,9,4,4,3
"6324",1,"FI",69,2,1,6,88,2,3,3,10,8,2,6,4
"6325",4,"FI",77,1,5,6,5,5,2,4,5,2,2,4,2
"6326",3,"FI",58,2,7,1,6,5,2,5,8,7,4,4,2
"6327",5,"FI",67,1,7,6,9,5,1,3,8,3,2,99,2
"6328",3,"FI",25,2,4,1,10,5,2,3,7,4,4,1,3
"6329",5,"FI",73,1,5,6,7,4,1,2,7,2,4,5,1
"6330",3,"FI",42,1,6,2,6,5,2,5,8,9,5,5,1
"6331",1,"FI",68,1,4,6,7,5,2,4,5,1,5,5,4
"6332",1,"FI",60,2,4,1,5,5,2,4,7,5,3,4,2
"6333",4,"FI",74,1,4,1,7,3,2,2,4,1,3,4,3
"6334",5,"FI",86,1,1,6,5,2,1,3,5,0,3,5,3
"6335",1,"FI",26,2,4,2,2,5,2,3,6,5,4,3,2
"6336",5,"FI",63,2,7,1,9,5,2,3,7,99,4,5,2
"6337",4,"FI",61,2,4,1,2,5,2,5,9,0,5,4,3
"6338",1,"FI",50,2,7,1,6,5,3,4,9,9,2,6,4
"6339",3,"FI",54,2,7,1,10,5,1,5,7,10,3,3,1
"6340",1,"FI",62,2,7,1,3,5,2,5,5,10,3,99,2
"6341",5,"FI",53,1,7,1,10,5,1,4,7,4,6,4,3
"6342",5,"FI",48,1,4,1,8,5,2,3,6,8,3,5,4
"6343",1,"FI",71,1,1,6,88,1,2,5,10,10,5,5,3
"6344",4,"FI",54,2,7,1,10,5,1,2,8,7,4,5,1
"6345",1,"FI",53,1,5,3,1,5,3,1,3,7,2,3,3
"6346",2,"FI",60,1,7,1,9,5,1,4,9,9,6,5,2
"6347",1,"FI",80,1,1,6,5,5,2,3,5,6,3,3,3
"6348",6,"FI",79,1,4,6,7,5,2,3,5,0,3,5,4
"6349",4,"FI",50,1,6,1,8,5,1,4,6,8,4,4,1
"6350",5,"FI",61,2,4,1,7,5,2,2,3,99,4,2,3
"6351",1,"FI",71,2,6,6,7,4,2,3,8,8,3,5,3
"6352",5,"FI",51,2,6,1,10,5,1,3,7,5,6,5,3
"6353",3,"FI",24,2,5,1,3,5,3,3,5,7,2,2,4
"6354",9,"FI",78,1,7,6,8,5,1,3,7,6,3,5,3
"6355",1,"FI",74,1,4,6,3,3,3,4,5,1,2,3,3
"6356",1,"FI",25,2,4,2,1,5,3,4,7,9,3,5,3
"6357",4,"FI",47,2,7,1,4,5,2,1,0,5,6,4,3
"6358",4,"FI",79,1,4,6,6,5,2,3,4,9,4,5,2
"6359",1,"FI",75,1,4,6,10,5,2,3,8,9,2,5,5
"6360",1,"FI",69,1,4,6,6,5,2,3,7,3,5,5,3
"6361",1,"FI",57,2,4,1,7,3,1,3,7,9,4,5,3
"6362",4,"FI",32,1,6,1,6,5,1,2,2,9,3,5,4
"6363",4,"FI",27,2,4,1,77,5,1,3,5,9,99,99,9
"6364",1,"FI",63,1,5,6,4,5,2,3,6,8,2,4,3
"6365",4,"FI",76,2,7,1,7,5,1,3,5,9,3,6,2
"6366",5,"FI",52,1,6,1,6,5,1,3,5,8,3,5,2
"6367",4,"FI",57,2,5,1,3,5,2,2,6,10,3,4,5
"6368",4,"FI",76,2,7,6,10,5,1,3,10,3,4,6,2
"6369",5,"FI",65,2,4,8,5,5,2,4,8,7,4,4,4
"6370",1,"FI",74,2,2,6,5,5,2,3,5,8,4,4,2
"6371",4,"FI",53,2,6,1,5,5,3,3,5,7,4,3,3
"6372",4,"FI",69,1,4,6,9,5,1,3,6,7,3,4,3
"6373",1,"FI",82,1,7,6,8,5,1,5,7,8,4,5,2
"6374",2,"FI",39,1,6,1,8,5,2,5,6,7,5,5,1
"6375",5,"FI",56,2,7,1,8,5,1,3,4,3,5,6,2
"6376",5,"FI",78,1,7,1,9,5,2,4,6,6,5,5,2
"6377",1,"FI",79,1,4,6,7,5,2,4,8,8,3,4,4
"6378",1,"FI",78,1,4,6,1,5,2,3,8,9,3,3,3
"6379",9,"FI",82,1,2,6,2,1,2,5,5,5,4,3,3
"6380",3,"FI",76,2,6,6,5,5,1,4,5,8,4,6,9
"6381",6,"FI",72,2,4,6,2,5,3,3,8,8,3,1,3
"6382",5,"FI",48,1,4,4,8,5,2,4,6,3,2,3,4
"6383",6,"FI",68,1,4,6,5,5,4,3,7,3,3,5,4
"6384",2,"FI",69,1,4,6,2,5,2,5,10,9,5,4,5
"6385",4,"FI",37,2,6,1,8,5,1,5,9,9,4,4,2
"6386",6,"FI",82,2,4,6,4,1,2,3,5,3,3,4,3
"6387",4,"FI",35,1,6,1,5,5,2,3,5,8,4,5,4
"6388",4,"FI",49,2,5,1,5,5,2,3,8,10,3,3,3
"6389",1,"FI",79,1,7,6,10,4,2,2,5,5,0,6,1
"6390",1,"FI",31,2,7,3,2,5,3,4,7,9,5,4,4
"6391",5,"FI",20,1,2,2,4,5,2,1,0,10,3,2,5
"6392",3,"FI",65,1,7,1,10,5,2,4,8,10,4,6,2
"6393",1,"FI",22,2,4,2,1,5,4,1,0,4,2,4,5
"6394",1,"FI",68,1,5,6,6,5,2,3,5,4,1,3,2
"6395",4,"FI",73,1,1,6,6,5,2,4,8,8,4,4,3
"6396",5,"FI",77,1,4,1,7,5,1,3,5,5,3,5,2
"6397",4,"FI",77,2,5,1,10,5,1,5,8,0,2,3,4
"6398",4,"FI",45,1,6,1,9,5,2,3,5,9,6,6,3
"6399",4,"FI",35,2,6,1,5,5,2,4,7,3,3,4,2
"6400",3,"FI",23,2,6,2,4,5,1,2,7,10,3,5,2
"6401",3,"FI",58,2,5,1,6,5,1,3,8,8,1,5,2
"6402",1,"FI",81,2,5,6,8,5,2,3,4,6,4,5,3
"6403",5,"FI",50,1,6,1,10,5,1,2,6,7,5,5,3
"6404",4,"FI",22,1,4,3,6,5,2,3,3,7,5,5,2
"6405",6,"FI",80,1,2,8,6,5,2,2,7,7,3,5,2
"6406",1,"FI",63,2,4,6,4,5,3,5,9,7,4,4,2
"6407",9,"FI",80,2,1,6,1,1,2,3,9,2,4,5,4
"6408",1,"FI",69,1,5,6,8,5,2,4,8,3,2,5,1
"6409",1,"FI",30,2,4,1,8,5,2,3,6,7,4,3,3
"6410",5,"FI",48,1,6,1,10,5,2,3,4,8,4,4,3
"6411",3,"FI",28,2,6,1,7,5,2,4,7,8,2,2,5
"6412",5,"FI",74,1,4,6,5,5,3,3,10,6,4,6,3
"6413",1,"FI",39,1,6,1,9,5,1,3,7,9,4,4,1
"6414",1,"FI",71,2,5,6,6,5,1,3,7,5,3,5,3
"6415",1,"FI",65,2,7,4,5,5,2,5,10,5,4,5,3
"6416",1,"FI",63,2,2,6,2,5,3,5,8,9,0,2,2
"6417",3,"FI",64,2,4,1,6,5,2,4,9,10,4,6,2
"6418",5,"FI",86,1,7,6,9,5,2,4,7,8,99,5,2
"6419",4,"FI",45,1,6,1,9,5,3,2,2,3,5,5,4
"6420",1,"FI",64,1,5,6,2,5,2,3,6,8,3,5,4
"6421",1,"FI",28,2,6,3,3,5,2,4,10,8,2,5,1
"6422",4,"FI",55,1,5,1,9,5,2,3,7,6,3,5,3
"6423",4,"FI",35,2,4,1,8,5,2,2,1,7,3,3,4
"6424",4,"FI",55,2,4,6,3,5,2,3,7,5,3,1,3
"6425",1,"FI",25,2,4,2,4,5,2,5,10,10,4,5,2
"6426",4,"FI",35,1,6,1,6,5,2,1,0,5,2,3,5
"6427",1,"FI",86,2,4,6,6,1,2,4,5,9,5,6,3
"6428",1,"FI",64,1,7,1,5,5,2,3,6,10,5,4,2
"6429",5,"FI",66,2,5,6,8,5,2,3,7,5,3,5,3
"6430",4,"FI",44,1,6,1,8,5,3,2,1,9,3,2,4
"6431",4,"FI",32,1,6,1,7,5,2,3,6,5,4,5,3
"6432",6,"FI",27,2,4,8,1,5,3,5,8,2,2,1,3
"6433",5,"FI",69,2,5,6,6,5,1,2,5,99,2,4,2
"6434",3,"FI",57,2,7,1,9,5,1,4,9,10,4,5,1
"6435",5,"FI",80,1,5,6,8,5,1,2,6,5,5,99,4
"6436",1,"FI",83,1,5,6,6,5,1,3,8,8,4,6,1
"6437",4,"FI",22,2,4,1,10,5,1,2,6,7,4,5,2
"6438",1,"FI",84,1,7,6,8,1,1,4,8,2,3,5,2
"6439",3,"FI",58,2,7,4,7,5,2,3,8,3,3,4,3
"6440",7,"FI",86,2,6,6,5,5,2,4,8,9,5,5,9
"6441",1,"FI",54,2,2,4,1,3,3,4,7,6,3,6,3
"6442",4,"FI",43,1,4,1,8,5,2,3,6,8,2,4,3
"6443",4,"FI",59,2,6,1,9,5,1,3,7,5,4,5,1
"6444",4,"FI",58,1,7,1,10,5,1,3,6,9,5,6,2
"6445",4,"FI",35,1,7,1,8,5,2,4,8,5,5,5,3
"6446",4,"FI",47,1,4,1,8,5,1,3,5,10,1,4,5
"6447",1,"FI",61,2,5,1,4,5,2,3,6,4,5,5,4
"6448",2,"FI",73,2,7,6,9,5,2,3,7,7,3,4,2
"6449",5,"FI",51,2,5,1,9,5,2,3,10,99,3,4,9
"6450",1,"FI",59,2,6,1,6,5,2,3,5,5,4,5,2
"6451",5,"FI",72,2,6,6,7,5,2,3,7,7,4,5,2
"6452",4,"FI",69,2,5,6,3,5,3,4,8,0,4,4,3
"6453",4,"FI",72,2,6,6,5,5,2,3,7,1,3,4,4
"6454",1,"FI",74,2,4,6,7,5,1,3,5,99,3,5,1
"6455",2,"FI",44,2,7,1,10,5,1,5,10,9,5,5,1
"6456",4,"FI",72,2,4,6,8,1,1,3,4,99,2,4,5
"6457",4,"FI",31,1,4,1,3,5,2,3,5,6,4,6,4
"6458",1,"FI",69,2,6,6,7,4,2,4,10,10,4,4,2
"6459",4,"FI",78,1,5,6,3,1,1,1,9,3,2,5,3
"6460",5,"FI",41,1,6,1,9,5,1,3,6,8,3,4,4
"6461",5,"FI",53,2,7,1,10,5,1,4,9,7,3,5,2
"6462",1,"FI",20,2,2,2,88,5,2,2,7,4,3,5,3
"6463",1,"FI",40,2,1,2,1,5,1,4,7,0,4,6,3
"6464",3,"FI",33,2,7,1,3,5,2,3,7,6,3,4,1
"6465",1,"FI",52,1,6,1,10,5,2,3,7,3,1,4,4
"6466",2,"FI",69,2,5,6,6,5,2,3,2,9,1,4,5
"6467",1,"FI",36,1,7,3,1,5,3,5,5,3,0,3,2
"6468",1,"FI",30,2,6,1,8,5,1,3,8,99,99,4,4
"6469",4,"FI",32,1,6,1,8,5,2,2,5,10,4,6,5
"6470",5,"FI",49,1,2,1,8,5,1,3,9,9,5,6,1
"6471",3,"FI",69,2,6,6,3,5,3,3,5,10,1,3,4
"6472",4,"FI",72,1,5,6,5,5,2,5,9,0,3,5,2
"6473",2,"FI",63,1,5,1,6,5,2,4,9,7,2,5,3
"6474",1,"FI",53,1,4,1,4,5,3,1,5,0,3,3,5
"6475",2,"FI",74,1,4,6,4,5,2,4,8,99,2,5,3
"6476",1,"FI",66,1,4,1,9,5,1,4,8,9,2,5,1
"6477",5,"FI",70,2,5,6,3,5,2,3,8,6,5,6,3
"6478",2,"FI",65,1,5,1,7,5,2,3,7,7,3,5,2
"6479",4,"FI",43,1,4,1,8,5,2,2,3,4,3,4,3
"6480",6,"FI",33,1,7,1,8,5,2,2,3,7,3,3,3
"6481",4,"FI",37,2,6,8,9,5,1,4,7,6,4,5,3
"6482",3,"FI",57,1,7,1,10,5,1,4,9,10,3,4,2
"6483",4,"FI",79,2,4,6,5,3,3,4,8,2,4,4,3
"6484",4,"FI",74,1,6,6,8,5,2,4,8,7,4,5,2
"6485",1,"FI",67,2,6,6,10,5,1,4,8,9,4,4,3
"6486",1,"FI",70,2,4,6,6,5,2,4,9,10,3,5,1
"6487",5,"FI",45,2,6,1,4,5,2,4,7,6,4,5,3
"6488",4,"FI",30,1,6,1,4,5,2,1,0,9,2,6,4
"6489",5,"FI",49,1,4,1,9,5,2,3,4,6,99,5,3
"6490",2,"FI",59,1,4,1,8,5,1,3,7,6,3,5,3
"6491",1,"FI",79,1,1,6,3,1,2,3,5,5,3,4,3
"6492",1,"FI",70,2,4,6,5,5,2,4,10,3,5,5,4
"6493",3,"FI",90,2,5,6,6,3,1,4,8,5,3,5,2
"6494",1,"FI",64,1,7,1,9,5,1,3,8,8,3,5,2
"6495",1,"FI",36,1,6,1,8,5,1,4,5,10,2,4,2
"6496",7,"FI",85,2,4,6,3,1,2,3,10,99,6,6,3
"6497",5,"FI",58,1,4,1,7,5,2,4,10,3,4,5,2
"6498",5,"FI",31,2,6,2,1,5,3,3,9,2,3,5,2
"6499",1,"FI",76,2,6,6,5,5,1,5,10,8,3,6,2
"6500",4,"FI",58,1,6,1,9,5,1,3,7,8,4,5,2
"6501",5,"FI",53,2,7,1,9,5,1,4,8,5,5,5,2
"6502",5,"FI",49,2,6,1,10,5,1,2,6,7,5,5,2
"6503",4,"FI",60,1,4,1,9,5,2,3,8,7,5,6,4
"6504",5,"FI",44,2,6,1,7,5,1,4,10,4,3,4,3
"6505",4,"FI",61,1,4,1,9,5,1,2,3,99,3,5,3
"6506",2,"FI",68,2,4,6,4,5,2,3,5,7,3,3,3
"6507",1,"FI",68,1,4,6,5,5,2,3,7,4,4,5,5
"6508",5,"FI",71,1,5,6,6,5,1,3,6,5,4,5,3
"6509",4,"FI",52,2,7,1,9,5,3,4,8,3,4,5,3
"6510",3,"FI",38,2,7,1,8,5,1,4,10,8,3,6,2
"6511",4,"FI",46,1,2,1,6,5,2,3,6,3,5,5,5
"6512",4,"FI",50,2,7,1,7,5,1,4,8,9,4,5,2
"6513",1,"FI",67,2,7,1,9,3,1,2,2,10,3,5,1
"6514",1,"FI",36,1,4,2,1,5,4,4,10,7,2,3,2
"6515",1,"FI",65,1,7,1,8,5,2,3,5,10,5,4,2
"6516",6,"FI",74,2,7,6,6,5,2,3,8,8,1,3,3
"6517",1,"FI",66,2,7,1,7,5,2,3,5,5,5,5,2
"6518",4,"FI",60,2,4,1,6,5,2,1,2,0,6,1,5
"6519",2,"FI",55,2,5,1,5,5,2,4,8,0,6,5,4
"6520",6,"FI",82,2,4,6,7,5,2,3,7,2,4,5,2
"6521",1,"FI",69,2,7,6,6,5,2,4,9,10,1,3,3
"6522",4,"FI",60,2,4,1,10,5,2,3,3,0,6,3,3
"6523",5,"FI",63,1,5,1,10,5,2,4,8,5,1,5,1
"6524",4,"FI",48,1,6,1,8,5,1,4,9,1,4,4,2
"6525",2,"FI",72,2,4,6,2,5,2,3,3,6,2,4,3
"6526",3,"FI",51,1,4,1,9,5,1,5,10,10,4,4,2
"6527",5,"FI",69,1,5,1,10,5,1,3,6,9,4,6,3
"6528",5,"FI",43,2,7,1,9,5,1,5,5,9,4,6,5
"6529",4,"FI",31,1,4,1,5,5,2,3,7,9,99,99,9
"6530",1,"FI",70,1,4,6,1,5,2,4,5,3,5,5,2
"6531",4,"FI",56,2,4,1,9,5,2,2,6,5,4,5,4
"6532",1,"FI",72,2,7,6,5,5,2,4,9,9,4,5,3
"6533",2,"FI",27,2,4,8,7,5,1,4,10,6,4,4,2
"6534",2,"FI",28,1,6,1,8,5,1,4,7,4,4,6,1
"6535",4,"FI",61,1,5,1,7,5,2,3,6,5,4,5,3
"6536",1,"FI",82,1,5,6,8,5,1,3,1,9,1,4,3
"6537",5,"FI",59,1,7,1,10,5,1,5,10,6,5,6,1
"6538",6,"FI",41,1,4,3,1,5,3,2,1,10,3,0,3
"6539",3,"FI",75,1,1,6,6,5,2,3,6,7,2,2,3
"6540",5,"FI",65,1,7,6,10,5,2,5,5,9,6,3,3
"6541",3,"FI",20,2,2,2,1,5,3,4,6,9,4,3,1
"6542",5,"FI",60,2,6,1,7,5,2,4,5,0,5,5,2
"6543",1,"FI",83,2,5,6,2,1,1,4,9,9,6,6,1
"6544",1,"FI",61,1,5,2,1,5,4,1,0,9,4,4,3
"6545",1,"FI",69,1,5,6,4,5,2,3,6,6,4,5,3
"6546",4,"FI",39,2,6,1,9,5,1,4,7,5,4,4,4
"6547",1,"FI",72,1,2,6,6,5,1,4,7,0,3,6,4
"6548",4,"FI",36,2,6,8,5,5,2,3,7,5,6,5,3
"6549",5,"FI",57,2,7,1,10,5,1,3,8,8,5,5,2
"6550",4,"FI",61,1,7,1,10,5,1,4,9,5,4,5,2
"6551",1,"FI",73,2,4,6,2,5,3,3,4,4,3,4,3
"6552",4,"FI",60,2,7,1,6,5,2,4,10,8,5,5,2
"6553",1,"FI",81,2,7,6,6,5,1,4,7,8,3,5,3
"6554",4,"FI",34,2,6,2,7,5,1,3,7,7,3,4,3
"6555",5,"FI",37,1,4,1,7,5,2,3,6,7,4,5,3
"6556",5,"FI",74,1,2,6,6,5,2,5,8,7,3,5,2
"6557",1,"FI",71,1,7,6,7,5,2,4,9,8,4,4,2
"6558",1,"FI",73,2,4,6,5,3,2,4,7,8,4,5,3
"6559",5,"FI",58,1,6,6,7,5,1,3,5,8,3,5,4
"6560",1,"FI",87,1,7,6,7,5,2,4,9,8,3,4,4
"6561",1,"FI",41,2,7,1,10,5,1,4,6,9,4,5,2
"6562",5,"FI",72,1,5,6,6,5,3,3,7,5,2,3,2
"6563",1,"FI",36,1,4,1,8,5,2,3,5,5,4,4,4
"6564",4,"FI",57,2,7,1,7,5,1,3,6,4,3,5,3
"6565",2,"FI",61,1,5,6,7,5,1,2,0,2,0,6,1
"6566",4,"FI",66,1,4,6,9,5,1,2,7,7,2,5,1
"6567",4,"FI",56,2,5,6,10,5,2,4,7,99,4,5,3
"6568",1,"FI",65,2,4,6,7,5,2,3,6,8,3,4,3
"6569",4,"FI",27,2,4,2,1,5,3,3,6,8,5,5,2
"6570",3,"FI",82,1,6,6,5,5,1,4,6,8,4,5,3
"6571",4,"FI",60,2,4,1,6,5,2,3,6,2,6,6,2
"6572",4,"FI",49,2,4,1,9,5,2,2,6,2,5,4,4
"6573",4,"FI",44,2,7,1,4,5,1,2,5,5,2,99,3
"6574",2,"FI",48,2,7,1,10,5,1,4,7,9,6,5,1
"6575",4,"FI",38,1,4,1,6,5,3,1,0,5,1,6,3
"6576",1,"FI",76,2,1,5,4,3,2,3,2,6,5,5,2
"6577",1,"FI",72,1,5,6,7,5,2,4,9,8,5,5,3
"6578",4,"FI",68,1,4,6,7,5,2,3,8,7,3,5,3
"6579",4,"FI",69,1,6,6,7,5,1,5,10,9,1,5,1
"6580",5,"FI",69,1,5,6,8,5,1,4,10,6,3,4,3
"6581",1,"FI",81,2,4,6,3,5,2,4,8,8,4,5,4
"6582",6,"FI",67,2,5,2,6,5,2,3,8,2,3,5,4
"6583",1,"FI",75,1,6,6,4,5,2,3,10,8,4,5,2
"6584",5,"FI",57,1,7,1,9,5,2,5,9,8,4,5,1
"6585",4,"FI",54,2,4,1,7,5,2,3,6,8,4,5,2
"6586",5,"FI",47,2,7,1,10,5,1,3,8,9,5,5,3
"6587",4,"FI",39,1,5,1,7,5,2,2,6,0,2,4,5
"6588",3,"FI",69,2,6,1,5,5,2,4,9,7,0,3,3
"6589",4,"FI",54,1,6,1,10,5,2,2,3,7,4,4,3
"6590",4,"FI",72,1,7,6,6,5,1,3,8,7,4,5,3
"6591",4,"FI",62,1,7,1,9,5,1,9,8,3,4,5,3
"6592",4,"FI",66,2,5,6,5,5,2,3,4,6,5,4,3
"6593",1,"FI",38,1,7,1,3,5,2,1,0,0,2,3,5
"6594",5,"FI",71,2,1,6,5,5,2,2,7,7,0,5,5
"6595",2,"FI",48,2,7,1,9,5,1,3,8,9,4,5,2
"6596",1,"FI",39,2,7,1,6,5,1,5,10,7,3,4,2
"6597",5,"FI",56,2,6,1,10,5,2,3,8,3,5,5,2
"6598",4,"FI",41,1,6,1,8,5,2,3,7,7,5,2,2
"6599",3,"FI",36,2,6,1,8,5,1,4,10,10,4,5,1
"6600",4,"FI",31,2,6,1,8,5,2,3,3,3,4,3,3
"6601",1,"FI",67,2,2,6,7,4,1,3,5,5,2,5,3
"6602",4,"FI",54,1,4,5,3,5,4,2,5,3,5,3,5
"6603",4,"FI",71,1,1,6,4,5,2,3,7,6,4,5,4
"6604",2,"FI",37,2,4,1,5,5,2,5,9,9,4,5,3
"6605",4,"FI",52,1,7,1,10,5,2,3,6,7,4,5,3
"6606",4,"FI",66,1,2,1,5,5,2,3,5,1,4,4,5
"6607",4,"FI",55,2,5,3,2,5,3,3,3,2,3,2,5
"6608",4,"FI",48,2,5,1,9,5,1,4,10,2,4,5,2
"6609",5,"FI",54,2,7,1,10,5,1,3,7,5,4,5,2
"6610",1,"FI",66,2,5,1,8,5,1,3,4,3,4,6,2
"6611",4,"FI",48,2,6,1,8,5,1,3,6,5,1,6,3
"6612",1,"FI",49,2,7,1,4,5,3,5,7,7,2,2,5
"6613",4,"FI",35,1,6,1,7,1,2,3,4,7,5,5,2
"6614",3,"FI",45,1,6,2,3,5,3,3,5,10,5,4,3
"6615",4,"FI",60,1,5,1,77,5,2,2,5,6,3,4,4
"6616",5,"FI",65,2,5,1,6,5,2,4,8,1,4,3,3
"6617",4,"FI",75,2,5,6,6,5,2,3,5,7,4,5,2
"6618",4,"FI",65,1,4,1,5,5,2,4,9,8,5,5,3
"6619",5,"FI",59,2,2,1,4,5,2,3,7,9,3,4,3
"6620",4,"FI",68,2,6,1,88,5,2,3,8,5,5,5,3
"6621",2,"FI",21,2,2,2,88,5,1,3,2,10,0,5,3
"6622",4,"FI",77,2,5,6,4,5,2,4,10,8,6,6,3
"6623",1,"FI",57,2,6,1,5,5,1,3,7,8,2,6,4
"6624",4,"FI",34,2,7,1,5,5,1,3,7,1,3,3,2
"6625",6,"FI",67,2,5,6,6,5,3,3,7,8,1,5,3
"6626",5,"FI",76,1,1,6,7,5,2,3,7,7,4,5,4
"6627",4,"FI",61,1,5,1,10,5,1,1,0,5,4,5,5
"6628",4,"FI",89,1,5,6,4,1,1,4,7,6,4,6,3
"6629",4,"FI",74,1,1,6,7,5,2,2,4,2,5,5,3
"6630",9,"FI",66,1,2,1,3,1,2,3,7,6,4,4,2
"6631",1,"FI",55,1,7,1,10,5,1,3,3,10,3,5,2
"6632",5,"FI",76,1,5,6,7,5,2,3,7,6,5,4,4
"6633",5,"FI",67,2,7,1,10,5,1,4,8,4,3,4,9
"6634",4,"FI",42,2,4,1,7,5,2,3,6,9,4,5,4
"6635",1,"FI",67,1,4,6,3,5,2,2,0,4,2,3,4
"6636",6,"FI",81,2,5,6,6,3,1,3,5,1,99,5,9
"6637",1,"FI",24,2,4,2,2,5,2,3,7,7,3,5,3
"6638",4,"FI",36,2,6,8,7,5,4,5,7,6,4,1,4
"6639",1,"FI",72,1,5,6,7,5,2,2,2,9,3,5,4
"6640",4,"FI",34,1,4,2,6,5,2,1,0,4,3,4,3
"6641",5,"FI",49,2,7,1,9,5,2,3,7,6,2,1,5
"6642",5,"FI",63,1,7,1,7,5,1,2,5,7,4,5,2
"6643",2,"FI",64,2,4,4,1,5,3,3,8,10,3,2,3
"6644",3,"FI",32,1,7,1,9,5,1,4,4,10,4,6,1
"6645",4,"FI",56,2,5,1,4,5,2,3,6,6,3,4,4
"6646",5,"FI",62,1,6,4,8,5,2,2,4,2,2,4,4
"6647",1,"FI",63,2,4,1,3,5,2,4,2,10,3,4,1
"6648",3,"FI",63,2,7,1,9,5,1,4,8,7,4,5,2
"6649",1,"FI",53,2,7,1,9,5,1,4,9,8,5,3,2
"6650",3,"FI",47,2,7,1,7,5,1,4,9,9,4,3,3
"6651",4,"FI",50,2,7,1,8,5,2,2,8,6,4,4,3
"6652",1,"FI",70,2,5,6,1,5,3,5,9,7,5,3,2
"6653",1,"FI",68,1,7,1,8,5,1,4,8,3,5,6,3
"6654",2,"FI",69,1,7,6,8,5,1,3,3,5,1,5,2
"6655",1,"FI",43,1,7,1,10,5,2,3,8,6,4,5,5
"6656",4,"FI",64,2,5,3,7,5,2,2,2,0,5,1,3
"6657",1,"FI",71,1,6,6,7,5,2,4,1,8,2,4,2
"6658",6,"FI",53,2,4,1,6,5,2,2,7,3,5,5,3
"6659",9,"FI",73,2,4,6,6,2,2,4,5,1,4,5,3
"6660",3,"FI",34,2,4,1,1,5,2,3,8,5,3,4,3
"6661",1,"FI",56,1,6,1,9,5,2,1,0,2,3,3,5
"6662",1,"FI",60,1,5,1,10,5,2,3,2,8,3,4,3
"6663",1,"FI",74,1,5,6,4,5,1,3,5,9,2,5,3
"6664",4,"FI",68,1,4,6,5,5,2,2,7,5,4,5,2
"6665",4,"FI",40,1,4,1,7,5,2,2,2,2,3,5,4
"6666",4,"FI",39,1,4,1,4,5,3,3,7,0,3,2,5
"6667",4,"FI",63,2,7,1,9,5,1,4,8,9,4,3,2
"6668",4,"FI",58,2,6,1,7,5,3,3,6,8,2,4,4
"6669",1,"FI",80,2,2,6,8,1,1,3,5,99,99,6,9
"6670",5,"FI",74,2,6,6,6,5,1,2,5,10,5,6,2
"6671",6,"FI",81,2,5,6,5,5,2,3,5,8,3,5,2
"6672",1,"FI",69,1,7,6,8,5,1,3,5,8,2,3,2
"6673",1,"FI",32,2,4,1,10,5,1,2,3,8,6,6,3
"6674",1,"FI",72,2,5,6,5,5,1,3,6,6,5,5,4
"6675",1,"FI",31,1,5,1,5,5,2,5,10,8,5,5,1
"6676",4,"FI",63,2,4,1,7,5,2,4,8,5,4,5,3
"6677",1,"FI",78,2,4,6,1,5,2,3,4,8,4,5,2
"6678",1,"FI",66,1,5,1,10,5,2,4,8,5,4,5,2
"6679",4,"FI",68,2,7,1,2,5,3,5,5,5,2,4,5
"6680",4,"FI",35,1,5,6,8,5,3,3,8,4,3,6,4
"6681",3,"FI",34,2,7,1,7,5,2,5,8,8,4,5,2
"6682",4,"FI",32,2,7,1,9,5,1,5,6,2,3,3,2
"6683",5,"FI",35,2,6,2,5,5,2,3,5,0,5,3,5
"6684",3,"FI",21,2,2,2,1,5,2,3,7,5,3,3,5
"6685",1,"FI",52,2,7,1,10,5,2,3,7,7,4,4,3
"6686",2,"FI",84,1,7,6,4,5,1,5,9,9,1,2,1
"6687",4,"FI",50,2,4,1,8,5,2,3,7,8,3,4,3
"6688",5,"FI",50,1,7,1,9,5,2,3,9,3,4,5,3
"6689",1,"FI",85,2,2,6,2,5,2,4,8,9,2,3,2
"6690",2,"FI",78,1,5,6,7,5,1,4,8,9,3,3,4
"6691",4,"FI",67,1,5,1,8,2,2,4,8,7,4,5,3
"6692",2,"FI",48,1,6,1,8,5,2,3,8,8,5,4,3
"6693",1,"FI",81,2,1,6,1,5,2,3,3,6,3,3,3
"6694",4,"FI",70,1,6,6,4,5,3,3,5,2,4,6,4
"6695",1,"FI",71,2,5,6,3,5,2,3,5,5,4,5,3
"6696",5,"FI",38,2,7,1,9,5,2,3,5,1,5,5,3
"6697",2,"FI",20,1,2,2,5,5,1,1,0,8,4,6,3
"6698",4,"FI",77,1,7,6,8,5,1,3,10,10,4,4,3
"6699",4,"FI",66,1,2,6,4,5,2,4,9,8,5,6,2
"6700",1,"FI",29,1,4,2,3,5,2,3,6,7,3,4,2
"6701",4,"FI",75,1,1,6,5,5,2,4,7,4,3,4,4
"6702",1,"FI",78,1,5,1,4,5,2,2,5,10,5,2,3
"6703",5,"FI",50,2,7,1,9,5,2,3,9,4,6,6,3
"6704",5,"FI",53,2,4,1,5,5,3,3,99,1,99,99,9
"6705",4,"FI",42,1,6,1,7,5,1,3,7,6,5,5,3
"6706",9,"FI",75,1,4,6,4,2,2,3,5,8,4,4,3
"6707",1,"FI",78,1,6,6,10,5,2,3,8,7,5,4,2
"6708",2,"FI",69,1,4,6,6,5,2,3,7,9,4,4,3
"6709",1,"FI",35,2,6,1,6,5,2,4,8,9,2,4,3
"6710",4,"FI",68,1,2,6,8,5,2,3,5,2,4,4,3
"6711",4,"FI",40,1,4,1,5,5,2,2,2,8,2,3,9
"6712",1,"FI",68,2,5,6,8,5,2,3,3,10,4,6,1
"6713",5,"FI",43,2,7,1,8,5,2,3,9,1,4,5,2
"6714",4,"FI",80,1,7,6,8,5,2,3,9,9,3,6,1
"6715",5,"FI",50,1,6,1,10,5,1,3,9,5,2,5,1
"6716",5,"FI",56,2,7,1,10,5,2,2,5,8,6,6,4
"6717",1,"FI",66,2,7,1,7,5,2,4,8,9,3,5,3
"6718",4,"FI",53,1,7,1,9,5,2,2,1,9,2,4,4
"6719",1,"FI",87,2,4,6,6,1,2,3,6,99,4,4,5
"6720",4,"FI",40,2,7,1,9,5,1,3,6,9,4,4,4
"6721",4,"FI",60,1,7,6,5,5,2,1,0,6,1,4,5
"6722",7,"FI",86,1,1,6,2,1,2,2,0,5,2,3,1
"6723",2,"FI",25,2,4,99,4,5,2,3,6,99,4,4,3
"6724",1,"FI",30,1,6,1,8,5,2,2,1,6,3,2,2
"6725",5,"FI",58,2,7,1,9,5,1,3,6,4,4,4,4
"6726",1,"FI",62,2,4,6,1,5,2,5,10,5,0,4,2
"6727",4,"FI",66,1,5,1,8,5,1,1,1,7,5,6,3
"6728",4,"FI",70,2,5,6,6,5,2,3,3,99,5,4,3
"6729",1,"FI",26,2,4,1,2,5,3,3,6,6,2,3,2
"6730",5,"FI",73,1,5,6,2,5,2,3,7,0,5,5,3
"6731",1,"FI",63,2,5,1,7,5,1,2,6,9,4,6,3
"6732",1,"FI",84,1,7,6,8,5,2,3,6,10,4,6,1
"6733",3,"FI",65,2,4,1,88,5,3,3,5,10,2,5,3
"6734",4,"FI",57,2,6,1,10,5,1,4,8,4,4,6,3
"6735",2,"FI",69,2,5,6,5,4,2,4,7,99,4,5,2
"6736",4,"FI",28,2,7,2,1,5,2,3,7,5,3,5,3
"6737",4,"FI",75,2,7,6,6,5,2,4,8,1,3,3,4
"6738",4,"FI",50,1,6,1,10,5,2,3,6,5,5,5,3
"6739",4,"FI",67,1,4,6,6,5,4,3,7,8,5,4,3
"6740",4,"FI",44,2,4,1,9,5,2,2,6,8,4,3,5
"6741",1,"FI",63,1,6,1,8,5,2,3,7,9,3,6,3
"6742",1,"FI",37,1,4,1,4,5,2,3,0,99,3,5,3
"6743",4,"FI",47,1,4,1,6,5,2,1,0,5,5,3,5
"6744",4,"FI",62,1,4,5,4,5,3,3,9,3,1,4,2
"6745",4,"FI",38,2,6,1,10,5,2,2,5,8,3,2,4
"6746",4,"FI",79,2,7,6,5,4,2,4,7,8,4,5,2
"6747",1,"FI",36,2,6,1,10,5,2,3,6,5,6,6,5
"6748",4,"FI",82,1,4,6,6,1,3,2,5,3,0,1,5
"6749",5,"FI",45,2,4,1,10,5,1,3,6,7,4,4,2
"6750",6,"FI",54,2,6,1,8,5,2,3,8,8,4,5,3
"6751",4,"FI",66,1,4,6,8,5,2,3,7,3,4,4,3
"6752",1,"FI",80,1,7,6,7,5,1,4,7,4,3,4,3
"6753",6,"FI",79,2,4,6,2,3,2,3,7,99,2,1,2
"6754",4,"FI",29,1,4,1,4,5,2,3,7,2,3,4,3
"6755",4,"FI",61,2,4,1,77,5,3,3,8,9,2,3,3
"6756",4,"FI",52,2,7,1,8,5,1,4,10,7,5,4,4
"6757",5,"FI",37,1,4,1,9,5,1,4,9,5,5,6,1
"6758",4,"FI",78,1,5,6,6,5,1,4,4,5,4,6,2
"6759",5,"FI",69,1,5,6,5,5,1,3,7,1,5,6,2
"6760",3,"FI",44,1,5,5,1,5,2,2,2,8,4,2,1
"6761",1,"FI",85,1,4,6,8,5,2,4,7,10,5,6,2
"6762",1,"FI",63,2,6,1,7,5,1,3,5,1,3,6,3
"6763",1,"FI",67,2,7,6,9,4,2,3,9,8,3,5,3
"6764",5,"FI",61,2,4,1,6,5,2,3,8,0,99,6,9
"6765",4,"FI",53,1,6,1,7,5,3,3,7,8,2,3,2
"6766",3,"FI",37,1,6,4,1,5,3,3,6,7,2,3,3
"6767",1,"FI",71,2,4,6,10,5,1,3,3,8,4,2,3
"6768",4,"FI",70,1,6,6,7,5,2,3,5,8,1,5,3
"6769",1,"FI",21,1,4,2,5,5,2,4,6,9,3,5,2
"6770",4,"FI",63,2,4,1,4,5,3,4,7,7,2,4,3
"6771",1,"FI",67,2,2,6,1,5,3,3,5,10,6,6,3
"6772",4,"FI",68,2,6,1,7,5,1,3,7,4,3,5,2
"6773",4,"FI",36,1,4,1,8,5,1,2,1,2,4,5,4
"6774",1,"FI",70,2,5,6,6,1,1,1,5,3,2,3,3
"6775",4,"FI",58,2,7,1,7,5,1,3,6,8,4,5,5
"6776",5,"FI",44,1,6,1,8,5,2,5,9,3,2,4,1
"6777",4,"FI",74,2,5,6,5,5,1,4,7,1,3,5,2
"6778",2,"FI",43,1,6,1,3,5,2,3,5,8,4,5,1
"6779",4,"FI",59,2,7,1,8,5,2,3,8,3,4,5,4
"6780",5,"FI",76,1,1,6,4,1,1,4,6,3,5,5,1
"6781",1,"FI",66,1,6,1,8,5,1,3,5,6,3,5,2
"6782",1,"FI",74,2,2,6,3,5,1,3,5,10,3,99,2
"6783",2,"FI",61,1,4,5,5,5,2,4,6,5,2,4,5
"6784",1,"FI",50,2,6,1,6,5,2,3,7,2,4,4,2
"6785",4,"FI",36,1,6,1,10,5,2,1,0,8,4,3,5
"6786",4,"FI",61,1,4,1,9,5,2,2,5,3,5,4,3
"6787",3,"FR",50,1,7,1,8,5,2,3,5,4,1,2,5
"6788",4,"FR",40,2,5,1,3,5,2,2,2,5,2,4,3
"6789",1,"FR",72,2,4,6,5,5,2,3,8,10,4,6,3
"6790",4,"FR",58,1,1,1,8,5,1,3,7,0,2,4,3
"6791",4,"FR",65,2,4,1,7,5,2,3,4,5,4,2,4
"6792",3,"FR",22,2,4,2,88,5,1,3,5,7,3,4,4
"6793",4,"FR",43,2,4,1,6,5,2,4,7,2,2,3,3
"6794",5,"FR",31,1,7,1,5,5,3,5,10,5,2,5,1
"6795",4,"FR",38,1,7,1,8,5,2,5,10,4,2,4,2
"6796",4,"FR",42,1,7,1,10,5,2,4,10,5,2,5,1
"6797",4,"FR",30,2,7,1,7,5,2,3,5,0,1,3,4
"6798",1,"FR",60,2,4,5,3,5,1,4,10,8,2,6,2
"6799",1,"FR",37,2,6,1,8,5,1,4,10,5,5,5,2
"6800",4,"FR",29,2,6,1,88,5,2,5,8,4,3,2,5
"6801",6,"FR",86,2,5,6,7,5,1,3,8,6,4,5,9
"6802",4,"FR",67,2,2,6,7,5,2,3,10,0,4,4,2
"6803",1,"FR",35,2,6,1,6,5,1,5,5,6,2,2,1
"6804",6,"FR",65,2,4,6,5,4,2,3,5,2,2,3,3
"6805",4,"FR",41,2,6,1,10,5,1,3,8,6,2,6,3
"6806",4,"FR",60,2,7,1,10,5,1,4,9,4,3,3,4
"6807",1,"FR",78,1,7,6,7,5,1,3,8,6,1,4,3
"6808",1,"FR",42,2,7,1,77,5,3,4,8,7,2,1,3
"6809",4,"FR",35,1,6,1,5,5,1,4,5,3,3,6,3
"6810",4,"FR",51,2,2,1,5,5,2,2,5,10,3,5,4
"6811",4,"FR",67,2,3,6,6,5,2,3,6,5,3,5,3
"6812",3,"FR",28,2,7,9,88,5,1,4,7,7,4,5,2
"6813",5,"FR",41,1,6,1,8,5,1,1,0,5,0,4,5
"6814",7,"FR",57,2,6,1,2,5,3,5,10,2,4,5,3
"6815",4,"FR",67,1,7,6,9,5,1,5,10,1,5,6,2
"6816",3,"FR",55,2,7,1,10,5,1,4,10,7,2,5,2
"6817",3,"FR",53,1,7,1,10,5,1,4,7,5,4,4,3
"6818",4,"FR",45,2,7,1,8,5,2,3,4,4,3,6,3
"6819",4,"FR",24,1,5,1,7,5,2,4,9,3,3,5,4
"6820",3,"FR",44,2,4,1,3,3,3,4,9,7,3,0,4
"6821",4,"FR",47,2,5,1,9,5,2,4,7,3,4,4,4
"6822",4,"FR",61,2,4,3,9,5,1,4,9,8,2,4,3
"6823",2,"FR",63,1,5,1,10,5,1,4,9,9,3,5,2
"6824",4,"FR",44,2,7,8,77,5,2,5,7,3,2,3,3
"6825",4,"FR",48,2,5,1,10,5,1,3,8,7,4,5,9
"6826",2,"FR",26,2,7,2,7,5,2,3,8,10,3,4,1
"6827",4,"FR",74,2,3,6,4,5,2,3,8,9,5,4,3
"6828",4,"FR",54,2,6,8,6,5,1,4,7,2,5,6,3
"6829",2,"FR",30,2,7,1,4,5,1,5,8,9,3,5,2
"6830",5,"FR",48,1,7,1,9,5,2,4,7,5,4,3,3
"6831",4,"FR",25,2,4,8,4,5,4,3,8,7,5,6,3
"6832",5,"FR",55,2,7,1,3,5,1,5,10,10,3,3,2
"6833",2,"FR",42,1,4,1,77,5,7,2,1,8,0,2,3
"6834",4,"FR",42,2,3,1,2,2,2,2,5,0,0,4,3
"6835",3,"FR",34,2,2,1,5,5,2,2,6,8,4,3,3
"6836",4,"FR",54,1,7,1,8,5,2,3,7,7,3,5,3
"6837",3,"FR",73,2,7,1,8,3,1,3,7,8,3,5,2
"6838",1,"FR",78,2,4,6,6,5,1,5,9,10,2,6,2
"6839",4,"FR",74,1,3,6,5,1,2,2,8,0,5,2,4
"6840",4,"FR",52,1,5,1,7,5,2,3,5,3,2,3,3
"6841",6,"FR",74,1,5,6,10,5,1,4,7,5,2,5,1
"6842",4,"FR",52,1,5,1,9,5,1,4,6,4,2,3,3
"6843",3,"FR",73,1,5,6,2,5,2,2,0,8,1,1,9
"6844",4,"FR",74,2,5,6,6,1,1,4,6,0,4,3,3
"6845",5,"FR",74,2,7,6,8,4,1,5,10,3,4,4,2
"6846",4,"FR",60,2,3,1,1,5,3,3,7,6,2,4,2
"6847",4,"FR",72,1,1,6,4,4,2,3,8,8,2,4,5
"6848",1,"FR",48,2,7,1,2,5,4,5,10,3,4,6,2
"6849",4,"FR",46,1,7,1,8,5,2,4,7,5,4,5,4
"6850",4,"FR",32,1,6,1,5,5,1,2,5,4,4,5,4
"6851",4,"FR",71,1,6,6,7,5,2,3,3,4,3,3,4
"6852",4,"FR",73,1,5,6,8,5,1,3,5,10,6,3,4
"6853",4,"FR",22,2,5,3,7,4,1,3,8,7,4,5,2
"6854",4,"FR",23,2,4,2,9,5,1,3,8,3,2,4,3
"6855",3,"FR",23,1,4,2,4,5,3,4,6,7,3,5,4
"6856",1,"FR",79,2,5,6,10,2,1,3,5,5,5,6,3
"6857",4,"FR",48,1,7,1,6,5,1,4,7,3,1,4,2
"6858",5,"FR",47,2,7,1,10,4,1,3,10,5,2,5,1
"6859",5,"FR",50,1,5,1,6,5,2,3,9,2,2,5,3
"6860",5,"FR",45,1,6,1,8,5,1,4,8,3,4,4,3
"6861",4,"FR",62,2,4,3,2,1,2,5,9,0,0,0,3
"6862",3,"FR",50,1,5,1,4,5,2,3,5,5,5,3,5
"6863",4,"FR",65,2,2,1,5,5,2,3,10,5,5,3,2
"6864",4,"FR",20,2,2,2,4,5,1,3,6,5,4,5,4
"6865",4,"FR",53,2,5,1,77,5,2,3,7,6,4,1,4
"6866",4,"FR",62,1,3,6,9,5,1,1,0,0,1,0,5
"6867",2,"FR",34,2,5,1,4,5,1,4,8,5,2,5,2
"6868",4,"FR",38,1,5,1,9,5,1,3,5,5,3,5,1
"6869",4,"FR",81,1,6,6,7,5,1,2,2,5,1,5,3
"6870",6,"FR",63,2,7,6,5,5,1,3,5,0,5,4,4
"6871",4,"FR",63,1,7,6,7,5,1,5,8,7,4,4,2
"6872",3,"FR",67,2,4,1,9,5,1,5,10,7,2,6,3
"6873",4,"FR",56,1,7,1,8,5,2,2,8,2,4,4,2
"6874",5,"FR",77,1,5,6,77,5,2,4,8,8,2,4,3
"6875",5,"FR",79,1,7,6,9,5,1,4,5,0,2,3,5
"6876",4,"FR",41,2,5,1,8,5,1,3,4,6,4,5,3
"6877",1,"FR",62,2,5,4,3,5,2,3,7,7,5,5,3
"6878",6,"FR",80,2,6,6,8,5,1,3,10,5,4,4,3
"6879",3,"FR",40,2,4,1,7,5,1,3,8,9,2,6,4
"6880",4,"FR",55,1,6,1,8,5,2,3,5,5,4,5,4
"6881",5,"FR",47,1,7,1,8,5,3,4,8,3,4,3,2
"6882",4,"FR",52,2,5,1,4,5,2,2,4,3,1,0,5
"6883",4,"FR",48,1,4,1,5,4,2,4,7,9,3,4,3
"6884",2,"FR",77,1,3,6,4,1,2,3,8,8,3,5,3
"6885",4,"FR",56,2,5,1,9,5,2,4,7,7,3,3,4
"6886",5,"FR",49,1,4,1,5,5,3,3,6,2,5,5,3
"6887",1,"FR",74,2,4,6,1,1,4,2,8,0,3,4,4
"6888",5,"FR",33,1,6,1,7,4,3,3,6,2,5,3,4
"6889",1,"FR",63,1,4,5,10,5,1,4,10,7,2,3,3
"6890",4,"FR",37,1,5,1,5,5,1,3,7,2,5,5,3
"6891",4,"FR",24,1,6,1,7,5,2,4,7,4,1,4,5
"6892",1,"FR",73,2,5,6,8,5,1,4,9,8,4,4,2
"6893",1,"FR",65,2,5,6,8,5,1,3,8,5,2,5,9
"6894",4,"FR",60,1,7,1,4,5,2,3,7,5,1,5,3
"6895",4,"FR",30,1,5,1,6,5,2,4,10,8,5,5,2
"6896",4,"FR",27,2,7,1,8,5,2,3,6,5,4,4,2
"6897",3,"FR",28,2,5,5,9,5,1,3,7,5,4,5,4
"6898",3,"FR",58,2,4,1,8,5,1,4,7,3,3,3,3
"6899",4,"FR",53,2,5,1,6,5,1,5,10,5,5,4,3
"6900",5,"FR",57,2,7,1,10,5,1,3,5,4,3,5,1
"6901",4,"FR",38,1,3,1,9,5,1,3,8,2,2,3,4
"6902",1,"FR",54,2,4,1,4,5,2,3,10,5,0,0,3
"6903",1,"FR",78,1,7,6,9,5,1,2,3,3,5,3,3
"6904",4,"FR",41,2,7,1,7,5,1,5,7,7,4,6,3
"6905",4,"FR",73,2,4,6,8,5,1,2,3,99,4,4,4
"6906",4,"FR",30,1,7,1,3,5,1,2,5,5,0,3,1
"6907",4,"FR",41,2,6,1,7,5,1,4,6,2,5,4,3
"6908",1,"FR",74,2,3,6,5,5,2,3,8,7,3,3,3
"6909",4,"FR",21,2,4,2,8,4,1,3,5,0,3,4,4
"6910",4,"FR",59,1,7,9,9,5,1,4,7,3,3,5,2
"6911",1,"FR",65,2,6,6,9,3,1,3,9,7,4,6,2
"6912",3,"FR",37,2,7,1,7,5,2,5,8,2,2,1,3
"6913",4,"FR",70,2,4,6,6,5,2,4,6,99,2,0,3
"6914",4,"FR",20,1,2,1,5,5,2,3,7,8,1,3,3
"6915",1,"FR",56,2,7,1,9,5,1,3,5,5,2,4,5
"6916",1,"FR",50,2,7,1,10,5,1,4,8,10,3,6,2
"6917",1,"FR",34,1,7,1,6,5,1,9,99,7,99,99,9
"6918",4,"FR",48,1,3,1,8,5,2,3,2,8,3,4,5
"6919",3,"FR",22,1,4,2,9,5,1,3,7,8,2,5,3
"6920",4,"FR",37,2,6,1,9,5,1,3,2,2,2,3,3
"6921",4,"FR",59,1,3,1,6,5,2,5,99,0,3,4,5
"6922",4,"FR",25,2,6,1,8,5,1,5,6,3,2,6,2
"6923",1,"FR",62,1,55,6,8,5,2,4,7,8,4,5,3
"6924",4,"FR",31,1,2,1,7,5,2,1,0,0,4,6,1
"6925",1,"FR",51,1,4,88,10,5,1,2,7,8,3,5,1
"6926",4,"FR",29,1,4,1,7,5,1,3,5,3,3,5,4
"6927",6,"FR",62,1,5,1,9,5,2,3,3,5,3,4,2
"6928",4,"FR",58,1,3,1,7,3,2,3,7,8,4,3,4
"6929",4,"FR",60,2,7,6,10,5,1,4,4,4,4,5,3
"6930",4,"FR",66,1,7,1,10,5,2,4,8,5,4,5,2
"6931",3,"FR",51,2,5,1,9,4,2,4,8,3,2,5,5
"6932",5,"FR",61,2,5,6,8,5,3,3,4,4,2,6,3
"6933",1,"FR",72,1,5,6,7,3,1,5,8,6,4,4,2
"6934",4,"FR",24,2,5,1,10,5,3,3,7,7,3,4,5
"6935",4,"FR",56,2,5,1,9,5,1,4,8,5,4,5,2
"6936",1,"FR",65,1,7,6,8,5,1,4,10,5,3,5,3
"6937",5,"FR",65,1,4,1,9,5,2,3,6,5,3,5,2
"6938",3,"FR",54,1,2,3,1,2,3,2,1,7,2,2,4
"6939",4,"FR",68,1,7,6,9,5,1,4,8,5,3,5,3
"6940",2,"FR",47,2,7,1,10,5,1,5,10,10,3,6,1
"6941",4,"FR",36,2,6,1,8,5,1,5,10,2,0,6,3
"6942",5,"FR",35,2,7,1,5,5,1,5,5,3,3,3,1
"6943",6,"FR",64,1,5,1,5,5,1,3,5,0,1,5,3
"6944",4,"FR",62,1,3,6,9,5,1,3,8,3,4,5,3
"6945",4,"FR",39,1,4,1,6,5,2,2,5,5,1,2,5
"6946",1,"FR",38,1,7,1,10,5,1,4,7,8,2,5,2
"6947",4,"FR",81,2,6,6,5,5,1,5,10,1,1,6,3
"6948",4,"FR",65,2,2,6,5,2,2,4,8,2,2,2,3
"6949",4,"FR",50,1,7,1,6,5,1,4,8,5,1,6,2
"6950",4,"FR",72,1,4,6,5,3,1,2,4,3,4,4,3
"6951",4,"FR",54,2,7,1,9,5,1,3,6,8,4,3,4
"6952",4,"FR",61,1,5,1,7,5,1,3,7,7,4,99,3
"6953",7,"FR",47,1,4,1,2,5,2,3,7,6,4,4,2
"6954",4,"FR",40,1,5,1,8,5,2,3,8,1,6,1,4
"6955",4,"FR",55,2,7,1,10,5,1,3,9,1,2,4,3
"6956",1,"FR",45,2,4,2,7,5,2,4,10,3,5,6,2
"6957",4,"FR",20,2,4,2,7,5,1,4,7,8,4,2,3
"6958",4,"FR",77,1,7,6,4,4,2,5,10,8,5,4,2
"6959",5,"FR",62,2,3,1,10,5,1,3,6,3,5,4,3
"6960",3,"FR",64,2,7,1,10,5,1,3,7,7,3,2,3
"6961",2,"FR",42,1,7,1,3,5,3,3,8,4,4,3,2
"6962",5,"FR",51,1,5,1,6,5,1,3,6,7,4,5,2
"6963",4,"FR",58,1,5,1,6,1,2,3,0,5,2,3,5
"6964",4,"FR",59,2,5,1,9,5,2,4,10,1,3,5,3
"6965",4,"FR",55,1,4,1,77,5,1,3,9,4,4,6,3
"6966",6,"FR",81,2,4,6,9,5,1,3,6,8,4,4,2
"6967",5,"FR",58,2,2,1,10,5,1,5,8,2,2,4,2
"6968",1,"FR",23,2,6,2,1,5,2,4,8,4,4,6,2
"6969",3,"FR",60,1,5,5,10,5,2,4,9,5,3,4,4
"6970",4,"FR",22,1,4,2,88,5,1,3,8,6,4,4,3
"6971",1,"FR",55,2,3,1,7,5,2,3,7,7,3,4,4
"6972",6,"FR",43,1,5,1,1,5,3,5,8,5,2,5,2
"6973",4,"FR",25,2,5,1,9,5,1,3,7,3,5,4,3
"6974",4,"FR",44,1,3,1,6,5,2,4,7,6,5,5,3
"6975",4,"FR",46,2,5,1,8,5,2,3,5,3,3,3,3
"6976",4,"FR",64,2,3,1,1,5,3,2,4,3,2,4,5
"6977",4,"FR",30,2,7,1,8,5,1,4,6,4,4,5,3
"6978",5,"FR",41,2,4,5,8,5,2,3,7,8,1,4,3
"6979",3,"FR",60,1,7,5,1,5,2,5,10,10,0,0,3
"6980",2,"FR",33,2,7,1,8,5,1,5,6,8,3,2,4
"6981",4,"FR",61,1,3,1,9,5,1,3,5,4,4,5,3
"6982",4,"FR",67,2,4,6,10,4,1,3,8,5,6,5,3
"6983",2,"FR",66,1,3,6,7,5,1,4,8,8,4,5,2
"6984",4,"FR",60,2,3,4,1,5,4,3,0,0,99,99,9
"6985",4,"FR",44,2,5,1,7,5,3,3,5,3,4,1,3
"6986",1,"FR",58,2,7,1,7,5,1,4,8,4,2,4,2
"6987",3,"FR",38,2,6,1,4,5,2,4,9,10,1,3,2
"6988",4,"FR",72,1,3,6,2,2,2,1,0,9,6,0,3
"6989",1,"FR",50,2,4,1,8,5,1,4,8,2,5,5,3
"6990",1,"FR",83,2,3,6,77,4,3,4,8,3,5,4,2
"6991",6,"FR",70,2,5,6,8,5,1,4,8,4,0,5,4
"6992",4,"FR",64,2,7,6,8,5,1,3,7,8,4,5,2
"6993",4,"FR",71,1,3,6,6,5,1,3,7,99,4,5,3
"6994",5,"FR",62,2,5,9,4,4,1,3,7,8,3,5,2
"6995",4,"FR",37,1,5,1,3,5,1,5,10,2,2,5,3
"6996",6,"FR",64,1,3,6,1,5,2,1,0,0,0,5,5
"6997",2,"FR",38,2,3,1,5,4,2,4,7,2,4,3,4
"6998",4,"FR",64,2,5,1,8,5,1,3,6,5,5,6,3
"6999",4,"FR",66,1,5,6,8,2,1,3,8,8,4,4,3
"7000",1,"FR",47,2,5,1,4,5,3,3,8,8,2,4,2
"7001",4,"FR",56,2,7,1,10,4,1,4,8,3,4,5,2
"7002",5,"FR",73,2,5,6,6,5,1,3,9,7,2,5,3
"7003",4,"FR",35,1,4,1,6,5,2,5,10,10,4,4,3
"7004",5,"FR",45,1,7,1,10,5,1,3,7,3,3,4,3
"7005",5,"FR",53,1,7,1,8,5,1,4,10,4,4,5,3
"7006",1,"FR",73,2,7,6,10,3,1,5,10,5,3,4,2
"7007",6,"FR",41,1,3,5,1,4,3,2,1,8,99,2,3
"7008",4,"FR",60,2,3,1,2,5,2,3,8,5,2,4,3
"7009",4,"FR",45,2,7,1,4,5,2,3,8,7,6,6,3
"7010",1,"FR",36,2,6,5,1,5,3,2,4,6,3,3,3
"7011",1,"FR",58,1,6,4,4,5,2,5,10,5,4,4,1
"7012",4,"FR",57,2,4,1,3,5,3,4,5,4,2,4,4
"7013",4,"FR",67,2,3,6,5,3,2,3,3,3,0,2,5
"7014",4,"FR",38,2,3,1,6,5,1,2,5,3,5,4,3
"7015",4,"FR",73,1,5,6,6,5,2,3,6,3,3,4,3
"7016",6,"FR",78,1,5,6,6,5,1,3,8,2,4,5,3
"7017",4,"FR",48,2,3,1,8,5,1,3,9,4,1,3,3
"7018",4,"FR",77,1,4,6,7,5,2,2,1,5,6,1,5
"7019",4,"FR",65,2,6,6,77,5,1,5,7,0,6,6,3
"7020",4,"FR",48,2,7,1,8,5,2,4,7,4,4,5,3
"7021",4,"FR",52,2,7,1,9,5,2,4,9,4,3,3,9
"7022",3,"FR",40,1,7,1,9,5,1,5,9,7,4,5,2
"7023",4,"FR",45,1,7,1,8,5,2,3,7,8,4,4,3
"7024",4,"FR",40,1,4,1,7,5,2,5,0,4,4,5,5
"7025",4,"FR",43,2,5,1,3,5,2,3,8,8,4,4,3
"7026",1,"FR",60,1,4,1,5,5,1,3,5,5,3,6,3
"7027",4,"FR",24,2,5,1,6,5,1,3,6,7,3,3,2
"7028",1,"FR",53,1,4,1,7,5,2,3,6,6,3,3,4
"7029",4,"FR",60,2,4,5,5,4,2,4,8,5,3,3,3
"7030",2,"FR",20,2,4,2,10,5,1,4,10,8,1,1,2
"7031",4,"FR",63,2,3,1,10,5,1,5,10,8,2,3,2
"7032",4,"FR",62,2,7,1,9,5,1,9,7,99,4,5,3
"7033",4,"FR",61,1,3,1,8,5,1,3,4,99,2,4,9
"7034",6,"FR",87,1,5,6,6,5,1,3,8,6,4,4,3
"7035",4,"FR",36,2,7,1,7,5,2,3,8,8,3,4,3
"7036",6,"FR",64,1,5,1,8,5,1,4,10,8,5,4,4
"7037",1,"FR",69,1,7,6,5,5,2,3,8,6,5,4,1
"7038",3,"FR",28,2,7,1,4,5,1,5,7,8,3,4,2
"7039",5,"FR",49,2,4,1,7,5,1,3,8,0,4,5,4
"7040",6,"FR",66,1,3,6,6,4,2,4,10,4,3,5,3
"7041",4,"FR",59,2,5,1,7,5,1,4,10,5,3,3,2
"7042",4,"FR",32,1,7,1,9,5,1,4,9,8,4,5,4
"7043",4,"FR",35,1,7,1,7,5,2,3,6,5,4,5,3
"7044",4,"FR",46,2,5,1,6,5,3,5,10,2,6,2,5
"7045",5,"FR",67,1,4,6,10,5,1,3,7,5,5,4,4
"7046",2,"FR",45,2,3,4,2,5,4,4,9,8,6,6,4
"7047",5,"FR",44,2,7,1,10,5,1,4,8,3,5,5,2
"7048",1,"FR",35,1,5,1,9,5,1,4,8,9,4,5,2
"7049",1,"FR",60,1,5,1,10,5,1,5,9,7,1,2,3
"7050",4,"FR",54,2,3,1,3,5,3,1,0,0,0,0,3
"7051",4,"FR",66,2,3,6,2,5,3,3,5,2,3,4,3
"7052",4,"FR",24,1,5,1,4,5,2,2,6,6,4,4,2
"7053",4,"FR",73,1,4,6,7,5,1,3,8,9,5,5,2
"7054",4,"FR",74,1,1,6,5,1,2,4,7,10,3,3,4
"7055",6,"FR",67,2,5,6,4,5,2,3,8,5,3,5,3
"7056",4,"FR",43,2,5,1,6,5,2,3,5,7,2,1,2
"7057",4,"FR",66,1,7,3,10,4,1,3,8,4,2,4,3
"7058",1,"FR",28,2,7,1,8,5,1,2,3,10,0,4,2
"7059",4,"FR",77,2,4,6,4,4,1,5,8,8,4,5,2
"7060",5,"FR",64,2,3,1,2,1,3,4,7,5,3,5,2
"7061",4,"FR",52,2,5,1,9,5,1,5,10,8,5,6,9
"7062",4,"FR",41,1,3,1,6,5,1,4,7,4,5,4,3
"7063",4,"FR",59,1,5,1,7,5,1,5,10,8,3,4,2
"7064",1,"FR",50,2,4,1,5,5,2,2,0,5,0,6,4
"7065",3,"FR",20,2,4,2,8,5,2,3,7,8,2,2,3
"7066",1,"FR",23,1,4,3,88,4,1,2,2,10,3,2,2
"7067",4,"FR",73,1,3,6,3,1,1,3,6,1,3,5,3
"7068",1,"FR",56,1,7,1,9,5,1,5,10,0,5,6,2
"7069",6,"FR",71,2,2,6,2,5,3,2,5,99,4,3,3
"7070",4,"FR",37,1,4,1,10,5,2,4,2,5,3,3,3
"7071",4,"FR",38,1,6,1,7,5,1,4,6,5,4,6,2
"7072",4,"FR",51,1,5,1,9,5,1,4,6,4,3,2,3
"7073",4,"FR",84,1,3,6,4,1,2,2,0,0,0,0,3
"7074",4,"FR",50,1,6,1,9,5,1,3,6,6,3,2,4
"7075",1,"FR",42,2,1,1,4,5,2,4,10,7,4,3,4
"7076",5,"FR",39,2,7,1,9,5,1,4,8,6,2,5,2
"7077",1,"FR",20,1,4,2,88,5,1,3,7,5,4,4,2
"7078",5,"FR",65,1,6,1,10,5,1,3,7,4,5,5,2
"7079",4,"FR",61,2,5,1,2,5,4,5,5,99,3,1,3
"7080",1,"FR",61,1,1,1,8,3,1,2,5,3,3,1,4
"7081",4,"FR",46,2,3,1,4,5,1,3,7,4,6,6,1
"7082",4,"FR",47,1,3,1,7,5,2,4,8,0,4,5,3
"7083",4,"FR",41,2,3,1,8,5,2,3,4,6,3,6,3
"7084",4,"FR",42,1,4,1,7,5,2,2,4,10,2,4,3
"7085",4,"FR",48,2,6,1,2,5,3,3,4,2,1,2,3
"7086",4,"FR",24,2,5,1,2,5,3,2,5,1,3,4,3
"7087",4,"FR",51,2,5,1,4,4,1,3,6,4,4,4,2
"7088",1,"FR",74,1,3,6,8,5,1,4,7,9,1,3,3
"7089",6,"FR",65,2,2,6,2,5,3,3,6,9,0,6,3
"7090",2,"FR",58,1,7,1,9,5,2,4,7,2,2,4,2
"7091",3,"FR",61,2,3,1,1,5,2,4,8,10,4,4,4
"7092",5,"FR",71,1,4,6,7,5,1,4,9,5,5,5,2
"7093",6,"FR",72,1,3,6,6,5,2,5,9,5,3,3,4
"7094",5,"FR",43,1,3,1,7,5,1,2,2,10,2,6,5
"7095",4,"FR",36,2,5,1,6,5,1,2,6,8,4,6,3
"7096",4,"FR",55,1,1,1,7,4,2,4,10,0,0,3,5
"7097",4,"FR",76,2,2,6,3,5,2,3,7,7,4,4,3
"7098",3,"FR",22,2,6,2,88,5,2,3,7,6,2,4,2
"7099",4,"FR",40,2,5,1,7,5,2,4,7,9,4,3,4
"7100",5,"FR",26,2,5,1,2,5,2,3,5,2,3,3,3
"7101",4,"FR",50,2,7,1,7,5,2,5,5,5,4,6,3
"7102",3,"FR",36,1,5,1,9,5,2,3,6,7,2,4,4
"7103",5,"FR",49,2,6,1,10,5,1,5,10,0,4,3,2
"7104",1,"FR",24,2,6,1,10,5,1,4,9,8,4,4,3
"7105",5,"FR",42,2,4,1,77,5,1,3,8,7,5,4,3
"7106",5,"FR",86,1,3,6,8,5,1,3,5,1,2,5,3
"7107",1,"FR",62,2,7,1,8,5,1,3,10,7,3,6,2
"7108",7,"FR",59,1,3,1,6,5,1,3,7,5,4,3,3
"7109",4,"FR",43,2,7,1,5,5,2,3,6,2,3,4,9
"7110",3,"FR",21,2,4,2,5,5,1,2,5,6,4,3,3
"7111",4,"FR",24,1,4,2,88,5,1,4,7,5,5,5,3
"7112",1,"FR",47,1,5,1,9,5,1,4,8,9,5,6,1
"7113",4,"FR",41,1,7,1,8,5,1,5,6,4,4,4,2
"7114",4,"FR",47,2,5,3,6,5,2,3,8,0,0,3,2
"7115",4,"FR",28,1,6,1,7,5,2,4,8,8,2,4,3
"7116",4,"FR",31,2,5,1,7,5,1,4,8,5,4,4,4
"7117",2,"FR",30,1,7,1,8,5,2,4,6,10,2,3,1
"7118",4,"FR",37,2,5,1,10,5,1,4,8,4,3,0,2
"7119",3,"FR",43,2,7,1,77,5,1,5,10,9,2,4,2
"7120",4,"FR",55,2,7,1,10,5,1,4,7,1,99,99,9
"7121",4,"FR",44,2,5,1,7,5,2,3,4,5,2,4,4
"7122",1,"FR",58,2,5,1,8,5,2,3,10,0,3,4,3
"7123",6,"FR",63,1,7,1,10,5,1,4,5,7,3,5,2
"7124",4,"FR",40,2,6,1,10,5,1,3,7,1,3,4,3
"7125",5,"FR",77,2,2,6,7,1,2,3,7,3,3,4,3
"7126",7,"FR",60,1,4,1,4,5,2,3,7,7,4,3,4
"7127",4,"FR",70,2,7,6,3,5,2,3,6,5,3,6,5
"7128",4,"FR",66,1,7,1,10,5,1,3,8,3,4,5,2
"7129",4,"FR",63,2,2,1,2,4,2,3,10,8,3,5,2
"7130",4,"FR",48,1,7,1,9,5,1,3,6,3,0,5,2
"7131",4,"FR",39,1,5,1,8,5,1,2,5,6,1,1,3
"7132",4,"FR",57,1,5,8,10,5,1,2,8,2,3,5,3
"7133",5,"FR",56,1,4,1,7,3,2,3,6,8,4,5,4
"7134",4,"FR",38,1,7,1,10,5,1,2,3,5,0,3,4
"7135",4,"FR",35,1,5,1,7,5,2,3,5,5,4,6,3
"7136",4,"FR",75,1,7,6,6,5,1,3,7,2,4,5,3
"7137",1,"FR",68,2,4,6,5,4,2,3,5,2,2,5,3
"7138",4,"FR",60,1,7,1,9,5,1,3,8,7,4,5,2
"7139",1,"FR",61,1,5,4,2,5,2,5,8,5,4,5,2
"7140",4,"FR",51,2,7,1,8,4,2,4,9,7,1,4,2
"7141",5,"FR",65,2,5,1,10,5,1,3,7,3,4,4,3
"7142",4,"FR",27,1,6,2,4,5,1,3,3,5,2,5,3
"7143",4,"FR",58,1,3,1,2,5,3,5,8,8,1,3,3
"7144",1,"FR",29,1,7,1,9,5,1,5,10,10,2,6,3
"7145",4,"FR",79,1,4,6,4,5,2,4,8,6,3,5,3
"7146",4,"FR",76,1,2,6,3,5,2,2,6,99,3,4,3
"7147",4,"FR",61,1,7,1,10,5,1,2,0,8,6,6,5
"7148",4,"FR",48,2,7,1,8,5,1,5,8,2,5,6,2
"7149",5,"FR",55,2,7,1,7,5,1,3,8,8,4,6,1
"7150",4,"FR",66,1,3,6,10,5,2,5,10,8,4,5,2
"7151",4,"FR",41,1,3,1,7,5,3,3,8,5,5,6,3
"7152",5,"FR",47,1,7,1,9,5,1,4,5,7,4,6,2
"7153",4,"FR",30,2,7,1,9,5,2,2,6,2,0,1,2
"7154",1,"FR",57,1,7,1,10,5,1,2,5,5,3,5,3
"7155",5,"FR",39,2,7,1,10,5,1,5,8,3,4,2,2
"7156",4,"FR",66,1,3,6,8,5,1,5,10,0,6,6,2
"7157",1,"FR",45,2,3,1,2,4,2,4,8,4,3,3,3
"7158",4,"FR",50,2,7,1,9,5,2,4,8,3,3,4,2
"7159",1,"GB",68,2,4,6,6,5,1,3,10,7,1,5,2
"7160",6,"GB",90,2,5,6,3,5,1,4,8,2,4,5,3
"7161",6,"GB",58,2,1,5,77,5,4,1,0,99,3,0,9
"7162",5,"GB",65,2,5,6,9,5,1,4,8,0,6,5,3
"7163",4,"GB",43,2,4,2,4,5,3,3,6,99,4,2,9
"7164",1,"GB",69,1,6,6,9,5,1,4,7,7,4,5,2
"7165",4,"GB",32,1,6,1,9,5,1,4,7,8,3,4,3
"7166",2,"GB",54,1,3,1,2,5,2,3,8,9,4,4,4
"7167",5,"GB",59,1,2,1,10,5,1,3,5,8,1,3,3
"7168",4,"GB",71,2,5,6,6,5,2,2,5,7,3,4,3
"7169",4,"GB",54,2,7,1,5,5,2,2,5,2,4,4,5
"7170",4,"GB",37,2,5,1,8,5,1,2,5,5,3,3,5
"7171",4,"GB",60,1,7,1,77,5,1,5,10,0,4,4,1
"7172",4,"GB",63,2,3,8,2,4,1,3,0,5,3,99,3
"7173",4,"GB",31,2,6,1,3,5,1,4,7,9,4,6,5
"7174",1,"GB",68,1,2,6,2,5,1,4,8,10,99,99,3
"7175",4,"GB",68,1,5,1,7,5,1,2,5,2,3,5,9
"7176",5,"GB",999,1,2,1,77,5,2,3,5,8,4,4,3
"7177",4,"GB",45,1,55,1,10,5,1,3,7,0,2,2,5
"7178",4,"GB",57,2,2,1,6,5,3,5,9,6,3,99,3
"7179",6,"GB",84,2,5,6,77,5,1,3,5,4,3,2,3
"7180",2,"GB",35,1,4,1,77,5,2,3,6,3,5,6,3
"7181",4,"GB",48,2,4,1,8,5,2,4,7,8,3,4,3
"7182",1,"GB",65,2,55,6,8,5,1,5,10,0,4,5,5
"7183",3,"GB",34,1,6,1,88,5,2,5,10,6,4,2,1
"7184",4,"GB",43,2,6,1,10,5,1,4,6,5,4,5,2
"7185",1,"GB",43,1,2,1,10,5,2,3,5,6,1,4,4
"7186",1,"GB",62,1,2,4,1,4,2,3,7,7,4,5,3
"7187",1,"GB",56,2,5,1,5,5,2,3,10,5,4,4,3
"7188",4,"GB",37,2,5,1,77,5,2,3,1,99,99,99,3
"7189",4,"GB",81,1,1,6,77,4,1,3,7,7,5,5,3
"7190",4,"GB",81,2,55,6,6,4,1,3,7,5,3,3,3
"7191",7,"GB",57,1,5,5,2,5,4,5,10,0,4,0,3
"7192",1,"GB",66,2,7,1,3,5,1,4,7,6,5,5,3
"7193",5,"GB",79,1,7,6,8,5,2,2,6,9,3,5,3
"7194",1,"GB",53,1,6,1,8,5,2,3,4,8,4,5,3
"7195",4,"GB",72,2,4,1,4,5,2,3,7,5,3,4,3
"7196",5,"GB",73,1,6,6,9,4,1,4,8,8,99,99,2
"7197",6,"GB",55,2,7,1,2,5,2,3,5,8,4,5,4
"7198",4,"GB",61,1,4,1,5,5,2,3,7,7,5,5,2
"7199",5,"GB",51,1,7,1,4,5,2,5,2,5,4,4,2
"7200",4,"GB",54,1,6,1,9,5,1,3,7,6,3,2,4
"7201",4,"GB",79,1,6,6,7,5,1,4,8,99,4,5,2
"7202",4,"GB",63,1,2,1,9,5,3,2,0,10,0,6,2
"7203",4,"GB",28,1,4,1,9,5,1,5,5,7,5,3,2
"7204",4,"GB",70,1,4,6,4,3,2,3,5,6,3,3,2
"7205",4,"GB",66,1,3,6,6,5,1,4,8,6,99,99,2
"7206",4,"GB",46,1,6,1,4,5,1,2,5,8,2,1,5
"7207",4,"GB",34,1,6,1,6,5,2,5,10,8,1,4,2
"7208",4,"GB",80,2,1,6,77,1,2,2,4,7,99,99,3
"7209",4,"GB",84,2,5,6,4,2,1,4,5,5,99,99,3
"7210",5,"GB",63,2,6,6,8,5,1,4,5,6,4,5,5
"7211",4,"GB",70,1,7,6,6,5,1,3,7,4,5,6,4
"7212",1,"GB",54,2,4,5,88,5,1,2,4,2,3,6,2
"7213",5,"GB",63,1,5,5,1,5,3,3,7,4,2,2,4
"7214",2,"GB",60,2,5,1,77,5,1,4,8,7,6,6,2
"7215",5,"GB",57,2,7,1,10,5,1,4,9,3,4,6,3
"7216",6,"GB",65,1,6,9,8,5,1,3,4,8,4,5,4
"7217",2,"GB",50,2,5,8,1,5,1,3,7,5,5,5,3
"7218",3,"GB",63,1,7,1,5,5,2,4,7,0,5,5,4
"7219",4,"GB",41,1,5,1,7,5,2,4,2,3,3,3,4
"7220",4,"GB",80,1,1,6,88,1,2,4,9,99,99,99,2
"7221",4,"GB",66,2,6,1,9,5,1,4,8,7,5,6,2
"7222",4,"GB",50,1,7,1,77,5,1,3,9,7,4,5,4
"7223",1,"GB",90,1,1,6,2,1,3,4,8,1,99,99,3
"7224",4,"GB",63,2,2,1,4,4,1,3,5,7,4,4,3
"7225",4,"GB",60,1,5,1,9,5,2,2,0,7,3,2,4
"7226",3,"GB",41,2,5,8,9,5,2,3,5,8,99,99,4
"7227",1,"GB",45,2,5,1,9,5,3,3,8,0,5,3,3
"7228",4,"GB",54,1,7,1,3,5,1,1,0,9,5,5,5
"7229",3,"GB",47,2,6,1,77,5,2,3,7,5,2,3,4
"7230",5,"GB",70,2,7,6,4,4,1,3,7,7,4,5,3
"7231",4,"GB",32,1,3,1,4,5,2,2,0,5,4,3,4
"7232",4,"GB",62,1,6,1,10,5,1,3,6,8,5,6,3
"7233",3,"GB",58,2,2,5,2,5,2,5,7,10,0,0,4
"7234",3,"GB",51,1,4,1,8,5,1,3,8,10,3,4,3
"7235",4,"GB",84,2,5,6,6,5,1,4,8,9,2,5,3
"7236",4,"GB",70,2,7,1,6,5,1,3,8,4,5,5,3
"7237",3,"GB",53,2,2,1,2,5,3,5,10,6,5,5,3
"7238",6,"GB",73,1,3,6,4,5,2,2,9,5,2,1,4
"7239",4,"GB",72,1,5,6,1,5,3,5,8,5,4,3,3
"7240",4,"GB",74,2,6,6,4,5,1,3,7,3,3,4,2
"7241",4,"GB",76,1,2,6,2,5,1,3,7,8,5,6,3
"7242",1,"GB",40,2,2,5,77,5,3,3,5,5,3,1,5
"7243",3,"GB",56,1,7,1,10,5,1,5,6,7,6,5,2
"7244",4,"GB",32,2,4,1,88,5,2,2,5,0,1,0,5
"7245",3,"GB",78,1,3,6,4,1,3,5,10,8,99,99,2
"7246",6,"GB",69,1,4,1,7,5,1,3,6,5,4,3,5
"7247",6,"GB",82,1,1,6,4,5,2,1,5,1,1,3,4
"7248",1,"GB",48,2,7,1,77,5,1,2,3,3,6,5,4
"7249",4,"GB",63,2,4,8,8,5,1,5,8,8,6,6,5
"7250",9,"GB",59,1,6,4,2,2,1,4,9,7,99,99,3
"7251",4,"GB",82,1,4,6,77,5,1,5,4,5,99,99,5
"7252",4,"GB",41,2,6,1,9,5,2,1,5,10,4,6,5
"7253",4,"GB",78,1,6,6,5,5,1,4,5,8,6,6,3
"7254",4,"GB",69,2,5,6,6,5,1,2,5,3,3,5,4
"7255",4,"GB",69,1,6,6,88,5,2,3,8,7,4,5,3
"7256",5,"GB",49,1,5,1,7,5,1,3,7,7,4,4,3
"7257",1,"GB",37,2,4,1,1,5,1,1,3,5,4,2,2
"7258",6,"GB",83,1,2,6,3,1,1,1,0,99,99,99,2
"7259",4,"GB",86,1,1,6,88,1,2,4,9,7,99,99,3
"7260",4,"GB",86,1,5,6,6,2,1,4,4,4,4,4,2
"7261",4,"GB",79,1,1,6,88,1,3,5,10,10,99,99,4
"7262",4,"GB",50,2,2,1,5,5,3,3,9,8,5,4,4
"7263",3,"GB",73,2,4,6,1,3,2,2,5,5,3,5,2
"7264",4,"GB",72,1,1,1,6,1,1,3,8,10,99,99,3
"7265",1,"GB",72,2,5,6,6,5,2,5,8,5,6,5,2
"7266",3,"GB",34,1,7,1,10,5,1,4,7,4,6,4,5
"7267",4,"GB",69,2,7,6,3,4,2,3,5,7,4,4,3
"7268",4,"GB",68,2,2,1,9,5,1,3,5,0,4,4,3
"7269",7,"GB",47,1,1,5,2,5,2,5,3,5,4,2,4
"7270",4,"GB",75,1,3,6,2,5,1,3,7,3,3,4,3
"7271",5,"GB",39,2,6,8,10,5,1,4,8,5,4,4,3
"7272",4,"GB",46,1,2,1,4,5,2,1,0,0,0,0,5
"7273",3,"GB",79,2,6,6,4,5,1,3,9,9,4,5,3
"7274",3,"GB",80,1,7,6,4,4,1,3,9,8,99,99,3
"7275",1,"GB",66,2,1,1,2,5,2,5,10,10,6,6,5
"7276",1,"GB",52,2,7,1,10,5,1,4,8,8,6,4,2
"7277",5,"GB",64,2,2,5,88,5,2,2,5,9,3,5,3
"7278",4,"GB",48,1,4,1,10,5,2,3,5,5,2,4,4
"7279",6,"GB",49,2,6,1,9,5,1,4,8,5,3,6,2
"7280",4,"GB",44,2,6,1,6,5,2,4,10,3,5,5,2
"7281",4,"GB",82,1,4,6,5,5,1,4,9,7,4,6,2
"7282",4,"GB",32,2,7,1,6,5,3,3,5,5,2,3,5
"7283",3,"GB",60,1,6,1,5,5,1,3,8,8,4,6,1
"7284",6,"GB",46,1,6,8,7,5,1,3,6,5,4,5,3
"7285",4,"GB",61,2,7,1,10,5,1,3,7,7,3,4,2
"7286",7,"GB",83,2,1,6,2,1,2,4,10,4,99,99,4
"7287",4,"GB",84,1,1,6,77,3,1,3,6,7,4,5,3
"7288",4,"GB",65,2,6,1,3,5,2,4,7,3,2,3,3
"7289",4,"GB",999,2,7,1,77,4,1,4,3,3,4,3,3
"7290",1,"GB",72,2,7,6,7,5,1,4,7,2,5,4,3
"7291",4,"GB",50,1,6,1,88,5,2,3,7,8,0,4,3
"7292",3,"GB",46,2,7,1,8,5,1,4,8,10,5,6,2
"7293",4,"GB",69,2,5,6,6,4,1,4,5,10,4,3,3
"7294",4,"GB",49,2,2,1,7,5,1,3,7,0,3,5,4
"7295",1,"GB",79,1,55,6,10,5,2,4,8,5,5,5,4
"7296",3,"GB",50,1,7,1,6,5,1,3,3,0,2,3,3
"7297",6,"GB",46,1,2,1,6,5,2,2,7,2,3,2,2
"7298",5,"GB",47,1,7,1,10,5,1,4,8,6,4,4,3
"7299",1,"GB",48,1,6,1,77,5,1,4,6,5,2,4,2
"7300",3,"GB",59,1,1,1,3,5,3,4,7,8,5,3,3
"7301",1,"GB",39,2,6,1,8,5,1,4,7,6,5,3,4
"7302",4,"GB",45,1,7,1,8,5,1,4,8,3,5,5,4
"7303",6,"GB",75,1,2,6,77,5,1,1,99,5,1,2,2
"7304",1,"GB",72,2,2,6,88,5,4,4,8,6,4,4,3
"7305",1,"GB",70,2,4,6,6,5,1,4,7,8,99,99,3
"7306",4,"GB",78,1,7,6,10,5,1,2,4,6,3,1,4
"7307",4,"GB",50,1,5,1,77,5,3,3,5,2,1,3,5
"7308",4,"GB",83,2,4,6,2,5,2,2,5,5,3,5,3
"7309",1,"GB",74,2,2,6,77,5,2,1,0,99,4,5,3
"7310",4,"GB",31,1,7,1,9,5,1,4,4,5,3,6,1
"7311",1,"GB",44,1,5,1,7,5,1,4,6,5,2,3,4
"7312",4,"GB",54,2,5,1,5,5,2,4,10,6,4,4,4
"7313",4,"GB",66,1,88,6,10,5,1,3,5,8,4,6,9
"7314",4,"GB",80,1,6,6,8,5,1,4,7,3,3,5,4
"7315",4,"GB",65,2,2,1,4,3,2,3,5,6,3,4,3
"7316",4,"GB",71,1,3,6,77,5,1,5,10,7,5,6,1
"7317",5,"GB",79,1,3,6,3,4,1,3,5,10,2,6,9
"7318",5,"GB",45,1,6,1,9,5,1,3,7,6,2,3,2
"7319",4,"GB",56,1,5,1,5,5,1,4,6,2,4,3,4
"7320",2,"GB",43,1,5,1,6,5,2,3,7,2,3,3,3
"7321",1,"GB",71,2,6,1,4,5,1,5,10,0,6,6,2
"7322",4,"GB",53,2,4,1,4,5,4,1,0,4,4,5,4
"7323",1,"GB",78,2,6,6,4,4,2,5,8,0,4,5,3
"7324",4,"GB",71,2,5,6,1,2,1,2,10,9,5,3,3
"7325",3,"GB",55,2,3,1,2,5,2,4,8,0,3,0,5
"7326",4,"GB",66,1,7,4,77,5,2,5,7,2,5,6,3
"7327",5,"GB",72,1,2,6,5,2,1,2,3,4,99,99,3
"7328",4,"GB",78,1,6,6,7,5,1,4,9,8,4,5,1
"7329",1,"GB",50,2,2,1,4,5,2,3,7,4,3,3,3
"7330",6,"GB",26,1,2,5,1,5,2,2,2,5,1,1,4
"7331",1,"GB",72,1,2,6,4,5,1,4,8,8,4,6,2
"7332",6,"GB",53,2,1,5,2,5,3,3,6,3,3,0,5
"7333",4,"GB",68,1,5,9,2,5,2,3,5,5,3,3,2
"7334",1,"GB",51,1,5,1,8,4,1,3,9,6,4,3,3
"7335",4,"GB",54,1,6,1,9,4,1,5,10,9,4,4,3
"7336",4,"GB",81,2,6,6,9,5,1,3,5,5,5,5,3
"7337",4,"GB",47,2,6,1,8,5,1,4,6,3,4,4,4
"7338",3,"GB",55,1,7,1,9,5,4,3,6,8,3,3,3
"7339",4,"GB",53,2,7,1,6,5,3,4,10,5,4,5,3
"7340",3,"GB",53,1,3,5,1,5,4,3,6,99,3,2,4
"7341",4,"GB",999,2,77,1,77,5,1,4,8,5,2,5,2
"7342",9,"GB",81,2,3,6,3,2,2,3,8,10,99,99,4
"7343",3,"GB",68,2,4,6,2,5,2,3,7,1,3,5,2
"7344",4,"GB",58,1,2,1,4,5,3,4,6,3,5,1,3
"7345",9,"GB",86,2,1,6,77,1,1,2,3,8,99,99,3
"7346",4,"GB",85,2,4,6,8,5,2,3,7,5,0,5,3
"7347",4,"GB",34,1,2,1,10,5,1,3,5,8,4,5,5
"7348",7,"GB",31,1,1,8,77,5,1,5,8,8,6,6,9
"7349",4,"GB",26,2,2,1,7,4,3,3,9,3,2,1,3
"7350",5,"GB",38,2,7,1,9,5,2,5,8,4,6,5,3
"7351",1,"GB",27,1,6,1,2,5,1,4,5,5,3,3,4
"7352",3,"GB",74,1,55,6,9,5,1,3,7,7,3,4,3
"7353",3,"GB",53,1,2,1,7,4,2,3,5,6,3,3,3
"7354",4,"GB",57,1,6,1,9,5,1,5,8,4,5,4,3
"7355",5,"GB",48,2,7,8,7,5,2,1,0,0,5,5,3
"7356",4,"GB",73,1,5,6,8,5,1,4,5,10,4,4,3
"7357",4,"GB",82,1,4,6,4,5,1,4,7,5,4,3,3
"7358",1,"GB",46,1,6,1,10,5,1,3,7,8,2,3,3
"7359",3,"GB",67,2,5,6,10,5,1,4,8,10,6,2,3
"7360",4,"GB",35,1,5,1,5,5,2,3,7,1,3,4,4
"7361",4,"GB",30,2,6,1,5,5,1,3,5,5,3,4,2
"7362",4,"GB",87,1,3,6,3,5,1,2,2,6,4,5,3
"7363",1,"GB",47,1,2,1,6,5,1,3,6,5,4,3,2
"7364",4,"GB",38,1,6,1,5,5,1,4,6,4,3,3,2
"7365",4,"GB",82,2,1,9,3,1,2,3,7,3,99,99,3
"7366",1,"GB",77,2,6,6,2,5,2,1,3,6,99,99,2
"7367",2,"GB",76,1,7,6,6,5,1,3,7,3,5,6,2
"7368",5,"GB",46,1,4,1,8,5,1,3,8,99,2,6,2
"7369",2,"GB",50,1,7,1,10,5,1,4,7,0,2,2,5
"7370",4,"GB",82,2,3,6,9,5,1,3,5,8,6,4,1
"7371",1,"GB",75,2,7,6,6,5,1,5,8,9,5,5,2
"7372",4,"GB",68,2,1,6,8,5,3,3,10,0,5,5,3
"7373",4,"GB",34,2,3,1,5,5,3,3,5,5,5,2,3
"7374",4,"GB",58,2,6,6,10,5,1,3,8,7,3,5,2
"7375",1,"GB",70,2,5,6,2,5,2,4,10,5,4,6,3
"7376",4,"GB",68,2,7,6,77,5,1,4,7,5,2,4,2
"7377",6,"GB",31,2,4,1,6,5,4,2,5,5,3,3,5
"7378",7,"GB",82,2,3,6,3,5,1,4,8,99,5,4,2
"7379",4,"GB",72,2,3,6,5,5,1,3,8,5,4,4,3
"7380",6,"GB",37,1,6,1,4,5,1,2,4,2,2,3,3
"7381",4,"GB",51,2,7,1,10,5,1,4,7,7,5,5,2
"7382",4,"GB",67,2,7,6,2,5,3,3,7,6,4,3,3
"7383",4,"GB",78,2,2,8,77,5,1,3,6,5,99,99,3
"7384",1,"GB",70,2,4,1,6,5,1,2,3,1,4,0,4
"7385",4,"GB",50,2,6,1,4,5,2,3,8,3,5,4,3
"7386",6,"GB",63,1,2,5,1,4,2,5,10,99,4,0,4
"7387",3,"GB",28,1,7,1,8,5,2,4,7,8,4,3,2
"7388",1,"GB",72,2,1,6,1,5,1,3,5,7,4,4,2
"7389",5,"GB",76,1,6,6,8,5,1,3,8,6,5,5,3
"7390",3,"GB",64,2,1,1,4,5,1,3,6,1,2,3,4
"7391",6,"GB",48,1,7,1,8,5,2,5,9,3,2,4,3
"7392",3,"GB",999,2,4,4,77,4,4,3,6,7,3,4,2
"7393",4,"GB",82,2,4,6,2,2,2,3,7,5,99,99,3
"7394",4,"GB",62,2,2,1,77,5,1,2,2,2,5,4,4
"7395",4,"GB",57,1,5,1,9,5,1,4,8,9,5,5,2
"7396",4,"GB",39,1,5,1,5,5,2,3,5,5,3,3,3
"7397",3,"GB",63,1,2,4,1,5,4,3,5,2,2,2,4
"7398",1,"GB",50,2,7,1,8,5,1,4,7,7,3,5,2
"7399",4,"GB",65,1,5,6,4,5,2,3,7,8,5,5,3
"7400",3,"GB",54,2,3,1,8,5,1,3,5,0,6,0,5
"7401",3,"GB",66,2,7,5,1,5,3,5,10,99,99,99,2
"7402",3,"GB",41,1,2,5,77,5,3,3,7,10,3,3,3
"7403",3,"GB",75,1,5,6,77,4,1,4,5,8,3,5,3
"7404",4,"GB",78,1,5,6,2,1,2,2,5,6,99,99,2
"7405",1,"GB",49,2,7,1,8,5,1,5,10,8,2,4,4
"7406",4,"GB",46,2,7,1,9,5,1,4,6,5,4,3,4
"7407",1,"GB",45,2,6,1,7,5,1,4,7,7,5,4,3
"7408",4,"GB",70,1,4,6,4,3,1,2,5,8,5,5,2
"7409",1,"GB",27,2,6,1,88,5,3,5,10,4,5,4,2
"7410",6,"GB",81,1,1,6,1,1,1,3,5,5,99,99,3
"7411",1,"GB",35,1,4,1,10,5,2,4,10,0,3,5,5
"7412",1,"GB",78,2,1,6,88,5,1,3,9,7,4,6,3
"7413",5,"GB",71,2,4,6,8,5,2,3,7,8,5,5,3
"7414",1,"GB",61,1,5,1,7,5,1,3,4,0,2,5,4
"7415",4,"GB",64,2,5,3,4,5,3,3,7,2,2,4,4
"7416",1,"GB",69,1,7,6,6,4,1,3,5,7,3,6,2
"7417",4,"GB",74,1,2,6,3,5,2,5,8,8,5,6,9
"7418",1,"GB",34,1,6,1,8,5,1,4,6,4,6,5,2
"7419",4,"GB",35,2,6,1,5,5,1,5,7,3,6,4,2
"7420",4,"GB",33,1,6,1,77,5,2,2,0,5,3,5,2
"7421",1,"GB",33,1,7,1,7,5,2,4,7,1,2,3,3
"7422",1,"GB",45,1,6,1,3,4,2,4,8,7,4,3,3
"7423",4,"GB",63,1,6,6,7,5,2,4,6,3,3,5,2
"7424",5,"GB",70,2,5,6,4,5,1,4,6,3,4,5,3
"7425",4,"GB",65,2,5,6,77,5,2,3,8,6,99,99,2
"7426",1,"GB",53,1,2,1,8,5,1,4,7,5,3,5,1
"7427",6,"GB",49,1,6,1,8,5,1,5,10,0,4,2,3
"7428",3,"GB",37,2,6,1,8,5,1,3,6,5,4,5,3
"7429",4,"GB",34,1,7,1,4,5,2,3,5,6,2,4,3
"7430",5,"GB",43,1,5,1,9,5,1,2,2,4,4,5,3
"7431",4,"GB",49,1,3,1,6,5,2,3,7,5,0,2,1
"7432",1,"GB",40,1,7,1,8,5,1,4,2,1,2,5,5
"7433",4,"GB",67,2,4,1,88,5,2,3,5,3,2,2,4
"7434",4,"GB",70,1,2,6,2,5,2,3,5,7,3,4,4
"7435",1,"GB",63,1,2,1,6,5,2,3,8,8,4,3,3
"7436",4,"GB",77,2,2,6,3,5,2,3,8,10,3,4,2
"7437",1,"GB",57,1,6,1,10,5,1,3,7,0,3,4,2
"7438",5,"GB",60,2,2,6,6,4,1,3,6,8,3,4,3
"7439",1,"GB",84,2,4,6,7,4,1,3,8,99,6,6,2
"7440",4,"GB",73,1,3,6,2,5,3,3,7,5,5,5,3
"7441",4,"GB",50,1,5,1,9,5,2,3,8,5,4,5,4
"7442",4,"GB",42,1,7,1,5,5,1,3,8,8,2,5,3
"7443",4,"GB",70,2,4,6,3,4,2,2,6,8,5,6,3
"7444",4,"GB",80,2,4,1,77,5,1,4,7,7,3,2,4
"7445",4,"GB",70,2,3,6,6,5,2,3,7,1,1,5,4
"7446",1,"GB",24,1,4,3,88,5,2,3,5,7,2,99,9
"7447",4,"GB",72,2,5,6,3,5,1,5,10,4,5,4,3
"7448",4,"GB",75,1,4,1,6,5,2,9,99,0,99,99,5
"7449",4,"GB",68,2,3,1,3,5,1,2,6,0,1,6,3
"7450",6,"GB",55,2,3,5,77,5,1,4,9,3,3,5,4
"7451",7,"GB",79,2,2,8,3,5,1,4,10,4,3,5,4
"7452",4,"GB",55,1,1,1,4,5,1,3,7,3,5,0,3
"7453",1,"GB",74,2,7,6,6,5,1,3,8,8,5,5,9
"7454",1,"GB",55,2,5,1,7,5,2,3,7,8,4,5,3
"7455",4,"GB",27,2,6,1,6,5,1,3,7,4,3,4,3
"7456",4,"GB",66,1,1,1,5,3,2,3,5,4,99,99,4
"7457",1,"GB",70,2,4,6,4,5,2,3,6,7,3,4,2
"7458",1,"GB",57,1,7,1,77,5,1,3,5,6,4,4,3
"7459",4,"GB",50,2,6,1,6,5,2,3,2,7,2,0,3
"7460",4,"GB",66,2,6,1,3,5,1,4,9,8,5,5,3
"7461",4,"GB",67,1,5,1,6,5,2,1,0,4,3,1,3
"7462",4,"GB",72,1,5,6,88,5,2,2,0,6,99,99,5
"7463",4,"GB",76,1,1,6,2,3,2,2,10,4,2,4,4
"7464",3,"GB",78,2,1,6,88,2,4,3,4,5,4,1,5
"7465",4,"GB",40,2,4,1,8,5,3,5,10,4,6,5,4
"7466",1,"GB",59,1,2,6,1,5,2,2,10,8,0,3,3
"7467",4,"GB",73,1,5,6,3,4,1,3,8,4,4,3,4
"7468",7,"GB",56,1,1,5,77,5,1,3,3,8,99,99,3
"7469",2,"GB",45,1,7,3,9,5,2,3,6,7,6,5,2
"7470",4,"GB",75,2,1,6,88,5,1,3,5,5,99,99,4
"7471",4,"GB",41,2,7,1,9,5,3,3,6,5,4,4,3
"7472",4,"GB",78,1,2,6,3,3,1,3,6,7,4,4,4
"7473",6,"GB",66,2,5,4,1,5,4,2,3,8,3,5,4
"7474",1,"GB",78,1,6,6,5,5,1,3,10,6,4,5,2
"7475",6,"GB",67,2,3,6,2,5,2,4,9,3,5,6,3
"7476",5,"GB",63,2,7,6,8,5,1,4,8,9,3,5,2
"7477",4,"GB",73,1,6,6,77,3,1,4,8,2,4,5,3
"7478",3,"GB",24,2,4,1,9,5,3,4,3,3,3,1,4
"7479",4,"GB",81,1,55,6,3,3,1,2,5,1,2,5,3
"7480",1,"GB",69,1,7,6,7,5,1,3,7,3,99,99,3
"7481",4,"GB",74,2,7,1,77,5,1,3,5,8,4,5,3
"7482",1,"GB",55,1,7,1,6,5,1,2,3,5,4,4,3
"7483",4,"GB",63,2,5,1,8,5,1,4,8,6,3,4,4
"7484",4,"GB",38,2,2,4,2,5,3,2,10,8,3,0,5
"7485",4,"GB",66,1,6,1,8,5,2,2,4,3,4,5,3
"7486",3,"GB",56,2,5,1,10,5,1,5,7,4,3,4,3
"7487",6,"GB",43,2,2,9,88,5,3,4,1,8,99,99,9
"7488",4,"GB",50,2,7,1,8,5,2,4,9,0,6,5,2
"7489",9,"GB",73,2,1,6,10,4,3,4,6,7,99,99,3
"7490",4,"GB",35,2,6,1,8,5,1,3,5,5,2,4,3
"7491",1,"GB",27,2,6,1,77,5,1,4,5,8,2,4,3
"7492",4,"GB",40,2,6,1,9,5,1,4,10,3,3,6,3
"7493",1,"GB",71,1,3,1,6,5,1,3,7,7,3,4,3
"7494",5,"GB",43,1,5,1,9,5,1,3,3,4,4,4,3
"7495",4,"GB",35,1,6,1,9,5,1,4,6,3,4,4,3
"7496",5,"GB",52,2,6,1,77,5,1,3,6,5,4,4,3
"7497",5,"GB",43,2,6,1,2,5,2,2,3,2,4,6,5
"7498",4,"GB",68,1,1,6,4,1,1,2,3,5,99,99,4
"7499",4,"GB",44,2,6,1,7,5,1,3,7,6,3,2,9
"7500",4,"GB",80,1,55,6,2,4,1,3,5,5,1,1,4
"7501",4,"GB",83,2,2,6,77,5,2,3,5,8,5,4,5
"7502",1,"GB",61,2,4,1,88,5,2,4,8,0,6,2,4
"7503",4,"GB",23,2,88,1,10,5,1,3,7,0,99,99,9
"7504",1,"GB",74,2,7,6,9,5,1,5,9,4,99,99,3
"7505",4,"GB",999,1,77,88,88,5,1,3,5,2,3,3,3
"7506",1,"GB",56,2,6,6,10,4,1,4,8,5,3,4,3
"7507",1,"GB",76,2,5,9,1,5,3,4,10,10,5,3,2
"7508",3,"GB",51,1,1,4,77,1,2,2,3,5,99,99,3
"7509",4,"GB",36,1,6,1,5,5,1,5,7,7,5,3,4
"7510",4,"GB",55,1,5,1,10,5,1,3,9,99,2,1,3
"7511",5,"GB",49,2,6,8,7,5,2,4,8,5,3,5,2
"7512",1,"GB",77,1,7,6,4,5,2,4,9,8,3,4,2
"7513",4,"GB",58,2,6,6,1,4,2,3,7,10,4,6,3
"7514",4,"GB",51,2,5,1,8,5,4,3,5,4,2,4,4
"7515",1,"GB",70,2,7,6,4,5,3,4,8,6,99,99,3
"7516",3,"GB",38,1,6,1,77,5,3,3,3,4,5,5,4
"7517",5,"GB",70,1,7,6,10,5,1,3,8,9,4,5,3
"7518",4,"GB",50,2,2,1,2,5,3,4,10,5,3,2,3
"7519",4,"GB",34,1,3,1,9,5,1,2,3,2,4,4,4
"7520",1,"GB",74,1,1,6,1,5,2,5,9,8,5,5,1
"7521",4,"GB",53,1,2,1,3,5,2,3,5,4,4,2,3
"7522",2,"GB",61,2,7,1,8,5,2,5,10,0,4,99,3
"7523",2,"GB",32,2,6,1,10,5,1,4,7,6,2,4,3
"7524",1,"GB",56,2,4,77,1,5,4,3,5,5,5,2,4
"7525",1,"GB",74,2,4,6,1,5,3,2,2,3,3,4,4
"7526",6,"GB",58,1,2,1,10,4,2,3,7,7,4,4,3
"7527",4,"GB",84,2,2,6,1,3,2,3,99,99,99,99,3
"7528",3,"GB",74,2,2,6,2,4,1,3,9,10,6,6,3
"7529",4,"GB",49,2,7,1,7,5,2,3,7,5,4,5,2
"7530",4,"GB",53,2,6,1,5,5,2,5,10,2,4,5,2
"7531",4,"GB",49,1,7,1,10,5,1,4,6,5,99,99,5
"7532",2,"GB",81,1,7,6,7,5,1,3,3,4,3,4,2
"7533",1,"GB",73,2,5,6,1,2,2,3,6,6,4,4,3
"7534",4,"GB",60,2,6,1,1,5,2,3,7,3,4,1,3
"7535",3,"GB",79,1,1,6,3,5,2,3,7,10,3,4,1
"7536",4,"GB",74,1,2,6,4,4,2,3,7,3,3,5,3
"7537",1,"GB",60,2,5,1,6,5,1,5,10,8,5,4,2
"7538",4,"GB",48,2,4,1,5,5,3,3,8,0,4,4,4
"7539",4,"GB",70,2,5,6,88,3,1,3,8,7,4,5,3
"7540",1,"GB",58,1,4,5,88,5,1,3,8,9,4,5,3
"7541",2,"GB",54,1,4,1,5,5,2,3,5,10,4,5,5
"7542",4,"GB",77,1,7,6,2,5,2,4,9,7,6,4,2
"7543",1,"GB",38,1,7,1,10,5,1,3,8,7,5,4,2
"7544",6,"GB",78,2,5,6,8,5,1,2,5,8,6,5,3
"7545",4,"GB",58,1,5,1,88,5,2,4,5,7,5,5,3
"7546",1,"GB",63,2,7,1,8,5,1,4,8,8,3,5,2
"7547",1,"GB",62,1,4,8,3,5,1,3,5,5,3,3,3
"7548",4,"GB",77,1,1,6,7,4,2,3,5,2,4,2,4
"7549",4,"GB",51,1,6,1,77,5,1,3,5,1,5,4,5
"7550",1,"GB",57,1,7,1,7,5,1,2,3,6,5,4,3
"7551",4,"GB",47,1,6,5,1,5,4,2,7,8,3,5,3
"7552",4,"GB",64,2,6,6,10,5,1,1,3,5,5,6,2
"7553",1,"GB",34,1,2,1,3,5,1,4,8,5,4,5,1
"7554",3,"GB",45,2,7,1,9,5,1,5,8,4,2,5,2
"7555",4,"GB",62,2,4,1,3,5,1,3,6,4,1,5,3
"7556",1,"GB",43,2,7,1,9,5,2,3,4,2,4,4,2
"7557",1,"GB",35,2,6,9,5,5,2,5,5,5,4,5,3
"7558",7,"GB",999,2,2,1,7,2,3,5,10,0,99,99,1
"7559",5,"GB",78,1,1,6,77,5,3,4,10,8,4,4,3
"7560",5,"GB",50,2,6,1,77,5,1,3,5,2,99,99,4
"7561",1,"GB",48,2,7,5,77,5,3,3,5,8,1,1,4
"7562",3,"GB",26,1,6,1,77,5,7,4,8,6,99,99,9
"7563",4,"GB",39,1,5,1,8,5,2,2,6,3,2,4,3
"7564",4,"GB",62,2,2,1,5,5,2,2,0,6,4,2,3
"7565",1,"GB",57,2,5,1,1,5,2,4,8,0,3,0,5
"7566",1,"GB",39,2,7,1,10,5,1,3,8,7,5,4,3
"7567",5,"GB",64,2,6,6,10,5,1,4,6,4,3,5,4
"7568",1,"GB",52,2,4,1,8,5,1,3,8,5,3,5,3
"7569",4,"GB",71,2,1,6,77,5,2,1,0,0,0,3,2
"7570",5,"GB",70,1,4,6,6,5,1,2,3,6,6,6,4
"7571",4,"GB",21,1,4,1,6,5,3,3,3,6,2,3,2
"7572",4,"GB",33,2,4,1,3,5,3,3,5,1,4,1,5
"7573",1,"GB",26,2,5,1,3,5,3,2,3,3,0,0,5
"7574",1,"GB",55,2,4,1,77,5,1,1,6,0,1,5,2
"7575",4,"GB",63,2,55,1,2,4,2,4,7,2,4,4,3
"7576",5,"GB",77,1,6,6,2,5,1,3,8,3,99,99,3
"7577",2,"GB",54,2,7,1,3,5,2,5,8,0,5,0,1
"7578",4,"GB",32,1,6,1,10,5,1,1,0,10,4,5,4
"7579",6,"GB",58,1,7,1,9,5,1,4,10,7,4,2,4
"7580",5,"GB",51,1,7,1,10,5,1,5,3,3,1,4,4
"7581",4,"GB",24,1,4,1,10,5,1,2,6,5,4,4,3
"7582",1,"GB",77,1,1,6,2,4,1,2,0,8,3,3,4
"7583",1,"GB",67,2,7,1,3,5,1,3,7,3,4,5,3
"7584",4,"GB",52,1,4,1,8,5,2,2,3,2,5,4,4
"7585",1,"GB",64,2,6,5,1,5,3,4,7,4,5,2,4
"7586",4,"GB",69,1,6,1,2,5,3,1,0,3,2,0,4
"7587",5,"GB",52,2,2,1,88,5,1,3,6,6,3,5,3
"7588",4,"GB",64,2,2,1,4,5,1,2,5,4,3,2,4
"7589",4,"GB",75,2,2,6,2,5,2,3,6,2,2,3,4
"7590",4,"GB",47,2,7,1,3,5,2,5,9,1,3,3,3
"7591",4,"GB",69,2,2,6,77,1,1,3,6,3,99,99,3
"7592",4,"GB",66,1,6,6,6,5,2,1,0,99,3,5,5
"7593",6,"GB",61,1,6,8,6,5,3,5,5,2,99,99,1
"7594",1,"GB",42,2,7,1,10,5,2,5,10,8,5,3,2
"7595",4,"GB",69,2,1,6,4,4,2,4,9,9,5,1,4
"7596",1,"GB",78,1,2,6,5,5,1,4,8,8,2,4,2
"7597",4,"GB",36,2,3,2,2,5,1,3,7,3,2,5,5
"7598",4,"GB",38,2,6,1,3,5,2,4,8,2,3,5,2
"7599",1,"GB",71,1,2,6,88,5,2,4,10,10,3,5,2
"7600",4,"GB",31,2,7,1,77,5,1,3,6,7,3,5,3
"7601",5,"GB",27,2,2,3,4,5,3,4,7,5,2,3,4
"7602",3,"GB",78,1,1,6,2,4,1,3,6,3,3,5,3
"7603",4,"GB",79,1,3,6,10,2,1,3,4,6,99,99,3
"7604",5,"GB",68,2,2,6,5,5,2,3,5,5,0,4,3
"7605",3,"GB",58,1,2,1,9,5,1,3,7,2,3,5,4
"7606",1,"GB",55,2,4,1,88,4,2,3,6,10,5,6,3
"7607",4,"GB",47,1,4,1,9,5,2,3,2,99,5,4,4
"7608",4,"GB",71,2,1,6,77,4,1,3,8,10,4,5,4
"7609",4,"GB",25,2,7,9,88,5,1,3,6,8,4,4,2
"7610",5,"GB",36,1,7,1,9,5,1,5,10,3,4,4,1
"7611",1,"GB",49,2,7,1,9,4,1,3,6,10,6,6,3
"7612",1,"GB",49,2,4,1,77,5,3,2,2,3,3,6,4
"7613",4,"GB",45,1,7,1,5,5,2,5,10,6,6,3,3
"7614",3,"GB",34,2,6,1,9,5,1,5,8,7,6,5,1
"7615",5,"GB",67,1,6,6,1,5,1,3,6,5,4,5,2
"7616",4,"GB",46,2,7,1,7,5,2,4,7,5,5,4,4
"7617",4,"GB",70,2,5,6,4,5,1,4,8,0,4,4,3
"7618",4,"GB",66,1,5,1,9,5,2,4,6,4,3,5,4
"7619",5,"GB",64,1,3,1,8,3,1,4,10,8,6,6,2
"7620",6,"GB",48,1,1,8,77,4,2,4,5,7,1,3,4
"7621",3,"GB",71,1,4,6,2,1,2,3,8,7,99,99,2
"7622",4,"GB",63,2,2,6,10,5,1,4,8,5,5,5,2
"7623",4,"GB",74,2,3,6,4,2,1,1,0,6,4,3,3
"7624",4,"GB",42,2,6,8,9,5,3,3,8,5,99,99,2
"7625",4,"GB",33,2,5,1,6,5,2,3,7,9,6,6,4
"7626",1,"GB",72,2,5,6,2,5,2,3,7,5,4,4,4
"7627",4,"GB",70,2,1,6,5,5,1,3,6,3,3,5,3
"7628",1,"GB",81,1,1,6,10,1,2,4,8,6,99,99,4
"7629",1,"GB",68,1,4,6,3,5,2,2,5,7,6,3,3
"7630",4,"GB",64,1,7,6,6,5,1,1,2,4,4,6,4
"7631",3,"GB",38,1,7,1,10,5,1,3,6,6,4,4,4
"7632",1,"GB",29,1,7,2,5,5,2,4,5,2,1,2,3
"7633",2,"GB",59,1,6,1,1,5,2,3,10,5,6,3,4
"7634",9,"GB",77,1,1,6,4,5,1,3,3,3,99,99,2
"7635",4,"GB",31,2,5,1,7,5,1,5,7,4,2,3,4
"7636",1,"GB",69,2,5,1,8,5,1,4,9,8,5,4,3
"7637",4,"GB",50,2,2,1,77,5,1,3,7,7,3,4,3
"7638",5,"GB",43,2,7,8,9,5,3,3,7,3,5,2,5
"7639",4,"GB",49,1,4,1,4,5,1,3,5,7,4,5,4
"7640",4,"GB",58,2,7,1,5,5,2,3,6,5,3,4,2
"7641",1,"GB",45,2,6,1,9,5,1,3,9,3,6,5,2
"7642",5,"GB",68,2,2,6,3,5,3,3,5,7,4,4,3
"7643",4,"GB",32,1,5,1,10,5,1,3,5,5,4,4,4
"7644",5,"GB",36,1,6,1,10,5,1,3,1,3,2,6,2
"7645",4,"GB",65,2,7,1,9,5,1,3,7,3,99,99,3
"7646",4,"GB",79,1,2,6,4,4,2,2,2,0,2,4,4
"7647",1,"GB",86,1,1,6,1,1,2,2,5,0,99,99,3
"7648",4,"GB",77,2,4,6,88,1,1,3,6,8,99,99,3
"7649",6,"GB",90,1,2,6,3,5,1,2,8,5,4,6,1
"7650",4,"GB",66,2,3,1,5,5,1,3,7,5,6,6,3
"7651",5,"GB",42,1,6,1,77,5,2,3,6,7,2,4,3
"7652",9,"GB",75,1,3,6,9,1,2,3,3,4,99,99,4
"7653",4,"GB",38,2,7,9,10,5,1,4,6,5,4,4,3
"7654",4,"GB",28,2,6,1,10,5,1,3,4,2,4,3,3
"7655",4,"GB",51,1,5,1,7,5,2,1,0,0,6,2,5
"7656",4,"GB",65,2,7,1,5,5,2,4,8,3,2,4,4
"7657",4,"GB",56,2,4,1,1,5,3,3,7,2,99,99,5
"7658",7,"GB",83,1,1,6,3,5,1,4,10,9,99,99,2
"7659",4,"GB",72,2,6,6,88,5,1,3,7,6,3,5,4
"7660",1,"GB",45,2,6,5,2,5,2,5,0,2,0,0,5
"7661",6,"GB",75,2,55,6,1,1,2,5,6,7,99,99,2
"7662",3,"GB",31,2,6,1,77,5,3,4,6,5,4,3,3
"7663",4,"GB",40,2,4,1,2,5,2,3,5,3,3,3,3
"7664",4,"GB",75,2,5,6,2,5,1,2,99,8,99,99,3
"7665",5,"GB",74,1,55,6,7,5,2,3,7,3,3,4,4
"7666",3,"GB",90,2,1,6,88,1,2,2,99,99,99,99,2
"7667",1,"GB",82,2,7,6,88,5,2,5,10,5,4,5,2
"7668",4,"GB",40,1,7,1,10,5,1,3,6,3,4,3,4
"7669",4,"GB",64,1,6,6,8,4,2,3,6,8,3,4,3
"7670",4,"GB",62,1,1,5,6,5,2,3,8,8,4,5,3
"7671",1,"GB",55,2,6,9,10,5,1,4,8,6,3,5,2
"7672",4,"GB",86,2,3,6,5,5,2,3,6,5,4,3,3
"7673",4,"GB",45,2,7,1,10,5,1,3,7,5,4,5,3
"7674",4,"GB",62,2,4,1,88,5,2,2,8,0,0,2,4
"7675",5,"GB",50,2,7,3,3,5,3,4,8,5,6,4,5
"7676",4,"GB",72,2,1,6,7,1,1,3,6,9,99,99,3
"7677",4,"GB",82,1,5,6,2,5,3,2,5,7,2,2,3
"7678",5,"GB",72,1,7,6,5,5,1,4,8,4,5,6,1
"7679",4,"GB",28,2,6,1,4,5,2,4,7,4,4,2,2
"7680",4,"GB",36,1,4,1,6,5,2,3,6,0,3,2,4
"7681",4,"GB",67,2,5,1,4,4,2,4,10,4,4,4,3
"7682",1,"GB",64,1,3,6,6,4,1,2,9,6,5,5,4
"7683",4,"GB",76,1,7,6,77,5,1,3,5,6,4,5,2
"7684",4,"GB",83,1,3,6,4,2,1,3,8,99,99,99,2
"7685",1,"GB",57,2,5,1,4,4,2,3,5,3,3,2,4
"7686",1,"GB",63,2,5,9,10,5,2,3,10,7,5,5,3
"7687",3,"GB",36,1,4,1,2,5,2,4,3,4,5,4,1
"7688",4,"GB",57,1,6,1,4,5,2,2,2,2,3,5,5
"7689",4,"GB",34,1,6,1,6,5,2,4,7,4,3,2,3
"7690",4,"GB",48,2,6,1,7,5,2,5,10,6,2,4,3
"7691",4,"GB",62,1,5,4,2,5,1,3,5,10,3,4,4
"7692",4,"GB",74,2,6,6,5,5,1,3,6,3,99,99,3
"7693",4,"GB",75,1,7,6,7,4,1,2,1,3,4,5,4
"7694",4,"GB",55,2,3,1,77,5,2,3,5,3,99,99,3
"7695",4,"GB",53,2,6,1,8,5,2,3,4,5,2,3,3
"7696",1,"GB",37,2,4,1,7,5,1,4,9,5,4,5,3
"7697",4,"GB",65,2,2,1,3,5,2,3,4,7,5,4,3
"7698",9,"GB",70,1,3,6,3,5,3,2,5,5,5,0,3
"7699",3,"GB",67,2,1,1,2,3,2,2,5,6,4,3,3
"7700",4,"GB",80,1,3,6,1,1,1,1,2,8,99,99,4
"7701",4,"GB",62,1,1,1,3,5,1,4,7,5,3,5,4
"7702",1,"GB",69,1,1,6,3,5,1,4,10,10,6,6,3
"7703",4,"GB",73,2,5,6,77,5,3,4,6,9,1,5,4
"7704",4,"GB",73,2,3,6,5,5,1,2,7,3,3,2,5
"7705",4,"GB",50,1,4,5,2,5,3,3,3,0,99,99,4
"7706",5,"GB",78,1,6,6,3,5,1,3,3,3,4,5,3
"7707",1,"GB",47,2,7,1,10,5,1,5,7,2,5,4,1
"7708",4,"GB",47,1,6,1,8,5,1,2,5,3,2,3,3
"7709",1,"GB",83,2,1,6,1,5,2,5,10,2,99,99,3
"7710",4,"GB",51,1,6,1,10,5,1,1,0,5,5,6,1
"7711",9,"GB",74,2,5,6,77,5,1,4,99,4,99,99,3
"7712",1,"GB",55,2,7,8,3,5,1,5,10,5,2,2,3
"7713",4,"GB",65,1,5,1,10,5,2,4,7,5,3,4,3
"7714",1,"GB",44,2,6,8,3,5,1,3,7,5,4,4,3
"7715",1,"GB",49,1,6,1,5,5,2,1,0,7,2,4,5
"7716",1,"GB",46,1,6,5,1,5,2,5,7,5,2,0,3
"7717",4,"GB",68,1,77,6,77,5,1,4,10,5,5,5,3
"7718",1,"GB",51,2,7,1,7,5,2,5,7,0,3,4,2
"7719",2,"GB",47,2,6,1,9,5,2,4,9,6,1,3,2
"7720",4,"GB",33,2,2,1,88,5,2,3,7,5,3,4,4
"7721",4,"GB",74,2,1,9,77,4,2,3,7,6,3,3,5
"7722",4,"GB",43,2,7,1,10,5,1,4,6,5,5,4,3
"7723",6,"GB",67,1,4,6,3,5,1,3,3,5,99,99,3
"7724",4,"GB",65,1,7,1,6,5,1,4,7,3,5,6,4
"7725",6,"GB",60,1,3,8,4,5,2,2,5,8,4,4,2
"7726",4,"GB",33,2,6,1,8,5,2,3,6,5,3,2,2
"7727",1,"GB",30,2,4,1,77,5,2,3,9,9,5,4,3
"7728",5,"GB",52,2,5,1,5,5,2,1,2,5,4,0,5
"7729",1,"GB",61,1,2,1,6,5,1,1,0,0,1,1,5
"7730",4,"GB",47,1,5,1,2,4,3,1,7,7,99,99,3
"7731",4,"GB",68,1,5,6,2,5,2,3,3,2,5,4,3
"7732",6,"GB",81,1,6,6,8,5,1,3,7,7,4,5,2
"7733",5,"GB",73,2,55,6,4,5,1,3,6,7,2,5,2
"7734",4,"GB",44,2,3,1,3,5,2,3,10,5,4,5,3
"7735",5,"GB",74,1,4,6,2,5,2,2,5,7,6,6,3
"7736",4,"GB",78,2,5,6,8,4,1,3,6,8,6,6,3
"7737",1,"GB",47,1,6,1,10,5,3,4,8,10,4,5,2
"7738",4,"GB",71,2,4,6,4,5,2,2,5,6,1,5,3
"7739",3,"GB",40,2,2,8,5,5,4,4,5,5,3,3,3
"7740",4,"GB",43,2,6,1,6,5,1,3,7,4,5,4,3
"7741",5,"GB",77,2,5,6,6,5,1,5,10,2,5,5,2
"7742",4,"GB",43,2,2,1,5,5,1,2,5,0,0,1,3
"7743",4,"GB",75,2,2,6,1,5,3,3,8,10,5,5,3
"7744",4,"GB",51,2,6,1,9,4,1,4,7,7,3,1,4
"7745",6,"GB",36,1,7,1,9,5,1,2,3,5,2,2,4
"7746",4,"GB",58,1,4,1,9,5,2,3,7,4,3,2,3
"7747",6,"GB",44,2,7,1,8,5,1,3,7,8,3,5,3
"7748",1,"GB",70,1,6,6,10,5,1,4,5,8,5,3,3
"7749",1,"GB",43,2,5,1,10,5,1,3,6,2,4,4,4
"7750",9,"GB",67,1,4,1,77,2,2,5,10,7,99,99,4
"7751",4,"GB",61,1,55,1,4,5,2,2,4,3,2,3,4
"7752",2,"GB",31,1,6,1,7,5,1,4,7,4,4,6,2
"7753",1,"GB",37,2,7,8,3,5,3,4,8,10,5,5,5
"7754",5,"GB",49,1,6,1,10,5,1,2,3,8,6,5,3
"7755",4,"GB",75,1,1,6,77,5,2,3,5,2,3,3,3
"7756",4,"GB",71,1,6,6,4,5,1,5,8,5,4,4,9
"7757",5,"GB",34,1,7,1,5,5,1,4,10,8,4,6,3
"7758",4,"GB",66,2,7,1,10,5,1,5,10,3,3,5,2
"7759",4,"GB",78,2,5,6,2,4,1,4,7,9,5,6,2
"7760",1,"GB",63,1,4,1,7,5,1,3,8,7,4,6,5
"7761",6,"GB",81,1,1,6,88,2,1,4,10,7,99,99,3
"7762",1,"GB",90,1,5,6,5,5,1,4,10,8,2,5,3
"7763",1,"GB",55,1,7,1,3,5,1,1,0,3,2,4,4
"7764",1,"GB",46,1,3,5,2,5,2,4,6,1,0,4,1
"7765",5,"GB",46,1,4,1,10,5,1,3,7,6,2,2,5
"7766",5,"GB",68,1,2,9,7,5,1,3,7,5,4,6,3
"7767",4,"GB",54,1,1,1,7,5,2,5,10,0,0,0,5
"7768",4,"GB",33,2,7,2,3,5,2,3,7,1,4,5,2
"7769",5,"GB",48,2,7,1,10,5,2,3,6,4,2,5,4
"7770",4,"GB",55,2,6,1,77,4,2,4,9,9,5,5,3
"7771",1,"GB",64,2,4,1,3,5,1,1,6,10,1,5,5
"7772",4,"GB",72,1,3,6,1,5,2,3,5,5,2,4,5
"7773",6,"GB",66,1,3,1,4,5,2,3,8,5,3,4,3
"7774",1,"GB",69,2,7,6,7,5,2,4,9,6,4,4,3
"7775",3,"GB",52,2,7,1,4,5,2,4,9,1,6,4,2
"7776",6,"GB",74,2,5,6,88,5,1,5,5,5,3,1,5
"7777",4,"GB",72,2,5,6,88,2,1,3,5,99,99,99,2
"7778",1,"GB",82,2,1,6,4,4,2,3,10,5,5,4,3
"7779",3,"GB",28,2,5,1,77,4,3,5,10,7,0,6,5
"7780",4,"GB",44,1,6,1,9,5,2,3,6,3,2,2,3
"7781",4,"GB",68,1,4,6,1,5,1,3,7,8,3,5,3
"7782",1,"GB",65,2,4,9,2,5,2,3,5,0,4,3,4
"7783",5,"GB",65,2,2,6,77,5,1,4,10,0,3,4,4
"7784",4,"GB",83,1,4,6,3,5,1,2,7,10,99,99,3
"7785",9,"GB",85,1,4,6,2,4,1,3,6,10,99,99,2
"7786",9,"GB",52,1,7,1,77,5,1,9,99,99,99,99,9
"7787",3,"GB",75,1,3,6,6,5,1,3,5,7,4,2,3
"7788",4,"GB",76,1,7,1,8,4,2,2,10,10,6,5,9
"7789",4,"GB",45,2,7,1,4,5,2,3,5,3,3,5,4
"7790",4,"GB",38,2,4,1,5,5,2,3,1,5,3,1,5
"7791",1,"GB",77,1,4,6,1,4,2,4,8,8,99,99,3
"7792",4,"GB",86,2,1,6,2,5,1,4,8,10,5,5,3
"7793",5,"GB",85,1,1,6,1,1,3,4,7,99,99,99,3
"7794",4,"GB",40,1,6,1,5,5,1,4,8,5,5,3,3
"7795",5,"GB",79,2,6,6,88,5,1,3,7,5,3,5,4
"7796",4,"GB",72,1,7,6,77,5,1,2,3,7,99,99,4
"7797",4,"GB",53,2,7,1,6,5,1,5,10,7,3,99,5
"7798",1,"GB",78,1,6,6,5,5,2,3,10,0,6,4,4
"7799",6,"GB",64,2,7,9,77,5,1,3,7,3,99,99,3
"7800",4,"GB",82,1,6,6,7,5,1,2,5,10,2,4,3
"7801",4,"GB",51,1,3,1,6,5,1,3,5,5,2,3,4
"7802",1,"HU",55,2,5,1,7,5,2,5,5,10,2,5,3
"7803",7,"HU",51,1,7,1,8,5,2,4,5,8,4,5,3
"7804",6,"HU",88,2,4,6,7,1,2,3,10,10,6,6,2
"7805",4,"HU",69,1,4,6,3,4,3,4,5,1,3,6,4
"7806",9,"HU",68,1,3,6,2,1,2,3,5,5,1,2,4
"7807",2,"HU",37,2,2,1,2,5,3,3,5,5,5,5,3
"7808",2,"HU",59,2,3,9,77,1,2,3,10,7,3,6,3
"7809",2,"HU",76,1,3,6,6,1,2,2,99,10,3,6,1
"7810",3,"HU",50,2,5,1,4,5,3,3,4,2,1,1,3
"7811",3,"HU",63,1,3,1,7,5,2,3,3,2,0,3,3
"7812",3,"HU",57,2,4,1,5,4,2,4,9,5,2,5,3
"7813",6,"HU",999,2,3,6,8,3,2,3,10,5,4,3,2
"7814",4,"HU",51,2,7,1,10,5,2,5,10,4,3,4,4
"7815",4,"HU",44,1,5,1,4,5,3,1,0,4,5,6,4
"7816",4,"HU",48,2,5,1,8,4,1,4,10,3,5,3,4
"7817",1,"HU",29,1,3,3,1,5,3,3,10,10,5,6,1
"7818",4,"HU",49,2,4,1,3,5,2,3,6,3,2,4,3
"7819",2,"HU",68,2,6,6,6,5,2,4,6,6,2,5,3
"7820",1,"HU",65,1,3,6,6,1,3,1,0,99,6,6,5
"7821",1,"HU",78,2,5,6,77,4,2,4,5,8,3,3,3
"7822",1,"HU",80,2,4,6,1,4,3,4,2,4,2,4,3
"7823",3,"HU",55,2,4,1,6,5,2,3,5,3,0,2,4
"7824",4,"HU",50,2,7,1,7,5,2,4,7,0,2,2,3
"7825",2,"HU",75,2,3,1,5,1,2,3,6,9,4,6,2
"7826",3,"HU",43,2,3,1,10,3,3,3,5,5,6,4,3
"7827",4,"HU",67,1,4,6,8,3,2,4,5,2,3,4,3
"7828",2,"HU",64,2,1,8,1,5,3,3,5,5,2,5,2
"7829",3,"HU",56,2,4,1,4,5,3,4,9,5,4,4,3
"7830",4,"HU",62,2,4,6,10,4,2,4,8,5,3,4,3
"7831",3,"HU",76,1,5,6,77,1,2,3,7,5,4,5,3
"7832",7,"HU",65,1,7,1,8,5,2,4,9,5,4,4,3
"7833",4,"HU",53,1,5,1,9,5,2,4,7,4,3,4,3
"7834",1,"HU",66,2,7,6,3,5,3,4,10,10,5,6,3
"7835",3,"HU",28,2,4,2,7,5,2,5,9,8,3,2,4
"7836",1,"HU",89,2,1,6,4,1,3,4,10,8,6,4,3
"7837",1,"HU",51,2,5,1,6,5,2,3,4,5,3,4,3
"7838",4,"HU",50,2,4,1,2,5,3,3,10,3,4,5,3
"7839",6,"HU",86,1,3,6,4,1,3,2,2,0,4,0,1
"7840",4,"HU",27,1,5,1,3,5,2,4,3,3,3,0,5
"7841",4,"HU",65,2,6,1,8,5,3,4,7,7,0,0,3
"7842",3,"HU",29,2,3,1,7,5,3,3,6,6,3,4,3
"7843",2,"HU",55,2,1,6,1,1,4,4,8,8,3,2,2
"7844",4,"HU",33,2,7,8,10,5,2,3,5,9,4,2,2
"7845",1,"HU",81,2,4,6,7,4,2,3,5,7,2,3,4
"7846",2,"HU",78,1,4,6,5,5,2,4,7,5,5,5,3
"7847",3,"HU",82,2,7,6,9,3,1,5,5,99,1,1,4
"7848",4,"HU",25,1,4,1,10,5,1,1,2,6,3,4,5
"7849",4,"HU",25,1,4,2,88,5,2,3,7,6,2,3,4
"7850",1,"HU",73,2,4,6,2,5,2,4,10,5,6,4,4
"7851",4,"HU",74,2,3,6,7,1,2,4,4,3,3,3,9
"7852",4,"HU",51,2,4,1,10,5,1,3,6,8,5,6,3
"7853",1,"HU",70,2,2,6,1,1,3,2,0,0,0,6,4
"7854",1,"HU",61,2,4,9,3,5,3,3,6,5,4,4,3
"7855",4,"HU",34,2,4,1,77,5,1,3,8,10,2,3,4
"7856",1,"HU",74,2,6,6,3,5,2,3,5,5,5,4,9
"7857",4,"HU",42,1,3,1,5,2,3,3,5,4,3,4,3
"7858",1,"HU",72,2,2,6,1,5,3,4,5,8,1,3,4
"7859",2,"HU",28,2,5,1,6,5,2,3,5,6,99,3,3
"7860",3,"HU",46,2,5,1,7,5,2,3,6,8,4,5,9
"7861",5,"HU",67,2,2,6,77,5,2,4,5,7,5,3,3
"7862",3,"HU",43,1,5,1,7,5,1,3,6,6,2,4,3
"7863",2,"HU",64,2,3,6,6,5,2,4,5,8,5,3,3
"7864",6,"HU",30,2,2,8,77,5,2,4,10,2,2,0,4
"7865",6,"HU",90,2,2,6,1,1,2,3,1,4,0,1,5
"7866",3,"HU",44,2,2,1,6,5,3,4,10,1,0,4,3
"7867",2,"HU",46,2,4,1,7,3,2,3,5,5,2,4,3
"7868",6,"HU",70,2,2,6,4,1,2,4,5,99,4,4,3
"7869",1,"HU",74,1,5,6,3,5,2,3,10,9,6,6,3
"7870",1,"HU",66,1,2,1,6,5,2,3,8,5,0,3,3
"7871",4,"HU",72,2,6,6,7,5,2,3,5,5,3,3,3
"7872",2,"HU",36,2,3,8,8,4,2,4,8,3,1,4,3
"7873",3,"HU",24,2,6,1,10,5,1,4,7,7,2,5,3
"7874",4,"HU",53,1,4,1,6,4,2,3,5,5,3,3,4
"7875",3,"HU",40,1,4,1,6,5,2,2,5,3,4,3,3
"7876",3,"HU",67,1,3,6,77,5,1,3,6,5,4,5,2
"7877",4,"HU",50,2,6,1,77,5,2,3,5,5,3,4,2
"7878",2,"HU",60,2,4,1,6,4,2,5,0,0,3,0,4
"7879",4,"HU",41,1,5,1,77,5,2,4,8,8,0,3,3
"7880",4,"HU",55,1,3,1,10,3,2,3,5,8,4,5,3
"7881",6,"HU",67,1,6,3,1,5,3,4,3,5,3,4,3
"7882",6,"HU",77,1,2,6,8,1,2,3,5,8,5,5,2
"7883",6,"HU",81,2,3,6,3,1,1,5,99,99,5,5,3
"7884",4,"HU",73,2,6,6,6,5,2,2,99,10,6,6,1
"7885",2,"HU",58,1,3,3,7,5,2,4,0,2,0,2,3
"7886",1,"HU",70,2,2,6,2,3,2,4,8,99,5,5,3
"7887",1,"HU",39,2,4,8,4,5,2,4,5,2,3,3,3
"7888",1,"HU",48,2,4,1,77,5,2,5,7,5,2,5,3
"7889",2,"HU",76,2,2,6,1,1,3,4,7,99,5,5,3
"7890",2,"HU",66,1,3,6,5,1,2,3,8,9,2,6,1
"7891",3,"HU",22,1,4,1,10,5,2,3,7,9,4,6,5
"7892",4,"HU",60,2,4,5,4,4,3,4,5,99,3,2,3
"7893",2,"HU",59,2,5,1,2,5,2,4,8,2,4,6,4
"7894",4,"HU",44,1,6,1,9,5,2,2,8,6,4,99,4
"7895",6,"HU",49,1,3,4,2,5,2,4,9,2,2,6,3
"7896",4,"HU",58,2,5,1,7,5,1,5,5,3,3,3,3
"7897",2,"HU",67,2,4,1,77,1,2,3,9,6,5,5,3
"7898",3,"HU",30,2,6,1,10,5,2,4,7,7,4,4,3
"7899",4,"HU",70,2,6,6,9,4,1,3,8,9,3,5,3
"7900",6,"HU",70,2,4,6,77,3,3,4,10,99,3,3,4
"7901",3,"HU",74,1,3,6,8,2,2,4,10,8,0,1,4
"7902",7,"HU",30,1,3,1,8,5,1,3,5,5,4,4,4
"7903",4,"HU",38,2,4,1,3,5,2,4,10,2,2,3,4
"7904",3,"HU",23,2,4,3,1,5,3,3,5,5,2,1,4
"7905",1,"HU",65,1,4,6,1,1,4,3,4,3,3,2,4
"7906",6,"HU",67,2,6,6,6,3,2,3,8,5,4,4,3
"7907",2,"HU",54,1,4,1,2,5,2,4,6,6,1,4,4
"7908",1,"HU",25,2,4,8,5,5,2,3,5,6,4,5,4
"7909",1,"HU",40,2,4,1,6,5,2,4,7,3,3,2,3
"7910",2,"HU",57,2,3,1,5,3,2,4,5,8,3,5,3
"7911",6,"HU",61,2,2,6,77,5,4,4,6,99,3,3,3
"7912",3,"HU",72,2,7,6,7,4,2,4,7,10,3,6,4
"7913",3,"HU",75,2,2,6,6,5,2,4,2,5,3,3,4
"7914",3,"HU",50,1,6,1,7,4,3,4,8,6,2,0,3
"7915",6,"HU",66,2,4,1,2,5,3,3,5,5,4,5,3
"7916",6,"HU",72,1,5,1,77,5,1,4,6,8,2,4,2
"7917",1,"HU",41,2,4,1,77,5,2,4,9,7,2,3,4
"7918",3,"HU",90,2,1,6,9,1,2,3,5,8,3,4,3
"7919",6,"HU",67,2,3,6,6,5,2,3,5,7,5,4,5
"7920",1,"HU",57,2,3,1,3,5,2,5,5,5,0,5,3
"7921",2,"HU",71,2,4,6,2,5,2,4,9,6,2,5,4
"7922",5,"IS",54,1,6,1,10,5,1,4,6,2,4,5,3
"7923",2,"IS",61,2,6,1,8,5,1,3,8,4,4,5,2
"7924",5,"IS",62,2,6,1,3,5,1,4,8,3,4,5,2
"7925",5,"IS",63,2,6,1,6,5,1,4,8,5,6,6,1
"7926",4,"IS",70,1,7,1,8,5,1,3,5,7,2,5,2
"7927",4,"IS",31,2,3,1,10,5,1,2,2,5,4,5,5
"7928",4,"IS",35,2,5,1,8,5,1,4,8,10,5,4,2
"7929",4,"IS",73,1,5,6,5,5,1,3,3,6,2,4,3
"7930",5,"IS",58,2,7,4,9,5,1,2,5,5,1,6,2
"7931",4,"IS",19,1,2,1,88,5,1,9,99,6,99,99,9
"7932",4,"IS",55,1,7,1,6,5,3,4,7,7,6,4,4
"7933",4,"IS",52,2,6,1,5,5,1,4,8,7,5,5,2
"7934",5,"IS",35,1,7,1,4,5,2,4,10,3,5,5,1
"7935",4,"IS",57,1,2,5,2,5,2,1,0,5,2,2,4
"7936",2,"IS",49,2,7,1,8,5,1,3,7,5,3,6,2
"7937",6,"IS",77,1,7,6,6,4,1,3,9,7,3,5,2
"7938",2,"IS",35,2,3,1,2,5,1,4,7,8,2,6,3
"7939",4,"IS",56,1,5,1,9,5,1,1,0,8,5,6,5
"7940",4,"IS",76,2,2,6,2,5,1,1,7,5,3,6,3
"7941",4,"IS",30,2,6,1,3,5,1,3,8,0,6,6,1
"7942",4,"IS",56,2,7,1,9,5,1,3,7,8,5,6,2
"7943",5,"IS",34,2,7,8,5,5,2,3,6,6,99,99,5
"7944",2,"IS",53,1,3,1,8,5,2,3,7,8,5,5,3
"7945",4,"IS",75,1,7,6,7,4,1,2,1,99,4,6,3
"7946",4,"IS",79,1,5,6,4,4,1,2,5,99,5,5,2
"7947",5,"IS",74,1,5,1,4,5,1,3,5,4,2,6,4
"7948",4,"IS",28,1,5,1,8,5,1,3,5,4,3,4,3
"7949",5,"IS",48,2,7,8,10,5,1,3,8,8,5,5,3
"7950",4,"IS",44,1,7,1,8,5,2,3,5,10,4,6,4
"7951",5,"IS",73,1,7,1,8,4,1,4,8,5,4,6,2
"7952",5,"IS",52,1,7,1,8,5,1,4,7,6,5,5,3
"7953",4,"IS",68,2,3,5,8,5,1,3,6,6,3,6,3
"7954",5,"IS",52,2,7,1,10,5,2,3,99,8,99,99,9
"7955",4,"IS",70,2,3,1,9,3,1,3,7,8,5,5,9
"7956",1,"IS",37,1,6,1,6,5,2,5,10,3,6,5,1
"7957",5,"IS",53,2,6,1,10,5,1,3,10,99,6,6,2
"7958",4,"IS",43,1,7,88,9,5,1,3,3,4,3,6,3
"7959",4,"IS",79,1,7,6,6,5,1,3,5,5,4,5,3
"7960",4,"IS",73,2,5,6,77,5,2,2,8,0,5,2,4
"7961",4,"IS",62,1,5,1,8,5,1,1,5,5,3,6,4
"7962",5,"IS",48,1,7,1,9,5,2,4,6,3,4,4,2
"7963",1,"IS",60,1,3,1,7,4,2,1,6,3,4,4,5
"7964",5,"IS",28,1,6,1,5,5,2,4,7,0,3,6,4
"7965",4,"IS",34,2,4,1,2,5,2,4,7,2,4,4,4
"7966",5,"IS",59,2,7,2,10,5,1,4,9,5,5,6,4
"7967",6,"IS",73,2,7,6,6,5,1,3,4,5,4,5,2
"7968",4,"IS",64,2,6,1,7,5,1,4,10,8,5,6,3
"7969",3,"IS",41,2,3,8,1,4,2,4,10,0,5,3,5
"7970",4,"IS",52,1,5,1,9,5,2,3,5,5,4,4,4
"7971",4,"IS",30,2,7,1,10,5,1,2,3,5,5,4,2
"7972",4,"IS",49,2,7,1,4,5,1,3,7,7,3,4,4
"7973",5,"IS",76,1,7,6,7,5,1,2,7,9,3,6,3
"7974",5,"IS",65,2,4,1,6,5,1,4,8,99,5,4,2
"7975",5,"IS",51,1,6,1,9,5,2,2,5,10,1,3,2
"7976",6,"IS",84,2,2,6,3,1,1,3,8,99,4,5,3
"7977",3,"IS",61,2,7,1,7,5,2,4,7,7,5,5,2
"7978",2,"IS",59,1,2,1,4,5,1,2,4,5,2,2,2
"7979",4,"IS",84,2,7,2,4,5,1,4,9,99,1,5,2
"7980",5,"IS",71,2,2,6,2,5,1,3,8,7,3,5,2
"7981",4,"IS",59,2,4,1,8,5,2,4,8,5,2,3,9
"7982",2,"IS",54,2,7,1,8,5,1,4,7,8,5,5,2
"7983",6,"IS",72,1,2,6,5,5,2,3,3,5,3,3,1
"7984",4,"IS",29,2,6,1,1,5,2,4,9,8,3,5,3
"7985",5,"IS",62,1,4,1,8,5,1,2,7,5,4,4,3
"7986",4,"IS",42,2,6,8,1,5,4,3,8,5,2,6,2
"7987",4,"IS",46,1,3,1,7,5,2,3,5,5,4,5,4
"7988",6,"IS",50,2,5,5,2,5,3,3,8,3,4,2,2
"7989",4,"IS",61,1,3,1,5,5,2,3,7,1,3,5,3
"7990",4,"IS",56,1,6,1,7,5,1,2,5,4,5,6,3
"7991",4,"IS",52,1,2,1,6,4,3,1,4,1,2,2,5
"7992",4,"IS",24,2,2,1,10,5,1,3,7,2,3,3,3
"7993",4,"IS",21,1,2,2,88,5,8,3,3,4,4,4,3
"7994",6,"IS",90,2,2,6,2,5,2,2,2,7,1,6,2
"7995",4,"IS",29,2,6,2,4,5,1,3,8,7,4,5,3
"7996",5,"IS",66,1,7,1,77,5,1,4,9,5,4,5,1
"7997",4,"IS",74,2,2,5,1,5,2,4,5,99,2,4,3
"7998",5,"IS",73,2,2,6,2,4,2,1,0,6,6,6,4
"7999",5,"IS",43,1,7,1,9,5,1,2,5,5,4,4,2
"8000",4,"IS",33,2,7,1,6,5,1,2,0,3,2,6,3
"8001",5,"IS",29,2,4,8,7,5,2,3,4,4,2,4,2
"8002",4,"IS",38,2,6,1,5,5,2,3,7,3,4,4,3
"8003",1,"IS",49,1,7,1,7,5,2,4,7,5,5,6,3
"8004",5,"IS",35,2,7,2,6,5,2,4,7,3,3,5,2
"8005",4,"IS",61,2,7,1,8,5,1,2,6,7,4,5,3
"8006",4,"IS",81,2,2,6,1,5,1,3,7,8,6,4,3
"8007",5,"IS",62,2,3,1,6,5,1,3,7,9,4,5,2
"8008",4,"IS",69,1,2,6,6,5,1,3,7,8,2,5,2
"8009",4,"IS",38,1,7,1,7,5,1,2,4,5,4,4,4
"8010",4,"IS",79,2,2,6,2,5,1,2,9,8,5,5,2
"8011",4,"IS",66,2,2,1,4,5,1,2,7,7,2,6,2
"8012",4,"IS",50,2,6,8,5,5,2,3,8,1,4,5,2
"8013",5,"IS",78,2,2,6,6,5,1,3,5,3,5,6,2
"8014",4,"IS",40,1,3,1,6,5,2,4,5,6,2,4,3
"8015",5,"IS",46,1,5,1,7,5,2,2,3,3,3,5,3
"8016",5,"IS",49,1,7,1,8,5,2,4,10,5,6,6,2
"8017",4,"IS",59,2,7,1,9,5,1,4,6,5,3,5,4
"8018",5,"IS",50,1,6,1,8,5,1,3,3,6,4,5,2
"8019",6,"IS",65,2,5,5,4,5,3,3,6,99,5,4,3
"8020",5,"IS",58,1,3,1,8,5,1,1,5,99,3,5,5
"8021",4,"IS",55,2,7,1,9,5,2,3,5,5,4,5,3
"8022",6,"IS",24,1,4,2,10,5,1,4,3,6,4,3,3
"8023",4,"IS",57,2,7,1,9,5,2,3,7,8,2,4,4
"8024",4,"IS",53,2,6,1,10,5,1,2,6,4,4,6,3
"8025",1,"IS",50,2,7,1,7,4,1,3,5,1,3,5,5
"8026",4,"IS",72,1,2,6,5,5,1,2,5,3,3,5,3
"8027",4,"IS",53,1,7,1,8,5,1,2,3,7,4,4,2
"8028",4,"IS",59,2,7,1,4,5,1,4,7,3,5,5,2
"8029",4,"IS",22,2,4,2,2,5,2,4,4,7,4,2,3
"8030",4,"IS",64,2,3,1,5,5,1,3,5,99,4,99,2
"8031",5,"IS",48,2,7,1,10,5,1,4,7,5,4,5,3
"8032",4,"IS",54,2,7,1,5,5,1,4,99,99,4,5,9
"8033",4,"IS",46,2,7,8,10,5,3,3,5,0,3,3,4
"8034",5,"IS",34,2,2,8,2,5,3,4,8,0,3,3,3
"8035",1,"IS",54,1,6,1,4,5,1,4,7,5,5,5,2
"8036",4,"IS",59,1,5,1,8,5,1,3,8,6,3,5,2
"8037",5,"IS",64,2,7,1,8,5,1,5,9,5,2,4,3
"8038",4,"IS",34,2,4,8,88,4,1,4,7,6,4,4,3
"8039",1,"IS",33,1,6,1,6,5,2,1,0,0,3,3,4
"8040",4,"IS",53,2,7,1,10,5,1,4,7,3,4,5,2
"8041",5,"IS",48,2,6,1,7,5,2,4,8,5,4,6,2
"8042",1,"IS",60,1,2,5,8,5,2,2,2,4,5,4,3
"8043",5,"IS",72,2,5,8,2,5,1,3,7,7,6,6,3
"8044",4,"IS",60,1,6,1,6,5,1,4,5,4,3,5,4
"8045",4,"IS",33,1,7,1,9,5,1,3,4,8,4,6,2
"8046",4,"IS",65,1,3,1,5,5,1,3,4,9,3,5,9
"8047",1,"IS",69,2,7,1,6,5,1,3,6,8,4,5,2
"8048",5,"IS",55,1,7,1,10,5,1,3,3,8,2,5,2
"8049",4,"IS",65,1,6,1,10,5,1,3,5,3,3,6,2
"8050",4,"IS",73,1,2,6,2,4,4,2,5,5,6,3,3
"8051",4,"IS",51,1,3,1,3,5,2,3,6,6,99,3,4
"8052",4,"IS",46,1,3,1,7,5,2,2,1,4,0,6,5
"8053",4,"IS",25,1,6,1,9,5,1,4,6,6,3,3,3
"8054",4,"IS",33,1,4,1,6,5,2,2,3,5,4,4,3
"8055",1,"IS",38,1,7,1,9,5,1,2,0,5,6,6,2
"8056",2,"IS",43,2,4,1,2,5,3,3,5,6,3,5,2
"8057",1,"IS",35,2,6,2,5,5,2,4,7,6,4,5,2
"8058",5,"IS",21,1,2,1,9,5,1,5,9,5,4,3,2
"8059",4,"IS",65,1,2,1,6,5,1,3,6,6,4,6,2
"8060",5,"IS",30,1,5,1,7,5,1,5,8,6,4,6,3
"8061",4,"IS",68,2,2,1,6,5,1,2,0,0,3,6,4
"8062",4,"IS",34,1,5,1,1,5,2,2,1,3,3,5,3
"8063",5,"IS",64,1,5,1,6,5,2,3,5,5,4,4,2
"8064",1,"IS",23,1,4,1,9,5,1,4,2,8,4,6,2
"8065",4,"IS",23,2,4,2,88,5,1,2,3,3,4,4,4
"8066",4,"IS",59,2,6,1,77,5,1,4,6,0,5,6,3
"8067",5,"IS",58,1,3,1,7,5,1,1,1,5,4,5,4
"8068",4,"IS",39,2,7,8,7,5,1,2,5,5,4,5,3
"8069",5,"IS",66,1,3,6,4,5,2,3,3,7,4,6,2
"8070",4,"IS",49,1,6,1,4,4,2,3,4,8,3,4,4
"8071",1,"IS",35,1,7,1,3,5,2,4,3,10,2,5,2
"8072",4,"IS",76,2,3,6,8,5,1,4,5,4,5,4,3
"8073",5,"IS",65,1,3,1,7,5,1,5,2,99,3,6,2
"8074",1,"IS",38,1,7,1,5,5,2,4,3,3,4,5,2
"8075",4,"IS",29,2,6,8,4,5,3,4,8,7,4,4,3
"8076",4,"IS",47,1,6,1,8,5,1,3,6,6,4,5,3
"8077",2,"IS",49,2,7,1,10,5,1,3,9,3,3,5,2
"8078",5,"IS",83,1,7,6,9,5,1,4,9,5,5,5,2
"8079",4,"IS",77,1,7,6,6,5,1,5,7,5,3,3,2
"8080",4,"IS",59,1,2,1,5,5,1,3,7,7,3,4,2
"8081",4,"IS",62,1,7,1,10,5,1,2,1,10,1,4,4
"8082",3,"IS",60,2,7,1,4,5,2,5,9,7,1,5,3
"8083",4,"IS",56,1,5,1,7,5,3,3,5,5,2,6,4
"8084",5,"IS",26,2,4,1,5,5,1,3,5,5,4,5,3
"8085",4,"IS",45,1,6,1,5,5,2,4,2,6,4,6,1
"8086",5,"IS",67,2,6,6,4,5,1,4,8,3,4,5,3
"8087",2,"IS",24,2,5,2,88,5,2,4,5,3,5,6,2
"8088",3,"IS",36,2,2,8,2,5,4,3,6,5,3,6,4
"8089",1,"IS",45,2,6,1,7,5,2,2,1,2,4,4,2
"8090",4,"IS",72,2,2,6,4,5,1,3,5,8,3,6,2
"8091",5,"IS",24,2,4,1,10,5,2,3,7,7,99,99,9
"8092",4,"IS",57,1,7,1,7,5,1,1,4,7,6,6,2
"8093",5,"IS",62,2,3,1,77,5,1,3,6,5,2,6,9
"8094",4,"IS",45,2,2,5,6,5,2,3,7,8,5,5,4
"8095",4,"IS",31,2,4,1,88,5,1,3,4,0,3,4,3
"8096",4,"IS",66,2,5,8,7,5,1,3,7,5,4,6,2
"8097",6,"IS",70,1,3,8,6,1,1,3,10,6,4,6,2
"8098",2,"IS",58,2,6,1,4,5,2,4,8,6,5,5,2
"8099",4,"IS",54,1,5,1,6,5,1,2,0,99,5,5,4
"8100",4,"IS",37,1,6,1,6,5,3,3,6,6,3,6,2
"8101",4,"IS",35,1,4,1,8,5,1,2,3,5,3,6,3
"8102",4,"IS",73,2,2,6,3,5,2,3,7,99,6,6,3
"8103",4,"IS",62,1,5,1,8,5,1,3,6,8,5,6,3
"8104",4,"IS",64,2,6,1,5,5,1,3,10,7,2,5,3
"8105",4,"IS",71,1,7,6,3,5,1,1,1,8,4,5,3
"8106",5,"IS",66,1,6,1,9,5,1,2,2,0,2,6,3
"8107",4,"IS",55,2,7,1,10,5,1,3,7,6,5,5,3
"8108",4,"IS",57,1,3,1,7,5,1,2,4,99,5,5,3
"8109",5,"IS",67,2,2,1,8,5,1,3,5,10,6,6,2
"8110",3,"IS",25,2,3,5,3,5,3,5,10,0,1,0,5
"8111",3,"IS",33,1,4,1,3,5,2,4,1,0,3,4,2
"8112",4,"IS",65,1,5,1,10,5,1,2,5,5,6,6,4
"8113",4,"IS",43,2,7,1,9,5,3,4,8,0,4,4,5
"8114",5,"IS",39,2,7,1,10,5,1,3,7,5,4,4,2
"8115",4,"IS",46,2,5,1,6,5,2,3,6,5,3,5,2
"8116",5,"IS",66,2,6,6,5,5,1,4,8,2,4,6,3
"8117",1,"IS",44,2,6,1,3,5,3,4,9,6,4,5,4
"8118",4,"IS",71,1,7,6,10,5,1,3,9,99,4,5,3
"8119",4,"IS",71,2,3,6,6,5,1,3,8,5,5,6,2
"8120",5,"IS",41,2,7,1,9,5,1,3,7,5,5,4,3
"8121",5,"IS",42,1,6,1,7,5,1,3,5,6,5,6,2
"8122",4,"IS",35,1,2,1,6,5,1,3,5,5,4,4,3
"8123",1,"IS",68,1,6,6,7,5,1,3,6,9,4,5,4
"8124",5,"IS",63,2,7,1,6,5,2,3,3,8,5,6,3
"8125",4,"IS",60,2,3,1,88,5,3,2,4,5,3,5,3
"8126",5,"IS",58,2,4,5,5,5,2,3,5,10,4,2,2
"8127",4,"IS",59,1,3,1,6,5,1,2,1,5,4,5,2
"8128",4,"IS",34,1,2,1,4,5,1,1,0,3,5,6,2
"8129",4,"IS",75,2,55,6,6,5,1,2,7,6,1,6,3
"8130",1,"IS",37,2,6,1,7,5,1,5,6,5,5,6,2
"8131",4,"IS",22,2,4,2,10,5,1,3,6,3,4,5,4
"8132",1,"IS",50,1,7,1,6,5,1,3,2,5,5,5,5
"8133",5,"IS",61,1,6,1,10,5,1,2,5,8,4,4,5
"8134",9,"IS",24,2,4,2,10,5,1,9,99,99,99,99,9
"8135",5,"IS",75,2,3,6,6,5,1,3,2,99,3,6,3
"8136",3,"IS",29,1,2,1,77,5,2,4,7,1,4,5,1
"8137",5,"IS",66,1,5,1,10,5,1,2,3,5,4,6,2
"8138",1,"IS",41,2,6,1,6,5,2,2,3,5,5,6,3
"8139",4,"IS",59,2,4,6,9,5,1,2,5,8,4,6,3
"8140",5,"IS",57,1,7,1,8,5,2,3,7,5,2,5,1
"8141",6,"IS",84,2,4,6,3,4,1,4,5,99,3,5,2
"8142",4,"IS",69,2,6,6,3,5,1,4,10,2,6,5,3
"8143",5,"IS",79,2,7,6,6,5,1,4,7,99,3,5,3
"8144",5,"IS",62,2,6,1,7,5,1,5,5,2,4,5,2
"8145",4,"IS",74,2,5,6,77,5,1,3,0,99,3,6,3
"8146",5,"IS",56,2,6,1,9,5,1,4,8,5,3,6,2
"8147",5,"IS",57,2,6,1,8,5,2,3,6,8,4,5,3
"8148",4,"IS",56,2,6,1,3,5,2,3,9,6,5,5,2
"8149",4,"IS",54,1,3,1,7,5,2,3,6,5,5,5,4
"8150",4,"IS",33,2,7,1,6,5,2,3,7,5,3,5,2
"8151",4,"IS",52,2,2,5,2,5,2,1,0,99,5,6,9
"8152",4,"IS",31,2,6,1,6,4,1,3,3,8,4,5,3
"8153",4,"IS",59,2,7,1,2,5,1,3,4,5,2,5,2
"8154",4,"IS",61,1,6,1,10,5,1,4,6,0,3,3,2
"8155",5,"IS",73,1,7,6,7,5,1,4,8,9,3,5,2
"8156",2,"IS",86,2,5,6,2,2,1,3,6,8,4,6,2
"8157",5,"IS",52,2,7,1,10,5,1,3,8,6,5,5,3
"8158",4,"IS",51,1,3,1,9,5,1,2,10,7,5,6,4
"8159",5,"IS",66,1,7,1,6,5,1,1,1,5,4,6,2
"8160",5,"IS",34,1,6,1,7,5,1,4,7,2,2,4,2
"8161",4,"IS",45,1,7,1,6,5,1,4,6,2,3,5,3
"8162",4,"IS",69,1,5,1,2,5,2,2,1,5,4,5,4
"8163",5,"IS",70,2,7,1,2,5,2,4,10,10,6,5,3
"8164",1,"IS",30,1,7,2,4,5,4,5,10,4,4,0,1
"8165",4,"IS",63,1,3,1,6,5,1,2,4,6,3,5,2
"8166",4,"IS",84,2,6,6,2,5,2,3,5,7,5,5,2
"8167",5,"IS",75,2,6,6,7,5,2,3,8,8,5,5,2
"8168",5,"IS",78,1,2,6,3,5,2,3,5,2,4,5,3
"8169",4,"IS",77,1,3,1,4,5,1,3,7,6,3,4,3
"8170",4,"IS",59,2,7,8,2,5,2,3,7,7,5,5,3
"8171",1,"IS",69,2,3,6,1,5,1,3,8,5,5,6,2
"8172",4,"IS",33,1,2,77,77,4,2,1,2,5,1,99,2
"8173",5,"IS",48,2,7,1,3,5,2,2,5,7,3,5,3
"8174",4,"IS",50,1,7,1,5,5,1,2,2,7,3,4,1
"8175",4,"IS",73,1,3,8,3,5,1,3,6,9,5,6,3
"8176",4,"IS",58,1,5,1,9,5,1,1,0,5,5,5,4
"8177",5,"IS",62,1,2,1,6,5,1,4,10,0,5,5,2
"8178",4,"IS",44,2,7,1,8,5,3,2,4,0,4,6,2
"8179",4,"IS",32,2,4,8,5,5,2,4,5,3,4,4,2
"8180",5,"IS",48,1,7,1,9,5,2,3,5,2,4,5,4
"8181",1,"IS",63,1,7,1,4,5,1,3,6,6,4,5,2
"8182",5,"IS",47,1,7,1,8,5,2,3,5,4,4,5,2
"8183",4,"IS",67,1,5,1,4,5,2,3,6,0,3,6,3
"8184",1,"IS",59,2,6,1,6,5,2,3,9,9,6,5,1
"8185",4,"IS",59,1,5,1,77,3,1,1,0,99,1,5,4
"8186",4,"IS",63,1,7,1,9,5,1,4,8,4,5,5,3
"8187",5,"IS",53,2,7,1,8,5,1,4,10,99,5,6,3
"8188",2,"IS",47,2,7,1,7,5,1,3,7,7,1,6,2
"8189",4,"IS",60,1,6,1,9,5,1,1,0,5,2,1,3
"8190",5,"IS",63,2,7,1,10,4,1,2,5,5,6,6,1
"8191",4,"IS",75,1,3,6,8,5,1,3,6,5,3,4,4
"8192",5,"IS",34,2,7,8,9,5,1,2,2,9,5,6,2
"8193",5,"IS",46,2,7,1,6,5,3,4,9,7,5,6,3
"8194",4,"IS",51,2,2,5,6,5,2,3,7,5,4,6,4
"8195",5,"IS",77,1,6,6,7,5,1,4,8,8,4,5,2
"8196",4,"IS",24,2,4,2,9,5,1,5,4,2,6,3,2
"8197",4,"IS",68,1,2,6,3,4,1,2,4,5,4,6,3
"8198",4,"IS",36,2,7,1,3,5,4,2,4,5,3,1,4
"8199",1,"IS",74,1,3,6,77,5,1,3,6,8,3,4,3
"8200",4,"IS",90,1,6,6,4,5,1,3,3,4,4,5,4
"8201",4,"IS",52,2,6,1,7,5,2,3,6,7,4,4,3
"8202",5,"IS",54,2,6,1,3,5,1,2,4,5,4,6,2
"8203",4,"IS",64,1,6,1,10,5,1,4,8,10,5,4,2
"8204",1,"IS",44,1,7,1,2,5,2,2,3,7,3,5,2
"8205",4,"IS",32,2,7,8,7,5,1,3,6,0,4,4,3
"8206",5,"IS",73,2,2,6,6,5,2,3,6,4,1,2,4
"8207",4,"IS",79,1,5,8,2,5,1,2,5,8,4,5,2
"8208",4,"IS",62,1,3,5,3,4,2,3,5,6,2,6,3
"8209",4,"IS",42,2,2,5,4,5,3,3,6,5,3,4,3
"8210",5,"IS",57,2,5,5,9,5,1,3,7,5,4,5,2
"8211",4,"IS",56,2,6,1,4,5,3,4,6,5,3,5,3
"8212",1,"IS",58,1,4,1,5,5,1,3,7,8,4,5,4
"8213",5,"IS",29,2,4,2,7,5,1,4,7,5,4,5,2
"8214",5,"IS",60,2,7,1,9,5,1,4,10,99,6,3,3
"8215",6,"IS",52,2,2,5,1,5,4,5,6,1,4,4,2
"8216",1,"IS",27,2,6,88,4,5,1,3,10,7,2,4,1
"8217",4,"IS",19,2,2,2,88,5,1,4,6,3,6,6,4
"8218",4,"IS",37,2,6,1,7,5,1,3,3,4,4,5,4
"8219",5,"IS",50,2,7,1,9,4,1,3,8,8,99,99,9
"8220",4,"IS",35,1,3,1,6,5,2,1,0,10,3,6,5
"8221",5,"IS",61,2,7,8,4,4,2,4,8,7,3,2,1
"8222",5,"IS",65,1,7,1,10,5,1,2,7,5,3,5,2
"8223",5,"IS",53,1,7,1,8,5,2,4,9,4,5,5,3
"8224",5,"IS",48,1,6,1,8,5,1,3,6,5,3,6,3
"8225",4,"IS",41,2,4,1,8,5,1,1,7,4,5,5,3
"8226",1,"IS",51,1,6,1,9,5,1,3,3,5,5,5,4
"8227",4,"IS",52,1,2,1,7,5,1,1,1,3,4,4,4
"8228",4,"IS",33,2,7,1,7,4,1,3,7,4,4,4,2
"8229",5,"IS",75,2,6,6,4,5,1,5,10,6,1,6,2
"8230",2,"IS",47,1,7,1,7,5,1,4,8,7,5,6,2
"8231",5,"IS",71,1,6,6,5,4,1,4,6,5,5,6,3
"8232",5,"IS",49,2,6,1,7,5,1,3,6,4,5,6,2
"8233",4,"IS",34,1,5,1,8,5,1,3,6,5,4,4,2
"8234",5,"IS",62,1,2,1,6,5,2,2,4,1,3,6,4
"8235",7,"IS",49,2,55,8,7,5,1,1,0,3,5,6,4
"8236",4,"IS",70,1,6,1,5,5,1,2,7,2,3,5,4
"8237",1,"IS",77,2,2,6,2,5,1,3,8,7,5,5,2
"8238",4,"IS",79,1,2,6,88,5,2,2,5,3,2,4,3
"8239",2,"IS",29,2,4,1,6,5,2,3,5,6,3,3,3
"8240",4,"IS",41,1,5,1,7,5,1,3,6,0,6,3,3
"8241",5,"IS",68,1,7,1,9,5,1,3,6,3,4,6,3
"8242",5,"IS",83,1,4,6,7,5,1,4,3,99,4,4,3
"8243",4,"IS",31,1,2,2,10,5,1,1,0,0,5,6,5
"8244",2,"IS",64,2,5,1,6,5,1,4,8,9,4,5,2
"8245",1,"IS",66,2,6,2,3,5,2,3,8,5,3,6,2
"8246",4,"IS",71,2,7,1,3,5,1,3,5,99,3,6,3
"8247",4,"IS",62,1,1,1,4,5,1,2,3,3,3,5,9
"8248",4,"IS",55,2,3,1,5,5,1,3,6,99,6,6,3
"8249",5,"IS",46,1,6,1,5,5,1,2,1,7,4,4,2
"8250",4,"IS",46,1,7,1,9,5,1,3,3,5,4,4,4
"8251",5,"IS",78,1,3,6,6,5,1,2,3,3,5,5,2
"8252",6,"IS",71,1,3,6,4,5,1,3,10,5,4,6,3
"8253",4,"IS",50,2,7,1,4,5,3,2,7,5,4,5,4
"8254",5,"IS",65,1,2,8,5,5,1,4,8,5,4,6,2
"8255",5,"IS",46,2,6,1,9,5,1,3,7,3,6,6,2
"8256",2,"IS",68,1,7,1,9,4,1,4,7,99,5,5,2
"8257",4,"IS",75,1,7,1,7,5,1,4,6,99,6,6,2
"8258",4,"IS",60,2,6,1,77,5,1,5,8,2,5,6,4
"8259",4,"IS",71,2,2,6,7,5,1,1,3,3,6,6,3
"8260",5,"IS",32,2,7,8,9,5,1,3,6,5,5,6,3
"8261",4,"IS",82,1,2,6,1,5,1,2,1,4,1,2,3
"8262",1,"IS",31,1,6,1,6,5,1,2,3,3,4,5,2
"8263",4,"IS",37,2,6,1,6,5,2,2,10,0,6,6,3
"8264",4,"IS",53,2,7,1,8,5,1,3,5,99,5,5,9
"8265",5,"IS",51,2,6,1,5,5,1,2,4,5,4,5,3
"8266",5,"IS",32,1,4,1,4,5,2,3,5,2,4,4,3
"8267",5,"IS",72,1,2,1,7,5,1,3,7,1,5,6,2
"8268",4,"IS",71,1,5,6,3,5,1,3,4,5,5,6,3
"8269",1,"IS",53,2,6,1,5,5,3,4,5,4,5,5,3
"8270",1,"IS",60,2,4,1,8,5,1,3,3,5,99,99,9
"8271",4,"IS",30,1,6,1,6,5,2,2,5,0,3,3,2
"8272",4,"IS",82,2,5,6,3,5,2,3,5,3,3,4,2
"8273",4,"IS",31,1,5,5,3,4,2,3,1,4,3,2,2
"8274",4,"IS",72,1,7,6,4,5,2,4,10,3,3,6,2
"8275",5,"IS",62,2,7,1,10,4,1,4,8,4,4,5,2
"8276",5,"IS",40,2,6,1,10,5,2,3,5,7,5,5,3
"8277",4,"IS",33,1,2,1,5,5,3,4,5,3,3,2,3
"8278",5,"IS",76,2,2,8,1,5,2,2,4,6,2,3,3
"8279",1,"IS",69,1,5,1,3,5,1,5,8,4,3,5,3
"8280",1,"IS",60,1,7,1,6,5,1,3,2,7,5,5,3
"8281",1,"IS",73,2,5,8,77,5,1,3,7,99,4,6,4
"8282",5,"IS",72,2,3,6,4,5,1,2,5,4,3,5,2
"8283",5,"IS",57,1,3,1,6,4,1,2,6,9,3,6,4
"8284",5,"IS",63,2,7,8,7,5,2,3,7,4,4,4,2
"8285",4,"IS",36,1,6,1,6,5,1,2,1,0,6,6,4
"8286",5,"IS",41,2,6,8,3,5,3,3,6,5,4,4,3
"8287",4,"IS",51,2,4,8,7,5,1,4,9,5,5,6,4
"8288",5,"IS",58,2,7,3,8,5,1,2,8,2,5,6,2
"8289",4,"IS",51,1,3,1,9,5,1,4,8,5,6,4,2
"8290",5,"IS",72,2,5,6,2,5,1,2,7,5,6,6,2
"8291",4,"IS",73,1,3,6,5,4,1,3,7,5,4,6,3
"8292",4,"IS",39,1,3,1,9,5,2,2,5,7,3,5,3
"8293",1,"IS",56,2,6,1,7,5,1,3,8,0,5,6,4
"8294",5,"IS",82,2,6,6,6,4,1,4,8,0,1,6,4
"8295",1,"IS",38,1,4,8,3,5,2,3,7,5,99,99,9
"8296",4,"IS",49,1,3,1,3,5,2,2,4,1,6,6,5
"8297",4,"IS",64,2,2,5,1,5,1,3,6,8,5,6,3
"8298",5,"IS",28,2,7,1,9,5,1,5,8,3,4,5,1
"8299",5,"IS",86,1,7,6,7,5,1,3,4,5,2,3,2
"8300",4,"IS",38,1,6,1,6,5,1,1,0,8,6,5,5
"8301",4,"IS",28,1,4,2,4,5,2,2,7,0,4,6,3
"8302",4,"IS",38,2,6,1,9,5,2,3,5,7,3,4,3
"8303",1,"IS",43,2,4,1,5,5,2,5,7,1,4,5,4
"8304",1,"IS",30,2,6,8,8,5,2,4,7,5,6,6,5
"8305",4,"IS",78,1,5,6,4,5,1,3,6,5,2,2,4
"8306",2,"IS",39,2,6,1,10,5,1,2,10,8,5,6,2
"8307",4,"IS",64,2,5,3,2,5,2,3,7,7,3,4,3
"8308",1,"IS",90,2,6,6,3,4,1,2,0,99,6,6,1
"8309",2,"IS",59,1,5,1,8,4,1,3,6,5,3,4,2
"8310",5,"IS",70,2,3,6,7,5,1,4,7,9,3,6,1
"8311",5,"IS",55,1,7,1,77,5,1,3,3,4,4,5,4
"8312",5,"IS",77,1,7,6,6,5,2,4,7,2,4,5,2
"8313",4,"IS",58,1,6,1,4,5,1,3,3,3,3,3,2
"8314",4,"IS",49,1,5,1,6,5,1,3,3,3,2,6,3
"8315",5,"IS",48,2,7,1,10,5,1,3,5,5,4,6,4
"8316",4,"IS",57,1,7,1,7,5,4,3,8,0,1,3,3
"8317",5,"IS",66,1,7,1,6,5,1,3,5,2,3,5,2
"8318",4,"IS",65,1,5,1,9,4,1,3,8,5,4,5,3
"8319",4,"IS",43,1,2,1,4,5,2,3,2,5,4,6,5
"8320",4,"IS",70,2,6,6,6,5,1,4,9,9,5,4,2
"8321",5,"IS",62,2,6,1,7,5,1,3,7,0,2,5,2
"8322",5,"IS",33,1,7,1,6,5,2,3,5,1,1,3,4
"8323",4,"IS",41,1,5,1,6,5,2,4,4,6,2,5,3
"8324",4,"IS",48,1,6,3,2,4,2,3,2,6,2,2,5
"8325",1,"IS",62,2,3,1,8,5,1,2,5,8,4,5,1
"8326",4,"IS",59,2,4,1,5,5,1,3,5,99,3,5,3
"8327",4,"IS",22,2,4,1,8,5,1,3,6,1,4,3,3
"8328",5,"IS",68,2,3,5,1,5,3,3,8,7,5,4,4
"8329",4,"IS",36,1,6,1,4,5,1,3,5,4,3,4,4
"8330",5,"IS",54,2,7,1,9,5,1,3,6,2,4,5,4
"8331",3,"IS",27,2,2,1,3,5,2,4,4,5,3,3,2
"8332",5,"IS",55,1,5,1,9,5,1,3,7,4,4,5,3
"8333",5,"IS",77,1,3,6,2,5,1,1,0,99,6,5,3
"8334",6,"IS",68,2,2,1,3,5,2,2,3,6,2,4,4
"8335",4,"IS",84,1,7,1,5,5,1,2,3,5,4,5,4
"8336",2,"IS",33,2,7,1,7,5,1,3,8,8,3,4,2
"8337",3,"IS",64,2,6,1,6,5,1,3,6,7,4,5,2
"8338",5,"IS",37,1,5,8,9,5,1,3,4,4,3,6,3
"8339",4,"IS",74,1,6,6,4,5,1,3,7,8,5,6,9
"8340",5,"IS",43,1,7,1,9,5,2,2,8,7,6,6,4
"8341",5,"IS",50,2,7,1,6,5,1,4,6,0,6,6,4
"8342",4,"IS",52,2,6,5,9,5,1,3,9,9,4,6,2
"8343",5,"IS",36,2,6,2,1,5,4,4,7,4,4,3,2
"8344",4,"IS",24,1,4,2,88,5,1,3,6,2,99,99,9
"8345",1,"IS",43,2,55,1,8,5,1,4,8,6,2,5,4
"8346",5,"IS",44,1,7,1,8,5,2,3,7,3,5,5,5
"8347",4,"IS",55,2,7,1,2,5,3,3,7,6,4,4,3
"8348",2,"IS",49,1,6,1,77,5,1,4,8,6,3,5,2
"8349",5,"IS",73,1,5,6,3,5,1,3,7,7,4,5,3
"8350",4,"IS",71,2,6,6,1,4,1,3,7,5,6,6,3
"8351",5,"IS",72,1,5,6,9,5,1,1,0,6,3,6,3
"8352",4,"IS",45,2,7,1,9,5,1,4,8,8,4,5,2
"8353",5,"IS",60,1,2,1,8,5,1,3,5,5,3,6,9
"8354",6,"IS",49,1,3,1,3,5,4,3,7,99,5,4,2
"8355",1,"IS",58,2,6,1,5,5,1,2,7,0,5,99,4
"8356",2,"IS",48,1,5,1,9,5,2,4,8,5,5,5,2
"8357",4,"IS",65,2,2,1,77,5,1,3,6,5,5,6,9
"8358",4,"IS",53,1,7,1,10,5,1,3,3,7,4,5,2
"8359",4,"IS",71,1,6,1,77,5,7,1,5,5,2,4,3
"8360",5,"IS",47,2,7,1,9,5,1,3,6,1,4,6,2
"8361",6,"IS",53,1,7,1,6,5,1,3,7,5,5,5,2
"8362",5,"IS",73,2,5,6,4,5,1,3,9,7,5,5,2
"8363",5,"IS",72,1,2,6,7,5,1,4,5,5,3,4,1
"8364",4,"IS",35,2,5,1,2,5,1,3,7,2,3,6,9
"8365",4,"IS",51,2,7,1,4,5,1,3,6,8,5,5,4
"8366",4,"IS",47,2,2,5,2,5,4,4,8,99,5,4,3
"8367",5,"IS",56,2,7,1,9,5,1,4,8,5,5,3,3
"8368",5,"IS",56,2,6,1,7,5,1,3,5,4,4,5,2
"8369",1,"IS",74,2,6,6,1,5,3,4,10,10,5,6,3
"8370",5,"IS",42,1,2,1,10,5,1,1,3,2,3,5,3
"8371",5,"IS",42,2,5,1,88,5,2,4,7,7,4,5,3
"8372",5,"IS",56,2,3,1,7,5,1,3,5,99,3,5,9
"8373",4,"IS",20,2,2,2,6,4,2,4,4,4,99,99,9
"8374",1,"IS",62,2,7,1,5,5,1,3,8,2,6,6,2
"8375",5,"IS",61,2,6,1,7,5,1,3,5,5,1,5,3
"8376",4,"IS",71,1,4,6,3,5,1,3,7,4,4,6,3
"8377",4,"IS",42,1,2,1,2,5,1,3,6,6,4,5,3
"8378",1,"IS",42,2,3,1,9,5,1,4,7,7,6,4,2
"8379",5,"IS",39,2,7,1,7,5,1,3,9,5,4,6,3
"8380",1,"IS",68,2,4,8,5,5,1,3,4,4,4,6,2
"8381",2,"IS",47,2,7,1,9,5,1,4,8,8,2,5,2
"8382",6,"PL",31,1,7,1,10,5,1,3,6,7,3,5,4
"8383",4,"PL",70,1,4,6,5,3,2,4,6,4,4,5,4
"8384",5,"PL",44,2,3,1,9,5,2,3,5,9,4,4,4
"8385",4,"PL",62,1,6,1,9,5,2,2,6,10,2,5,2
"8386",1,"PL",30,1,7,1,10,5,1,2,0,8,3,4,4
"8387",6,"PL",83,2,1,6,88,1,2,3,6,1,1,5,3
"8388",3,"PL",23,2,4,1,5,5,2,4,8,5,4,4,3
"8389",6,"PL",73,1,2,6,77,1,2,4,10,0,0,6,3
"8390",4,"PL",47,2,7,1,9,5,2,3,7,0,1,5,3
"8391",4,"PL",42,2,7,1,10,5,1,3,7,4,2,3,2
"8392",4,"PL",55,1,3,1,6,5,2,3,7,9,3,4,2
"8393",4,"PL",64,1,4,6,6,5,2,2,9,5,1,2,4
"8394",3,"PL",46,2,7,8,10,5,2,3,7,6,3,5,3
"8395",3,"PL",25,2,6,1,10,5,1,1,8,8,5,4,4
"8396",3,"PL",25,1,6,1,88,5,2,2,0,7,2,4,3
"8397",1,"PL",59,2,2,8,3,5,2,3,6,10,4,4,2
"8398",4,"PL",29,2,7,1,5,5,2,3,7,10,5,6,3
"8399",4,"PL",60,2,4,8,77,2,3,4,9,0,3,6,3
"8400",4,"PL",79,1,4,6,5,5,2,4,9,0,3,4,2
"8401",4,"PL",62,1,4,1,88,1,2,3,3,2,3,4,4
"8402",4,"PL",58,1,7,6,2,5,2,4,10,7,2,2,4
"8403",4,"PL",38,2,7,1,10,5,1,1,2,3,4,5,3
"8404",3,"PL",77,1,4,6,5,5,2,4,8,7,2,5,3
"8405",3,"PL",75,2,2,6,2,5,2,2,2,9,1,4,2
"8406",6,"PL",82,2,6,6,3,2,3,5,9,10,2,4,2
"8407",4,"PL",55,1,2,1,10,5,2,2,5,3,3,3,3
"8408",4,"PL",33,1,4,1,7,5,2,2,5,5,3,99,2
"8409",1,"PL",30,2,7,8,9,5,1,2,2,7,1,6,4
"8410",2,"PL",86,1,2,6,4,1,2,3,4,4,1,3,4
"8411",1,"PL",78,1,3,6,5,5,2,3,5,8,2,4,3
"8412",4,"PL",61,1,2,1,4,5,2,4,10,5,2,4,2
"8413",5,"PL",53,1,7,3,10,5,1,3,5,5,4,5,3
"8414",3,"PL",60,2,2,6,2,5,3,2,6,10,3,3,5
"8415",4,"PL",63,2,5,6,77,4,2,3,7,5,3,2,3
"8416",2,"PL",69,1,4,6,6,1,2,4,9,0,5,5,3
"8417",6,"PL",53,2,7,1,6,5,3,3,3,3,1,5,3
"8418",4,"PL",35,1,3,1,77,5,2,2,5,5,3,4,3
"8419",4,"PL",34,2,3,8,5,5,2,2,6,8,4,4,3
"8420",4,"PL",45,2,4,1,9,5,2,3,7,1,2,4,5
"8421",1,"PL",73,2,7,6,4,3,2,4,10,8,2,4,3
"8422",4,"PL",35,2,7,1,6,5,1,1,0,99,2,4,3
"8423",1,"PL",79,1,7,8,7,5,2,2,5,6,1,5,2
"8424",6,"PL",51,2,7,1,77,5,1,3,3,1,2,0,3
"8425",4,"PL",52,2,7,1,77,5,1,2,2,3,3,4,4
"8426",4,"PL",40,2,4,1,3,5,1,3,5,5,3,4,3
"8427",1,"PL",38,1,4,1,6,5,2,4,4,5,5,2,5
"8428",1,"PL",62,2,5,1,6,5,2,4,7,7,2,5,2
"8429",4,"PL",68,2,4,6,77,5,2,1,5,5,3,6,3
"8430",1,"PL",40,2,2,5,5,5,2,3,7,8,4,3,3
"8431",4,"PL",51,2,7,1,9,5,1,3,6,8,4,5,3
"8432",4,"PL",64,2,4,6,3,5,2,4,9,5,2,4,3
"8433",3,"PL",72,1,2,6,5,2,2,4,7,8,2,6,3
"8434",2,"PL",67,1,2,6,8,5,1,2,3,2,2,5,4
"8435",3,"PL",52,2,7,1,8,5,2,3,6,8,1,5,3
"8436",4,"PL",41,1,3,1,3,5,2,3,99,0,4,4,2
"8437",4,"PL",26,2,4,1,5,5,2,3,7,4,2,4,3
"8438",1,"PL",61,1,2,1,5,5,1,5,9,0,1,2,4
"8439",4,"PL",32,2,7,1,8,5,1,3,6,2,3,2,3
"8440",3,"PL",25,2,6,1,7,5,2,3,5,8,0,4,4
"8441",7,"PL",78,1,2,6,6,4,1,4,7,7,2,4,3
"8442",6,"PL",44,2,3,8,5,2,3,3,7,6,3,4,3
"8443",4,"PL",66,1,3,4,3,5,2,4,9,10,3,5,3
"8444",2,"PL",67,1,2,6,3,1,2,4,8,99,3,4,3
"8445",6,"PL",51,2,7,8,4,5,2,3,8,5,2,3,4
"8446",4,"PL",36,2,3,1,5,5,2,3,4,0,5,6,9
"8447",1,"PL",41,1,7,1,6,5,2,1,0,5,1,5,5
"8448",4,"PL",49,1,4,1,7,5,2,2,8,5,3,5,4
"8449",4,"PL",36,1,4,1,77,5,2,3,5,1,5,4,2
"8450",6,"PL",999,1,3,1,88,5,2,2,5,4,2,4,3
"8451",3,"PL",24,1,4,2,6,5,2,3,5,7,2,3,2
"8452",4,"PL",45,1,7,1,4,5,2,1,0,5,3,4,5
"8453",4,"PL",60,1,3,1,77,5,2,3,6,3,3,6,3
"8454",4,"PL",78,2,1,6,88,1,2,3,5,99,2,4,3
"8455",4,"PL",26,1,4,1,9,5,2,1,0,6,4,4,3
"8456",4,"PL",32,1,6,1,9,5,2,2,7,9,4,5,4
"8457",3,"PL",45,2,7,1,8,5,1,5,8,10,1,4,3
"8458",3,"PL",44,2,6,8,6,5,2,3,5,5,3,4,3
"8459",4,"PL",66,1,4,1,9,5,1,1,1,1,2,2,4
"8460",3,"PL",54,2,6,1,5,5,2,2,4,7,3,3,4
"8461",4,"PL",59,1,2,1,6,5,2,1,0,10,3,6,5
"8462",3,"PL",38,2,7,1,6,5,2,2,6,7,3,4,3
"8463",9,"PL",48,2,3,1,88,5,2,4,5,5,3,4,3
"8464",4,"PL",44,1,3,1,2,5,2,1,0,10,1,3,3
"8465",3,"PL",20,2,4,2,4,5,2,4,7,6,3,5,4
"8466",4,"PL",30,2,4,1,3,5,2,4,7,4,3,4,4
"8467",2,"PL",66,2,2,8,3,5,3,3,99,99,0,4,4
"8468",4,"PL",66,1,7,1,77,5,2,3,8,5,4,4,3
"8469",3,"PL",26,1,4,2,9,5,1,3,4,8,3,2,3
"8470",4,"PL",62,1,3,1,6,5,2,3,5,7,1,4,3
"8471",6,"PL",24,2,4,1,7,5,1,2,5,5,3,1,2
"8472",4,"PL",23,1,4,2,88,4,1,3,6,7,3,5,4
"8473",1,"PL",63,1,2,1,8,2,2,3,6,10,4,6,2
"8474",6,"PL",85,1,2,6,4,1,3,3,7,8,3,3,3
"8475",9,"PL",71,2,4,6,88,1,2,3,3,5,3,4,4
"8476",4,"PL",34,2,7,1,77,5,2,3,6,3,3,6,3
"8477",4,"PL",69,2,7,6,6,5,1,2,2,10,1,5,3
"8478",1,"PL",68,1,2,6,4,2,2,3,8,8,2,5,2
"8479",3,"PL",72,2,7,6,10,5,1,3,5,10,3,5,2
"8480",6,"PL",71,2,3,6,5,2,2,4,8,7,4,5,3
"8481",7,"PL",76,2,4,6,6,5,1,4,10,3,3,5,3
"8482",4,"PL",21,1,2,4,77,5,2,2,2,0,3,5,3
"8483",4,"PL",76,1,7,6,5,5,1,4,8,3,3,5,3
"8484",4,"PL",42,2,4,1,8,5,2,3,6,3,5,3,3
"8485",4,"PL",21,2,2,2,88,5,2,4,10,3,4,4,1
"8486",4,"PL",52,1,2,6,1,5,2,3,10,10,0,4,3
"8487",3,"PL",65,2,2,6,5,2,2,9,10,10,6,6,3
"8488",4,"PL",38,2,7,1,8,5,2,3,5,0,1,3,2
"8489",4,"PL",20,2,2,2,88,5,2,4,6,5,4,3,2
"8490",4,"PL",35,1,2,1,88,5,2,4,10,10,5,6,3
"8491",3,"PL",36,2,7,1,7,5,2,4,10,9,2,3,3
"8492",3,"PL",22,2,4,2,5,5,1,4,7,1,3,5,2
"8493",1,"PL",21,1,2,2,88,5,2,3,4,7,1,5,2
"8494",2,"PL",60,1,6,1,77,5,2,1,5,5,3,3,3
"8495",5,"PL",46,2,7,1,77,5,2,2,2,8,4,5,2
"8496",2,"PL",52,2,2,1,4,3,3,3,2,5,5,5,3
"8497",4,"PL",69,1,2,6,77,1,2,4,4,0,0,3,3
"8498",4,"PL",55,1,4,1,77,5,2,2,3,1,4,4,3
"8499",4,"PL",33,2,3,1,8,5,2,3,7,7,2,4,3
"8500",4,"PL",41,2,7,1,10,5,1,4,8,0,1,5,3
"8501",4,"PL",21,1,4,2,88,5,2,2,2,3,3,3,4
"8502",1,"PL",20,1,4,2,7,5,1,3,6,0,5,6,3
"8503",1,"PL",53,2,7,8,8,5,3,3,5,7,2,3,3
"8504",3,"PL",28,2,7,3,6,5,2,3,8,8,4,5,1
"8505",4,"PL",41,1,7,1,8,5,2,2,4,1,3,4,4
"8506",1,"PL",74,2,4,6,2,5,2,4,7,5,4,4,1
"8507",4,"PL",31,2,5,1,8,5,2,3,5,0,2,2,3
"8508",9,"PL",76,2,4,6,2,5,3,3,10,10,4,4,3
"8509",4,"PL",52,1,4,1,8,5,1,3,5,10,4,6,3
"8510",3,"PL",22,2,4,2,6,5,2,3,6,9,4,5,2
"8511",4,"PL",50,1,2,1,5,5,1,3,7,3,2,2,3
"8512",6,"PL",75,1,4,6,3,1,3,4,9,10,2,6,3
"8513",3,"PL",44,1,6,1,3,5,3,3,6,7,3,2,2
"8514",3,"PL",64,2,4,6,77,5,2,3,8,9,4,5,2
"8515",4,"PL",47,2,4,1,8,5,2,2,6,4,3,6,3
"8516",3,"PL",67,2,2,6,1,5,2,3,5,4,3,6,3
"8517",1,"PL",77,2,4,6,4,1,2,9,5,5,5,6,4
"8518",2,"PL",35,2,4,1,5,5,2,3,5,5,3,3,3
"8519",4,"PL",28,2,7,1,6,5,2,3,5,8,5,4,2
"8520",1,"PL",62,2,2,1,5,2,3,3,6,8,2,5,3
"8521",4,"PL",54,2,7,1,7,4,2,3,7,0,99,99,3
"8522",4,"PL",64,1,4,1,9,3,1,2,6,8,4,5,3
"8523",1,"PL",67,1,3,6,8,5,1,2,1,2,3,2,4
"8524",2,"PL",22,1,4,2,88,5,1,1,0,4,2,4,3
"8525",1,"PL",31,2,7,1,10,5,1,4,8,5,3,5,4
"8526",4,"PL",61,1,4,1,2,3,2,5,2,0,3,4,3
"8527",4,"PL",55,2,4,1,9,5,2,3,6,0,2,4,4
"8528",5,"PL",37,1,7,1,10,5,2,3,7,7,3,4,3
"8529",4,"PL",36,2,6,1,4,5,3,2,5,5,3,3,3
"8530",4,"PL",65,2,4,6,77,3,2,2,8,99,6,6,3
"8531",1,"PL",25,2,6,1,6,5,2,3,6,6,3,5,2
"8532",3,"PL",39,1,2,6,2,5,3,3,3,5,99,99,9
"8533",1,"PL",65,1,7,1,10,4,1,2,1,99,2,4,4
"8534",1,"PL",24,2,4,2,2,5,2,3,6,7,5,3,4
"8535",4,"PL",51,2,7,1,5,5,2,5,10,5,3,5,3
"8536",4,"PL",65,1,4,1,77,5,2,4,8,5,1,4,3
"8537",4,"PL",35,1,7,1,10,5,2,3,5,1,4,6,5
"8538",3,"PL",44,2,55,1,3,5,2,4,8,10,0,6,2
"8539",5,"PL",43,2,7,8,10,4,2,3,6,5,4,4,3
"8540",2,"PL",50,2,2,1,6,5,2,3,4,0,0,2,3
"8541",4,"PL",57,2,7,1,10,5,1,3,5,5,4,5,4
"8542",1,"PL",70,2,5,6,4,3,1,4,5,3,4,5,3
"8543",1,"PL",70,2,7,6,8,5,2,4,8,5,4,5,2
"8544",4,"PL",30,2,4,4,3,5,3,2,3,6,3,6,3
"8545",5,"PL",67,1,3,6,7,5,2,2,4,3,4,5,3
"8546",4,"PL",34,1,7,1,9,5,1,2,5,7,2,5,4
"8547",4,"PL",76,1,4,6,10,1,2,3,7,7,3,5,2
"8548",4,"PL",41,2,7,1,9,5,2,3,8,4,2,3,4
"8549",4,"PL",49,1,2,1,7,5,2,4,8,10,3,5,3
"8550",4,"PL",43,2,7,1,77,5,2,3,0,9,5,3,4
"8551",4,"PL",63,1,4,1,5,5,2,3,5,5,1,4,3
"8552",3,"PL",80,2,5,6,3,1,2,3,7,8,2,3,3
"8553",1,"PL",52,2,7,1,3,5,2,2,0,8,4,2,4
"8554",3,"PL",32,1,7,1,10,5,1,3,5,8,2,4,3
"8555",4,"PL",58,1,2,1,5,2,2,3,5,5,3,3,3
"8556",4,"PL",51,1,2,3,88,5,2,3,8,7,4,6,3
"8557",6,"PL",61,2,4,1,5,5,3,3,6,5,3,4,3
"8558",3,"PL",41,2,7,1,4,5,2,3,5,9,5,5,3
"8559",2,"PL",68,1,2,6,5,1,3,4,9,5,1,6,2
"8560",4,"PL",24,2,4,1,4,5,2,3,9,9,2,1,5
"8561",4,"PL",54,2,7,1,5,5,2,9,5,1,3,6,3
"8562",4,"PL",68,1,4,8,10,2,1,2,5,99,0,4,1
"8563",4,"PL",47,2,7,1,5,5,2,3,8,5,0,5,1
"8564",1,"PL",83,2,6,6,2,1,2,3,7,10,2,6,2
"8565",4,"PL",52,1,3,1,6,1,2,3,5,2,4,3,3
"8566",6,"PL",83,1,2,6,4,1,3,2,2,5,2,5,3
"8567",4,"PL",53,1,4,1,4,5,2,3,10,10,2,3,4
"8568",4,"PL",79,1,7,6,8,3,2,3,10,10,4,5,3
"8569",4,"PL",23,2,4,1,5,5,2,2,4,1,3,6,2
"8570",3,"PL",56,1,2,4,77,1,2,5,10,7,6,6,3
"8571",3,"PL",30,2,6,1,6,5,2,5,6,8,1,3,2
"8572",4,"PL",48,1,7,1,7,5,2,3,5,5,2,4,3
"8573",2,"PL",72,2,2,6,2,2,2,3,8,99,2,3,4
"8574",2,"PL",54,2,7,1,8,5,2,3,8,1,2,4,3
"8575",4,"PL",81,2,4,8,77,5,3,4,7,5,4,4,2
"8576",5,"PL",69,1,7,6,7,5,2,4,9,4,4,5,2
"8577",9,"PL",53,2,4,1,4,5,2,5,8,7,4,3,3
"8578",2,"PL",38,1,3,1,4,5,2,4,5,4,3,2,5
"8579",6,"PL",82,1,7,6,9,5,1,4,5,8,3,5,2
"8580",1,"PL",42,2,7,1,8,5,1,4,8,8,3,5,3
"8581",4,"PL",41,2,3,8,5,5,2,3,3,3,1,2,3
"8582",4,"PL",61,2,7,1,9,5,2,4,10,4,1,2,2
"8583",2,"PL",25,2,4,2,77,5,2,4,7,5,3,4,2
"8584",4,"PL",74,1,2,6,5,2,2,3,7,9,4,5,3
"8585",3,"PL",29,2,7,1,4,5,1,3,3,8,1,5,4
"8586",1,"PL",72,2,2,6,4,3,2,4,9,2,1,5,4
"8587",1,"PL",76,1,7,6,4,5,2,4,10,0,4,5,2
"8588",4,"PL",35,1,3,1,88,5,2,3,5,5,3,4,3
"8589",4,"PL",50,1,7,1,77,4,1,5,8,1,2,4,3
"8590",3,"PL",65,1,4,1,3,1,2,4,8,8,3,4,3
"8591",4,"PL",44,1,7,1,7,5,3,1,0,4,3,2,1
"8592",5,"PL",41,2,7,1,4,5,2,2,5,7,4,4,3
"8593",4,"PL",46,1,7,1,5,5,2,2,2,5,5,4,4
"8594",1,"PL",34,2,7,1,7,5,2,3,5,1,2,4,3
"8595",3,"PL",63,1,4,1,4,1,2,9,10,10,4,2,1
"8596",1,"PL",28,1,3,5,88,3,2,3,5,5,3,4,3
"8597",4,"PL",46,1,7,1,10,5,1,1,2,0,4,6,3
"8598",1,"PL",76,2,7,6,7,5,2,3,6,6,3,5,2
"8599",4,"PL",54,1,4,1,8,5,2,3,6,5,2,3,3
"8600",3,"PL",20,1,2,2,88,5,1,2,2,7,3,5,3
"8601",2,"PL",75,2,5,6,1,2,2,3,2,1,2,6,4
"8602",4,"PL",48,1,5,1,77,4,2,3,7,5,4,5,3
"8603",4,"PL",42,1,4,1,8,5,1,3,4,5,1,2,2
"8604",3,"PL",21,2,4,2,7,5,1,4,6,7,1,4,1
"8605",4,"PL",66,2,1,6,4,5,2,3,1,5,2,3,1
"8606",1,"PL",33,1,7,1,77,5,2,3,5,3,2,3,3
"8607",4,"PL",21,2,2,1,8,5,2,3,1,2,6,3,4
"8608",4,"PL",26,2,6,2,2,4,2,2,5,6,3,4,2
"8609",4,"PL",49,1,2,1,10,5,2,4,8,7,2,5,2
"8610",4,"PL",66,1,2,6,8,1,2,4,10,7,5,6,2
"8611",3,"PL",59,2,7,1,8,5,2,2,7,10,4,5,2
"8612",1,"PL",48,1,5,1,9,5,2,2,8,2,5,4,5
"8613",3,"PL",55,2,6,1,6,3,1,3,6,8,2,5,2
"8614",4,"PL",53,1,6,1,10,5,2,4,5,5,3,4,3
"8615",4,"PL",26,1,7,1,77,5,2,3,6,5,4,5,2
"8616",4,"PL",23,2,4,2,88,5,2,3,5,5,4,3,3
"8617",3,"PL",60,2,2,8,5,3,3,3,7,3,1,3,4
"8618",6,"PL",68,1,4,6,3,1,2,4,6,7,4,5,3
"8619",5,"PL",70,1,2,6,7,2,2,4,10,10,6,6,3
"8620",4,"PL",62,2,2,2,5,5,2,2,0,2,1,4,3
"8621",4,"PL",43,2,7,1,9,5,1,5,8,10,3,6,3
"8622",9,"PL",63,1,3,1,4,1,2,1,0,10,6,6,4
"8623",3,"PL",50,2,7,1,77,5,2,3,6,8,2,5,2
"8624",1,"PL",64,2,2,6,4,5,1,4,8,10,1,6,2
"8625",1,"PL",64,1,3,6,3,3,2,3,5,5,1,5,2
"8626",1,"PL",85,2,7,6,8,1,1,3,99,4,5,5,4
"8627",4,"PL",53,1,2,1,77,5,1,2,1,3,4,5,4
"8628",4,"PL",38,2,7,1,77,5,1,2,3,4,1,5,2
"8629",1,"PL",44,1,2,1,2,5,2,2,1,8,3,2,2
"8630",4,"PL",68,2,7,6,5,5,2,9,3,4,3,4,4
"8631",3,"PL",57,2,4,1,77,5,2,3,7,8,2,5,3
"8632",4,"PL",40,1,6,1,9,5,1,2,2,3,3,3,4
"8633",1,"PL",68,1,2,6,7,5,2,3,6,7,4,5,3
"8634",1,"PL",37,2,4,1,3,5,3,2,5,6,3,4,4
"8635",1,"PL",44,1,6,1,8,5,2,2,0,10,3,3,5
"8636",4,"PL",41,1,6,1,6,4,2,4,10,5,0,5,3
"8637",1,"PL",62,2,7,2,6,5,2,3,10,5,2,4,4
"8638",4,"PL",34,1,4,1,77,5,2,3,5,5,2,4,4
"8639",4,"PL",46,1,7,1,8,5,2,4,7,8,3,4,3
"8640",1,"PL",26,1,4,3,77,5,2,3,6,7,2,6,2
"8641",4,"PL",49,1,7,1,10,5,2,3,4,5,2,4,2
"8642",4,"PL",67,1,4,1,88,3,2,3,7,3,4,5,3
"8643",4,"PL",34,1,4,1,7,5,2,3,4,6,3,4,3
"8644",1,"PL",40,1,2,1,3,5,2,3,6,5,5,5,3
"8645",4,"PL",63,1,7,1,10,5,1,5,10,0,0,5,2
"8646",4,"PL",70,1,2,6,5,1,3,3,2,2,2,5,2
"8647",4,"PL",67,1,2,6,3,1,2,4,10,6,3,4,4
"8648",1,"PL",60,2,7,8,8,5,2,1,0,5,2,99,5
"8649",4,"PL",27,2,3,1,5,5,2,3,5,5,3,3,3
"8650",4,"PL",48,2,7,1,77,5,2,3,5,5,3,5,4
"8651",1,"PL",72,2,3,6,1,3,2,1,5,9,4,5,3
"8652",6,"PL",86,1,2,6,3,1,2,3,5,2,3,5,2
"8653",3,"PL",49,2,7,1,4,5,2,3,6,8,2,4,4
"8654",6,"PL",68,2,7,6,5,5,1,5,10,5,3,4,3
"8655",9,"PL",70,1,6,6,6,2,2,4,10,99,3,5,2
"8656",3,"PL",46,2,7,1,4,5,2,4,5,10,2,3,3
"8657",4,"PL",47,2,7,1,77,5,2,3,6,99,4,3,3
"8658",3,"PL",71,1,2,6,2,2,2,4,9,9,2,5,3
"8659",1,"PL",32,1,6,1,7,5,1,2,1,3,2,5,5
"8660",6,"PL",78,1,4,6,77,1,2,3,5,5,3,4,3
"8661",1,"PL",27,2,7,1,10,5,2,4,6,10,1,6,3
"8662",6,"PL",32,1,3,5,3,5,2,3,3,5,4,0,5
"8663",3,"PL",59,1,2,1,3,1,2,3,5,7,3,3,3
"8664",2,"PL",19,2,2,2,9,4,1,3,5,5,4,5,2
"8665",4,"PL",20,2,2,2,88,5,1,3,8,10,1,5,3
"8666",1,"PL",41,1,3,8,88,5,3,3,5,10,5,5,2
"8667",6,"PL",46,2,7,1,10,5,1,5,8,5,2,5,3
"8668",1,"PL",66,2,7,1,9,5,1,2,3,10,4,5,2
"8669",4,"PL",66,1,4,1,5,1,2,3,6,5,5,6,3
"8670",5,"PL",72,1,6,6,77,5,1,4,9,6,1,3,4
"8671",5,"PL",46,1,7,4,8,5,2,4,7,7,3,5,1
"8672",4,"PL",41,1,6,1,9,5,1,1,1,7,1,5,5
"8673",3,"PL",52,2,7,1,8,5,2,2,8,9,3,4,5
"8674",4,"PL",80,1,4,8,5,5,2,3,5,10,3,6,3
"8675",4,"PL",28,1,7,3,10,5,1,2,7,10,4,6,1
"8676",4,"PL",44,1,7,1,77,5,2,3,8,8,5,5,2
"8677",2,"PL",40,1,6,1,9,5,3,5,10,0,0,0,1
"8678",4,"PL",42,1,7,1,9,5,2,3,8,6,3,4,3
"8679",3,"PL",24,2,4,2,88,5,1,2,5,7,4,4,2
"8680",4,"PL",59,2,2,1,6,1,2,2,0,5,3,3,2
"8681",1,"PL",65,1,5,9,4,5,1,4,8,5,2,4,4
"8682",4,"PL",65,1,2,6,5,5,2,4,10,5,6,6,3
"8683",4,"PL",39,2,7,8,10,5,2,3,6,5,5,4,4
"8684",4,"PL",49,1,6,6,10,5,2,2,5,9,5,2,3
"8685",4,"PL",47,1,7,1,77,5,2,2,5,5,3,5,3
"8686",4,"PL",55,2,7,1,8,5,2,4,7,0,5,4,3
"8687",4,"PL",52,2,5,1,6,5,2,3,5,5,4,4,4
"8688",4,"PL",43,2,4,1,77,5,2,3,7,10,2,3,3
"8689",3,"PL",76,2,4,6,2,5,2,3,8,10,3,6,3
"8690",4,"PL",35,2,7,1,9,5,1,3,10,0,3,6,2
"8691",4,"PL",36,2,7,1,6,5,2,2,4,5,3,4,2
"8692",4,"PL",52,2,7,1,8,5,2,2,5,6,3,5,3
"8693",1,"PL",45,1,7,1,9,5,2,3,5,3,2,2,4
"8694",5,"PL",66,2,4,6,77,5,2,5,8,5,1,4,1
"8695",3,"PL",65,1,2,6,3,1,3,3,7,10,0,1,4
"8696",1,"PL",21,2,4,2,77,5,1,3,5,0,2,5,3
"8697",4,"PL",61,1,4,1,4,5,2,3,7,7,1,3,4
"8698",1,"PL",69,1,4,6,3,5,2,3,6,7,2,3,4
"8699",4,"PL",43,2,6,8,2,5,3,2,1,6,4,5,4
"8700",4,"PL",65,1,7,1,10,5,2,2,5,9,3,6,2
"8701",4,"PL",45,1,4,1,5,5,2,2,3,8,2,4,3
"8702",3,"PL",30,1,7,1,4,5,2,4,8,9,3,3,3
"8703",3,"PL",60,2,7,1,9,5,2,4,9,99,1,3,3
"8704",4,"PL",27,1,6,1,8,5,3,4,7,7,5,4,2
"8705",4,"PL",31,2,7,1,5,5,2,3,5,5,2,5,3
"8706",4,"PL",48,2,7,1,10,4,1,4,8,9,2,6,1
"8707",4,"PL",22,1,4,2,88,5,1,2,5,8,2,4,4
"8708",1,"PL",23,2,3,8,77,5,2,3,9,0,1,0,4
"8709",4,"PL",85,1,1,1,3,5,3,4,8,8,3,5,4
"8710",1,"PL",35,2,7,1,10,5,2,5,8,8,2,4,2
"8711",2,"PL",50,1,5,8,3,5,2,3,8,8,3,4,3
"8712",4,"PL",46,1,7,1,9,5,2,4,7,8,3,4,3
"8713",4,"PL",33,1,7,1,77,5,2,3,4,4,4,5,4
"8714",4,"PL",26,2,7,1,7,5,2,3,4,0,3,5,3
"8715",1,"PL",24,1,4,1,77,5,2,3,6,3,4,3,4
"8716",1,"PL",70,1,4,6,77,3,2,1,1,1,2,2,5
"8717",2,"PL",58,1,2,9,4,2,3,4,7,5,4,6,3
"8718",3,"PL",73,1,2,6,77,1,2,2,8,0,99,5,1
"8719",4,"PL",47,2,7,1,8,5,2,4,6,4,3,4,4
"8720",6,"PL",49,2,7,1,6,5,2,3,8,5,4,4,3
"8721",9,"PL",44,1,7,1,10,5,2,3,7,9,2,4,3
"8722",6,"PL",74,1,2,6,3,1,2,1,99,99,99,99,9
"8723",4,"PL",44,1,7,1,77,5,2,4,8,7,3,4,3
"8724",4,"PL",28,2,4,1,1,5,2,3,4,5,4,3,3
"8725",6,"PL",84,2,4,6,2,1,3,1,0,0,4,6,4
"8726",4,"PL",34,1,2,5,77,5,2,4,10,0,5,4,3
"8727",5,"PL",47,2,7,1,10,5,2,3,7,8,4,4,5
"8728",3,"PL",72,1,4,6,5,5,2,2,4,10,3,1,4
"8729",4,"PL",27,2,7,1,5,5,1,3,4,3,3,4,4
"8730",6,"PL",57,1,7,1,10,5,1,3,8,5,3,4,3
"8731",2,"PL",69,1,2,6,3,5,2,3,9,8,0,3,3
"8732",4,"PL",65,1,7,1,9,5,2,3,5,2,2,5,3
"8733",4,"PL",47,1,6,1,9,5,1,3,5,10,3,4,3
"8734",4,"PL",63,2,5,6,88,5,3,3,5,2,1,1,5
"8735",4,"PL",42,2,5,8,4,5,2,4,8,2,3,4,3
"8736",4,"PL",30,1,4,1,9,5,1,1,0,10,1,4,5
"8737",3,"PL",64,2,5,1,88,5,2,4,7,2,2,3,3
"8738",1,"PL",43,2,7,1,8,5,2,4,7,9,4,4,3
"8739",4,"PL",36,2,2,8,4,5,2,3,5,0,2,5,1
"8740",3,"PL",70,2,3,6,4,2,3,4,6,9,0,5,5
"8741",3,"PL",71,1,2,6,3,1,2,3,7,3,3,6,3
"8742",1,"PL",78,1,6,6,2,3,2,3,7,10,2,4,3
"8743",1,"PL",52,1,7,6,7,5,2,3,5,5,1,6,2
"8744",3,"PL",70,2,4,6,2,1,2,3,6,10,3,4,3
"8745",3,"PL",50,1,4,1,8,5,1,3,6,7,2,4,9
"8746",4,"PL",74,2,2,6,5,1,1,3,4,2,3,4,4
"8747",3,"PL",82,1,7,6,88,5,2,3,9,9,5,5,2
"8748",4,"PL",62,1,7,1,8,5,2,4,9,10,3,4,3
"8749",4,"PL",63,1,7,1,9,5,1,2,7,5,3,5,4
"8750",4,"PL",62,1,7,8,3,5,2,4,9,5,4,4,3
"8751",3,"PL",32,1,4,1,77,5,3,1,0,9,4,2,3
"8752",6,"PL",86,1,2,6,2,1,2,2,1,10,2,2,4
"8753",5,"PL",62,1,4,1,7,5,2,3,5,5,3,4,3
"8754",4,"PL",32,1,7,1,77,5,1,1,0,3,3,5,5
"8755",4,"PL",39,2,7,1,8,5,2,3,7,4,5,5,4
"8756",4,"PL",26,1,4,1,7,5,1,3,5,2,5,3,2
"8757",1,"PL",74,2,4,6,4,1,2,3,8,10,3,5,2
"8758",2,"PL",67,1,7,1,8,2,2,9,6,8,2,3,2
"8759",4,"PL",50,1,7,1,10,5,2,3,5,6,4,6,3
"8760",1,"PL",25,1,3,1,4,5,2,3,5,6,5,3,3
"8761",2,"PL",68,2,7,6,1,2,2,2,1,6,6,0,5
"8762",9,"PL",29,2,7,1,10,5,1,9,99,99,99,99,9
"8763",4,"PL",69,1,2,6,7,2,2,4,7,9,2,4,3
"8764",4,"PL",71,1,1,6,6,1,2,2,3,0,4,6,3
"8765",7,"PL",57,1,4,1,6,5,2,1,2,10,1,3,5
"8766",5,"PL",77,1,7,6,8,5,2,5,10,5,3,5,2
"8767",3,"PL",75,2,4,6,88,5,2,2,3,10,0,3,1
"8768",4,"PL",57,2,7,1,10,5,2,2,2,9,1,5,4
"8769",4,"PL",68,2,7,6,9,5,1,4,10,10,4,5,2
"8770",3,"PL",24,2,7,2,5,5,2,9,5,9,5,6,3
"8771",9,"PL",76,1,6,6,9,5,2,9,8,5,1,5,3
"8772",4,"PL",73,1,5,6,7,5,2,4,6,5,5,4,2
"8773",4,"PL",67,1,4,8,4,2,2,3,5,10,2,5,4
"8774",5,"PL",53,2,2,1,88,5,1,3,5,5,2,4,3
"8775",6,"PL",52,2,2,1,5,5,2,3,5,5,3,4,5
"8776",3,"PL",58,2,7,1,8,5,2,4,7,5,3,3,1
"8777",4,"PL",65,2,4,6,6,2,2,3,8,8,4,4,3
"8778",1,"PL",76,2,7,6,5,4,2,4,6,4,3,3,4
"8779",4,"PL",39,1,4,1,4,5,2,5,1,0,5,3,5
"8780",4,"PL",50,1,3,1,88,5,2,2,7,0,2,6,3
"8781",4,"PL",29,1,6,1,10,5,2,4,7,1,3,6,3
"8782",3,"PL",54,1,2,1,7,5,1,4,8,6,4,4,3
"8783",7,"PL",43,1,7,8,10,5,1,2,3,5,1,6,3
"8784",4,"PL",32,2,7,1,7,5,2,2,2,5,3,3,3
"8785",4,"PL",53,1,3,1,6,5,2,5,9,0,1,5,3
"8786",3,"PL",45,2,7,1,4,5,1,3,7,8,4,3,4
"8787",4,"PL",66,2,2,6,8,5,2,2,2,3,4,2,4
"8788",4,"PL",42,2,7,1,10,5,2,3,9,7,3,4,4
"8789",4,"PL",33,2,4,1,8,5,3,3,8,0,2,3,4
"8790",4,"PL",46,1,7,1,10,5,1,3,7,8,4,4,3
"8791",4,"PL",73,1,4,6,4,5,1,4,8,10,3,4,3
"8792",4,"PL",56,1,2,1,88,5,2,3,7,2,3,5,3
"8793",6,"PL",69,1,4,6,8,3,1,3,6,5,3,5,2
"8794",4,"PL",45,2,4,1,5,5,2,3,2,10,2,2,3
"8795",4,"PL",74,1,5,6,7,5,2,3,6,8,4,5,2
"8796",4,"PL",38,2,7,1,88,5,2,3,7,5,4,2,3
"8797",4,"PL",31,2,4,8,8,5,2,3,5,6,1,5,1
"8798",1,"PL",48,2,4,1,9,5,2,3,5,7,4,4,3
"8799",2,"PL",66,1,5,3,1,1,3,2,6,8,3,4,1
"8800",4,"PL",68,1,7,2,7,5,2,3,7,6,4,5,2
"8801",3,"PL",35,2,7,1,77,5,1,4,7,6,1,3,3
"8802",1,"PL",65,2,5,6,4,4,2,2,2,4,2,4,3
"8803",1,"PL",73,1,4,6,7,1,2,3,7,10,4,4,5
"8804",4,"PL",35,1,6,1,6,5,1,3,5,3,4,1,4
"8805",4,"PL",25,2,6,2,4,5,2,3,6,7,3,4,4
"8806",2,"PL",61,2,3,8,2,4,2,3,5,5,3,5,2
"8807",4,"PL",65,2,3,6,6,5,3,3,1,0,2,5,3
"8808",6,"PL",80,2,7,6,6,5,2,4,7,10,4,5,2
"8809",2,"PL",73,2,5,6,6,1,3,4,10,99,6,6,3
"8810",3,"PL",64,2,2,6,5,2,2,2,2,10,1,6,3
"8811",9,"PL",20,1,2,1,10,5,1,9,99,99,99,99,9
"8812",4,"PL",38,2,7,1,6,5,1,4,8,7,4,5,1
"8813",4,"PL",48,2,7,8,8,5,2,3,6,7,2,3,5
"8814",1,"PL",35,2,7,1,10,5,1,3,7,7,3,5,4
"8815",4,"PL",36,1,7,1,9,5,2,3,4,3,3,2,4
"8816",4,"PL",40,1,7,1,10,5,2,2,5,7,3,5,4
"8817",6,"PL",20,1,2,2,88,5,2,2,4,10,6,6,1
"8818",4,"PL",47,1,7,1,10,5,1,3,10,5,2,6,1
"8819",4,"PL",42,2,7,1,6,5,2,3,8,7,5,5,3
"8820",4,"PL",64,1,2,1,88,3,2,2,8,10,5,3,4
"8821",1,"PL",38,2,7,1,77,5,2,3,7,9,4,5,3
"8822",4,"PL",41,1,2,1,77,5,2,3,5,5,2,4,3
"8823",1,"PL",26,2,4,1,3,5,2,3,7,8,3,2,4
"8824",4,"PL",65,2,4,1,6,5,2,3,7,6,2,5,3
"8825",4,"PL",30,2,3,8,6,5,2,3,5,5,1,4,2
"8826",4,"PL",39,1,7,1,7,5,1,2,4,8,6,6,2
"8827",3,"PL",37,2,3,8,3,5,2,3,5,7,3,4,3
"8828",4,"PL",62,2,7,6,8,5,2,3,7,2,2,6,3
"8829",1,"PL",75,2,6,6,3,5,2,3,8,8,3,6,3
"8830",4,"PL",76,1,3,6,7,1,3,3,6,10,4,5,3
"8831",4,"PL",36,1,4,1,8,5,2,2,4,5,3,3,3
"8832",4,"PL",78,1,2,6,5,1,2,2,3,8,2,3,4
"8833",4,"PL",45,2,7,1,8,5,2,3,8,0,2,0,3
"8834",2,"PL",32,2,7,8,7,5,1,3,7,8,2,4,3
"8835",4,"PL",48,2,7,1,10,5,1,3,4,2,4,5,3
"8836",4,"PL",69,1,7,6,9,5,1,1,0,5,3,5,4
"8837",2,"PL",76,2,3,6,4,5,2,3,0,10,0,6,4
"8838",1,"PL",71,1,2,6,7,3,2,4,10,10,3,4,1
"8839",4,"PL",62,1,4,6,77,5,2,3,4,4,5,5,4
"8840",4,"PL",47,2,7,1,77,5,2,3,5,7,4,5,3
"8841",4,"PL",21,1,2,2,6,5,3,1,0,8,4,5,5
"8842",6,"PL",71,1,4,6,6,5,2,3,5,6,3,5,3
"8843",6,"PL",54,1,7,1,10,5,2,3,8,9,3,5,2
"8844",4,"PL",23,2,4,1,8,5,1,2,4,0,2,3,4
"8845",4,"PL",55,2,2,8,5,2,2,3,10,0,1,6,1
"8846",4,"PL",51,2,7,1,77,5,2,2,5,10,5,6,2
"8847",1,"PL",73,2,7,6,2,5,2,4,9,6,3,99,2
"8848",4,"PL",62,1,7,1,10,5,2,5,9,4,4,5,4
"8849",4,"PL",27,2,3,8,88,3,2,3,4,3,3,3,3
"8850",4,"PL",26,1,4,1,8,5,2,3,7,9,4,4,5
"8851",1,"PL",64,1,2,6,1,1,3,3,3,0,3,2,2
"8852",1,"PL",67,1,4,6,4,5,2,4,8,9,5,5,2
"8853",2,"PL",25,1,3,1,8,5,2,3,10,0,6,6,2
"8854",4,"PL",68,1,2,6,6,1,2,3,5,10,3,3,3
"8855",1,"PL",29,2,4,1,77,5,2,3,0,10,5,6,3
"8856",3,"PL",37,2,7,1,4,5,2,4,7,1,2,2,3
"8857",3,"PL",20,2,2,2,77,5,2,3,6,6,3,4,3
"8858",3,"PL",66,2,7,6,5,5,1,3,5,7,3,5,4
"8859",4,"PL",47,2,7,1,9,5,2,3,6,3,5,5,3
"8860",4,"PL",50,2,7,1,6,5,2,4,7,5,3,5,2
"8861",3,"PL",20,2,2,2,5,5,2,4,7,6,1,3,3
"8862",4,"PL",43,2,4,1,10,3,2,3,5,5,2,3,3
"8863",4,"PL",70,2,4,6,6,5,1,3,10,10,0,6,2
"8864",4,"PL",51,2,7,1,10,5,2,3,10,3,4,4,3
"8865",4,"PL",36,2,7,1,7,5,2,4,10,6,5,5,2
"8866",4,"PL",22,2,4,1,10,5,2,1,99,3,0,4,3
"8867",4,"PL",65,1,4,1,4,5,2,1,3,8,3,4,5
"8868",4,"PL",51,1,6,1,10,3,2,3,7,8,2,4,3
"8869",3,"PL",49,2,7,1,7,5,2,4,7,8,3,4,2
"8870",1,"PL",60,2,2,1,7,1,1,3,8,5,4,5,4
"8871",4,"PL",67,2,4,6,2,3,2,4,9,4,4,4,3
"8872",9,"PL",78,1,7,6,4,1,2,3,6,6,3,5,3
"8873",1,"PL",80,2,4,6,4,5,2,2,6,10,5,5,3
"8874",2,"PL",74,2,5,6,7,5,1,3,8,2,0,2,2
"8875",2,"PL",53,2,3,5,3,5,2,4,6,99,4,4,4
"8876",1,"PL",49,2,7,1,7,5,2,2,5,3,3,5,5
"8877",1,"PL",23,2,4,2,8,5,2,2,4,5,3,3,2
"8878",4,"PL",38,2,7,1,77,5,2,3,8,7,4,4,3
"8879",4,"PL",66,1,3,1,4,5,3,3,2,10,2,6,4
"8880",1,"PL",73,1,7,6,8,5,2,3,7,7,3,5,2
"8881",4,"PL",38,2,7,1,3,5,3,4,7,8,2,3,1
"8882",4,"PL",28,2,6,1,8,5,2,2,5,0,5,6,3
"8883",4,"PL",28,1,3,1,10,5,2,2,7,7,3,6,4
"8884",4,"PL",26,1,4,2,5,5,2,2,1,6,1,6,3
"8885",4,"PL",55,1,5,1,7,5,2,3,5,7,2,5,2
"8886",4,"PL",69,1,5,1,7,5,2,3,8,99,5,6,2
"8887",4,"PL",64,2,6,6,7,5,2,3,5,5,3,5,2
"8888",3,"PL",24,2,4,1,7,5,2,4,7,6,2,4,1
"8889",5,"PT",58,1,7,1,7,5,2,4,8,8,2,3,4
"8890",6,"PT",69,2,1,8,4,5,3,3,6,10,0,6,4
"8891",4,"PT",37,1,7,1,10,5,1,4,9,5,2,5,3
"8892",9,"PT",67,2,6,4,2,1,3,9,99,99,99,99,9
"8893",4,"PT",74,1,1,6,4,1,2,4,6,5,2,5,4
"8894",4,"PT",43,1,7,1,10,5,2,4,9,5,2,5,2
"8895",4,"PT",35,2,6,1,77,5,2,5,9,2,4,3,3
"8896",4,"PT",41,2,4,5,6,5,2,4,6,2,3,4,3
"8897",4,"PT",51,1,4,1,5,5,3,2,3,2,1,6,4
"8898",3,"PT",55,2,4,1,8,5,2,5,10,0,2,3,4
"8899",4,"PT",46,1,6,1,7,5,3,3,5,5,3,4,3
"8900",3,"PT",72,2,2,6,4,3,2,4,6,3,4,2,3
"8901",4,"PT",43,2,7,1,6,5,2,3,8,8,4,4,3
"8902",1,"PT",80,2,6,6,4,2,2,4,10,5,3,4,2
"8903",3,"PT",56,2,2,4,1,4,3,4,9,10,3,4,5
"8904",4,"PT",57,2,1,1,1,1,4,5,10,10,6,6,2
"8905",4,"PT",53,2,4,1,88,5,1,4,8,7,4,4,3
"8906",4,"PT",63,1,7,1,7,5,2,3,2,0,6,2,3
"8907",5,"PT",51,1,7,1,10,5,1,3,7,4,2,4,3
"8908",5,"PT",38,2,7,3,77,5,4,4,8,0,0,6,5
"8909",4,"PT",73,1,4,6,7,5,2,3,6,4,3,5,3
"8910",2,"PT",55,2,7,1,6,5,1,4,8,2,2,2,3
"8911",4,"PT",63,1,6,1,77,5,1,4,9,5,5,5,3
"8912",1,"PT",53,2,4,8,3,4,2,4,6,6,4,4,4
"8913",5,"PT",43,2,7,1,10,5,1,4,7,4,4,4,2
"8914",4,"PT",35,1,7,1,6,5,3,3,7,2,2,5,2
"8915",3,"PT",32,1,7,1,10,5,1,5,6,3,4,6,2
"8916",4,"PT",51,1,4,1,10,5,1,3,6,7,2,5,2
"8917",4,"PT",76,1,5,6,77,1,1,3,5,99,2,5,3
"8918",4,"PT",41,1,7,1,8,5,2,1,0,6,2,2,3
"8919",4,"PT",48,2,6,1,4,5,2,3,10,4,3,5,3
"8920",3,"PT",22,2,4,2,4,5,2,4,8,7,4,4,4
"8921",4,"PT",43,2,7,1,10,5,1,3,7,6,4,4,3
"8922",1,"PT",73,2,2,6,4,5,3,4,8,3,2,3,4
"8923",2,"PT",54,2,4,1,5,5,2,5,10,5,1,2,4
"8924",3,"PT",74,2,7,6,10,5,1,4,7,2,2,5,3
"8925",3,"PT",30,1,6,1,6,5,3,3,7,8,3,4,3
"8926",3,"PT",69,1,7,6,77,2,2,4,5,7,3,4,4
"8927",4,"PT",76,1,7,6,88,4,1,4,4,5,2,3,3
"8928",4,"PT",80,1,5,6,4,5,1,5,8,7,3,5,2
"8929",1,"PT",64,2,4,1,77,5,2,3,6,5,3,4,3
"8930",4,"PT",54,2,4,3,4,5,2,4,8,8,3,4,2
"8931",1,"PT",75,2,2,6,1,1,3,3,8,3,3,3,3
"8932",4,"PT",52,2,4,1,8,3,2,4,6,5,2,4,2
"8933",4,"PT",28,2,4,1,3,5,4,4,8,8,99,99,3
"8934",4,"PT",51,1,4,1,4,5,2,4,3,2,1,3,2
"8935",4,"PT",48,1,6,1,8,5,1,4,7,3,1,4,2
"8936",1,"PT",85,1,4,6,77,5,2,4,5,7,3,4,3
"8937",1,"PT",68,2,4,6,5,1,2,5,10,9,3,6,2
"8938",4,"PT",51,2,1,3,2,1,4,4,10,10,6,6,3
"8939",1,"PT",85,2,1,6,1,1,2,5,10,1,3,1,4
"8940",4,"PT",39,2,2,1,4,5,4,5,10,99,3,0,5
"8941",3,"PT",75,2,7,6,88,5,2,3,10,6,1,5,9
"8942",4,"PT",36,2,7,1,9,5,3,5,10,8,4,6,1
"8943",6,"PT",83,1,6,6,7,5,2,3,8,5,3,5,3
"8944",6,"PT",75,2,1,6,77,1,3,4,10,8,2,1,3
"8945",3,"PT",79,2,1,6,1,1,3,3,6,5,3,3,1
"8946",2,"PT",29,1,4,1,4,5,2,3,6,9,3,4,2
"8947",2,"PT",78,1,4,9,5,5,3,5,10,5,1,5,1
"8948",4,"PT",59,1,1,1,5,5,2,1,1,5,3,2,1
"8949",1,"PT",48,2,2,1,5,5,1,4,9,4,4,4,2
"8950",5,"PT",50,1,6,1,9,5,3,3,6,2,3,3,4
"8951",3,"PT",57,1,4,1,3,5,3,3,5,8,4,4,4
"8952",4,"PT",52,2,7,1,9,5,2,4,8,3,2,3,3
"8953",4,"PT",59,2,6,1,5,5,3,3,10,0,1,3,4
"8954",4,"PT",56,2,4,1,4,5,3,4,8,4,3,5,3
"8955",5,"PT",36,2,6,2,7,5,2,3,7,0,3,3,3
"8956",4,"PT",70,1,7,1,10,5,1,5,9,5,1,5,3
"8957",1,"PT",37,1,7,1,6,5,1,3,6,8,4,5,3
"8958",4,"PT",73,1,1,6,4,5,2,4,9,0,4,4,3
"8959",4,"PT",46,1,7,1,77,5,7,3,8,0,1,6,3
"8960",3,"PT",72,1,1,6,6,1,2,3,6,8,4,3,3
"8961",4,"PT",51,2,4,1,8,5,1,3,9,5,2,1,3
"8962",1,"PT",48,1,4,1,7,5,2,3,7,5,5,5,3
"8963",4,"PT",73,1,4,6,5,5,2,5,5,9,3,3,3
"8964",3,"PT",70,2,4,6,1,5,3,3,3,4,3,2,4
"8965",3,"PT",41,2,1,1,88,4,2,4,5,3,4,4,3
"8966",3,"PT",56,2,1,1,3,4,4,5,10,0,4,6,4
"8967",4,"PT",44,2,4,1,2,5,2,3,7,1,3,4,3
"8968",4,"PT",46,1,5,1,88,5,1,5,10,5,5,5,4
"8969",1,"PT",85,2,1,6,1,2,2,2,5,5,3,4,1
"8970",4,"PT",53,2,7,1,7,5,2,4,10,1,4,5,3
"8971",4,"PT",38,1,6,1,88,5,1,4,6,3,3,6,2
"8972",4,"PT",48,2,7,1,8,4,2,4,7,9,5,5,3
"8973",1,"PT",90,2,1,6,1,1,4,3,7,6,4,4,3
"8974",4,"PT",41,2,7,1,77,5,2,2,4,0,4,4,3
"8975",4,"PT",53,1,4,1,5,5,4,3,4,0,3,3,4
"8976",1,"PT",32,2,7,1,9,5,1,4,4,3,5,4,2
"8977",5,"PT",39,2,6,1,8,5,2,4,8,7,4,3,4
"8978",3,"PT",47,2,2,1,6,5,2,3,10,9,3,3,3
"8979",4,"PT",63,2,4,1,3,5,2,5,7,2,5,5,3
"8980",5,"PT",26,2,7,1,7,5,2,3,7,99,4,4,3
"8981",4,"PT",51,1,2,1,6,5,2,3,6,99,4,5,4
"8982",1,"PT",28,2,4,2,6,5,3,5,5,4,5,5,3
"8983",4,"PT",72,2,1,6,3,5,2,4,10,8,6,6,3
"8984",1,"PT",51,2,4,1,77,5,7,4,8,6,2,4,3
"8985",6,"PT",24,2,6,2,4,5,1,3,2,4,5,6,2
"8986",4,"PT",38,2,4,1,8,5,2,5,0,0,4,3,3
"8987",4,"PT",39,2,4,1,6,5,2,4,8,3,4,5,2
"8988",4,"PT",48,1,7,1,6,5,2,4,6,6,3,5,4
"8989",1,"PT",62,1,2,6,1,1,3,4,99,9,4,6,3
"8990",4,"PT",48,2,6,1,7,5,2,4,10,8,5,4,2
"8991",4,"PT",46,2,4,1,6,5,2,3,5,2,3,5,3
"8992",4,"PT",66,1,2,4,2,1,3,3,5,2,2,4,3
"8993",3,"PT",23,2,4,1,77,5,1,4,7,0,6,3,2
"8994",9,"PT",76,2,5,6,77,5,1,5,10,7,2,4,2
"8995",4,"PT",25,2,7,1,7,5,2,3,4,1,3,6,3
"8996",4,"PT",68,1,1,6,3,2,2,3,10,0,6,0,3
"8997",5,"PT",37,2,7,1,9,5,2,4,8,2,4,5,3
"8998",9,"PT",80,1,2,6,4,2,2,3,5,99,3,3,2
"8999",1,"PT",34,2,6,2,77,5,1,5,8,7,4,4,3
"9000",3,"PT",52,2,7,3,4,4,2,3,7,5,0,5,4
"9001",4,"PT",44,2,2,1,8,5,2,4,9,6,99,99,9
"9002",4,"PT",56,1,1,1,5,1,3,9,99,5,3,1,4
"9003",4,"PT",63,2,4,1,77,5,7,5,10,6,2,4,3
"9004",4,"PT",36,1,7,1,7,5,1,4,8,99,4,3,3
"9005",4,"PT",33,2,6,1,7,5,1,3,6,5,4,3,3
"9006",4,"PT",81,1,6,6,5,1,2,3,5,7,3,4,3
"9007",4,"PT",74,1,4,6,8,2,2,4,8,5,3,4,3
"9008",4,"PT",71,2,2,6,2,1,3,2,5,5,5,5,5
"9009",3,"PT",23,1,6,1,4,5,3,3,3,2,4,3,3
"9010",5,"PT",66,1,7,6,7,5,1,4,9,99,5,5,2
"9011",3,"PT",77,2,7,6,88,4,2,3,5,6,4,3,2
"9012",4,"PT",43,1,4,1,8,5,1,3,7,6,5,4,3
"9013",3,"PT",59,1,1,1,88,3,2,1,0,10,6,6,2
"9014",4,"PT",37,2,7,1,7,5,2,3,3,0,3,3,4
"9015",4,"PT",51,2,2,1,3,2,2,3,5,7,3,5,4
"9016",4,"PT",33,2,6,1,9,5,1,4,8,1,4,5,3
"9017",3,"PT",60,2,1,1,2,1,3,4,7,3,3,3,4
"9018",5,"PT",34,1,7,1,10,5,1,3,0,8,3,6,2
"9019",4,"PT",26,2,4,1,4,5,2,4,6,1,3,4,3
"9020",4,"PT",57,2,7,1,6,5,2,4,9,2,5,5,3
"9021",4,"PT",86,1,1,6,5,1,2,3,9,99,5,5,2
"9022",3,"PT",56,1,4,1,7,5,3,3,5,6,3,3,3
"9023",4,"PT",63,2,2,1,2,5,2,4,5,8,3,4,3
"9024",4,"PT",52,2,1,1,5,2,1,3,8,7,5,4,2
"9025",4,"PT",26,2,7,1,9,5,2,3,7,8,6,5,3
"9026",3,"PT",50,2,4,1,88,5,3,5,10,1,4,6,3
"9027",1,"PT",51,1,7,1,3,5,4,4,8,10,4,2,3
"9028",4,"PT",61,1,7,1,9,5,1,4,7,7,3,5,2
"9029",1,"PT",54,2,4,3,1,5,4,5,10,5,2,0,5
"9030",5,"PT",50,1,6,1,77,5,2,4,5,5,3,5,3
"9031",4,"PT",66,1,6,1,8,5,2,4,5,99,4,4,3
"9032",4,"PT",60,1,7,1,10,5,1,3,7,3,3,5,5
"9033",3,"PT",23,2,4,2,88,5,1,4,8,3,2,4,2
"9034",4,"PT",34,2,4,1,2,5,4,3,5,0,1,4,3
"9035",4,"PT",25,1,4,1,1,5,2,5,8,5,0,4,4
"9036",4,"PT",77,2,6,6,7,5,1,4,8,0,2,2,4
"9037",4,"PT",37,1,4,1,7,5,2,5,10,10,99,6,9
"9038",4,"PT",68,1,1,6,88,1,2,3,4,4,1,3,3
"9039",4,"PT",76,2,2,6,1,4,3,3,8,4,2,3,3
"9040",3,"PT",33,2,7,1,77,5,1,5,8,5,3,6,4
"9041",4,"PT",66,1,6,1,7,5,3,4,9,3,3,4,3
"9042",4,"PT",55,2,4,1,3,5,2,3,7,5,4,4,3
"9043",4,"PT",83,1,7,6,9,5,1,4,10,5,4,5,3
"9044",4,"PT",49,2,4,1,5,4,4,4,8,99,2,3,2
"9045",4,"PT",70,2,6,6,9,5,1,3,7,5,3,4,2
"9046",6,"PT",77,1,1,6,4,1,3,5,10,5,4,1,2
"9047",4,"PT",53,2,7,1,8,5,1,4,9,99,4,5,2
"9048",4,"PT",43,1,5,1,5,5,2,4,7,5,2,5,3
"9049",1,"PT",40,2,4,3,77,5,2,3,99,8,4,6,3
"9050",4,"PT",54,1,6,1,8,5,1,4,7,6,4,4,2
"9051",4,"PT",67,2,6,1,7,5,2,3,5,2,5,5,2
"9052",4,"PT",51,1,4,9,88,5,2,4,10,2,3,3,2
"9053",4,"PT",60,1,4,1,7,5,2,3,5,0,3,3,3
"9054",4,"PT",49,2,7,1,5,5,3,5,10,3,0,1,4
"9055",1,"PT",42,2,2,1,3,5,4,4,9,1,4,4,4
"9056",4,"PT",53,1,2,1,88,3,3,3,6,0,4,1,4
"9057",4,"PT",51,2,6,1,5,5,2,3,8,9,4,3,3
"9058",3,"PT",79,1,4,6,4,1,2,2,6,5,1,1,2
"9059",4,"PT",29,2,7,1,6,5,2,3,6,9,4,5,3
"9060",4,"PT",53,1,4,1,77,5,2,4,7,5,3,3,4
"9061",4,"PT",20,2,4,2,88,5,1,3,7,8,5,4,4
"9062",3,"PT",41,2,2,1,6,5,2,4,8,9,6,4,5
"9063",4,"PT",42,1,7,1,4,5,2,3,8,7,4,4,4
"9064",1,"PT",50,2,4,1,88,5,2,3,6,7,6,6,3
"9065",4,"PT",50,2,7,1,6,5,2,4,10,7,3,6,5
"9066",4,"PT",29,2,7,1,7,5,1,3,7,9,2,5,2
"9067",4,"PT",41,2,7,1,10,5,1,3,7,3,4,5,3
"9068",7,"PT",50,1,1,1,10,5,2,3,10,5,3,2,3
"9069",4,"PT",64,1,1,1,5,1,2,4,10,10,4,3,3
"9070",4,"PT",65,2,2,6,1,5,4,5,8,1,1,6,1
"9071",3,"PT",48,2,6,1,9,5,2,4,6,5,4,3,3
"9072",5,"PT",40,1,4,1,77,5,2,3,7,7,3,3,3
"9073",4,"PT",47,2,4,1,7,5,2,5,10,5,4,5,3
"9074",5,"PT",82,1,5,6,88,2,1,3,8,5,2,3,9
"9075",4,"PT",36,1,7,1,10,5,1,4,7,2,4,5,2
"9076",4,"PT",49,2,7,9,77,5,4,4,9,5,1,3,4
"9077",5,"PT",42,2,4,1,9,5,2,3,5,8,4,3,3
"9078",4,"PT",49,2,4,1,7,5,3,4,10,3,1,2,3
"9079",4,"PT",68,1,1,1,2,1,3,4,5,4,5,4,3
"9080",4,"PT",54,2,2,1,2,5,3,9,10,9,99,6,9
"9081",4,"PT",45,1,7,1,10,5,1,5,10,7,5,5,3
"9082",4,"PT",47,2,6,1,77,5,2,5,8,0,3,3,3
"9083",4,"PT",48,2,7,1,10,5,1,5,10,0,3,3,4
"9084",4,"PT",38,2,6,8,5,5,2,3,5,4,3,3,3
"9085",4,"PT",61,1,1,1,3,5,2,3,2,3,5,5,2
"9086",7,"PT",42,2,2,5,1,5,2,3,5,5,99,99,3
"9087",6,"PT",30,2,4,4,2,5,2,4,10,8,4,2,3
"9088",1,"PT",67,2,1,1,3,1,2,4,10,5,5,5,2
"9089",4,"PT",48,2,4,1,2,5,2,4,8,3,4,3,9
"9090",3,"PT",63,2,1,4,88,1,4,3,7,4,1,0,5
"9091",4,"PT",63,1,2,6,7,5,1,3,8,7,6,6,4
"9092",6,"PT",49,2,5,1,8,5,2,4,10,8,4,4,3
"9093",4,"PT",56,2,7,1,4,5,2,3,3,7,3,5,3
"9094",4,"PT",75,1,2,6,6,5,2,3,5,9,3,5,3
"9095",1,"PT",38,2,2,1,88,5,4,3,0,6,2,2,5
"9096",1,"PT",47,2,1,9,77,5,4,4,10,10,6,0,4
"9097",4,"PT",67,2,6,1,9,5,1,4,9,5,5,3,3
"9098",4,"PT",51,2,4,1,3,5,3,4,5,99,6,3,9
"9099",4,"PT",29,2,4,1,4,5,3,2,4,1,5,5,2
"9100",4,"PT",60,2,2,8,2,2,2,4,9,5,2,2,3
"9101",4,"PT",43,2,7,1,7,5,2,4,8,1,1,4,3
"9102",4,"PT",52,1,7,1,9,5,2,4,8,6,4,5,3
"9103",4,"PT",52,2,2,1,4,4,2,4,10,4,4,5,3
"9104",4,"PT",38,2,4,9,6,5,2,3,4,4,4,4,2
"9105",4,"PT",67,1,1,9,1,1,3,3,8,6,4,4,3
"9106",4,"PT",35,2,4,1,3,5,2,9,99,6,99,99,9
"9107",4,"PT",57,1,4,3,7,5,2,4,5,4,3,3,3
"9108",6,"PT",52,1,4,1,6,5,2,4,5,7,3,3,3
"9109",1,"PT",65,2,2,6,8,5,1,4,10,4,4,5,4
"9110",5,"PT",63,1,4,1,9,5,2,3,9,7,1,1,4
"9111",4,"PT",47,2,6,1,7,5,3,4,8,7,3,5,2
"9112",1,"PT",51,2,7,1,1,5,3,5,9,6,1,1,3
"9113",3,"PT",65,2,2,3,1,1,4,4,5,7,3,3,3
"9114",4,"PT",62,1,4,1,6,5,2,2,8,7,2,3,4
"9115",4,"PT",63,1,1,1,3,3,3,4,7,4,4,4,3
"9116",3,"PT",65,2,2,6,77,5,3,4,10,2,1,1,3
"9117",3,"PT",70,1,1,6,77,1,2,9,6,10,3,2,4
"9118",4,"PT",33,2,6,1,5,5,3,5,10,5,0,4,2
"9119",4,"PT",82,1,1,6,88,1,2,4,10,6,4,5,1
"9120",4,"PT",26,1,4,2,6,5,2,3,4,0,5,4,3
"9121",4,"PT",81,2,7,6,10,5,1,4,10,7,4,5,2
"9122",4,"PT",34,2,4,1,3,5,3,3,6,5,3,4,2
"9123",3,"PT",59,2,7,1,4,5,1,4,9,5,4,4,4
"9124",4,"PT",28,2,7,1,3,5,2,4,10,8,2,4,4
"9125",4,"PT",40,2,6,1,5,5,2,2,4,2,3,5,4
"9126",4,"SI",23,1,4,1,88,5,1,3,3,1,6,6,4
"9127",4,"SI",50,2,2,5,3,5,3,3,5,1,6,5,2
"9128",4,"SI",64,2,4,6,4,2,1,4,9,7,5,6,2
"9129",4,"SI",65,2,3,6,5,2,1,3,8,1,4,4,3
"9130",3,"SI",73,2,6,6,8,5,1,5,8,1,3,5,3
"9131",4,"SI",65,2,4,6,77,5,2,3,0,1,4,5,4
"9132",4,"SI",56,2,4,1,2,5,2,3,5,3,5,6,5
"9133",4,"SI",42,2,6,1,6,5,2,3,5,6,3,5,4
"9134",4,"SI",57,2,3,1,9,5,1,3,5,5,4,5,5
"9135",2,"SI",42,2,6,1,9,5,2,4,5,7,3,6,3
"9136",1,"SI",39,2,7,1,5,5,1,3,8,7,1,2,2
"9137",4,"SI",88,2,4,1,88,1,1,5,8,9,5,5,4
"9138",4,"SI",59,2,4,3,4,5,2,4,6,2,2,4,3
"9139",4,"SI",82,1,3,6,5,4,2,3,9,6,6,5,3
"9140",4,"SI",64,2,6,1,10,5,1,4,9,2,3,2,3
"9141",4,"SI",38,1,7,1,8,5,1,3,3,6,3,6,3
"9142",4,"SI",54,1,5,5,6,5,3,4,6,5,4,5,3
"9143",4,"SI",44,2,6,8,6,5,2,5,8,5,3,5,3
"9144",6,"SI",27,1,6,2,8,5,1,5,6,2,1,5,2
"9145",4,"SI",25,2,6,1,6,5,1,3,3,5,4,5,4
"9146",4,"SI",49,2,3,1,5,5,3,1,5,10,4,3,3
"9147",4,"SI",41,1,3,1,4,5,2,2,5,5,4,4,3
"9148",3,"SI",35,2,6,4,9,5,1,3,5,5,6,4,4
"9149",4,"SI",26,2,4,2,6,5,1,3,5,2,2,4,3
"9150",1,"SI",51,2,3,1,7,5,2,4,3,0,3,4,4
"9151",4,"SI",30,2,6,1,7,5,2,3,7,5,4,4,4
"9152",1,"SI",22,2,4,2,8,5,1,3,8,6,5,6,3
"9153",4,"SI",31,2,7,1,3,5,1,5,10,0,4,6,3
"9154",4,"SI",22,2,4,3,5,5,1,3,3,2,5,3,4
"9155",4,"SI",46,2,6,1,8,5,1,3,7,3,3,5,4
"9156",4,"SI",24,2,4,2,6,5,1,4,6,2,3,4,3
"9157",4,"SI",65,1,7,6,77,5,1,3,7,6,4,6,2
"9158",4,"SI",54,1,4,1,8,5,1,4,9,5,3,3,3
"9159",4,"SI",55,1,5,1,10,5,1,4,8,5,3,5,4
"9160",4,"SI",58,2,3,8,1,1,2,5,7,10,0,2,5
"9161",4,"SI",37,2,4,1,9,5,1,4,10,0,6,4,5
"9162",4,"SI",50,2,7,1,4,5,1,3,5,3,3,5,2
"9163",2,"SI",62,2,6,1,10,5,1,1,0,9,3,6,2
"9164",4,"SI",40,2,6,1,6,5,1,3,5,10,2,5,3
"9165",1,"SI",70,2,6,8,5,5,2,3,6,5,1,4,3
"9166",4,"SI",80,2,3,6,1,1,1,4,10,10,0,6,3
"9167",4,"SI",61,2,4,1,2,5,2,3,8,2,3,4,4
"9168",4,"SI",40,2,4,1,8,5,1,4,9,6,2,5,4
"9169",4,"SI",23,2,4,2,8,5,1,5,9,9,0,4,4
"9170",2,"SI",53,1,6,1,6,5,1,4,7,6,3,6,2
"9171",4,"SI",48,2,4,1,77,5,1,3,7,7,6,5,3
"9172",1,"SI",81,1,4,6,5,1,2,4,5,5,3,3,9
"9173",1,"SI",82,1,3,6,9,5,1,2,0,5,3,3,1
"9174",4,"SI",62,1,3,5,2,5,2,3,5,3,4,4,4
"9175",4,"SI",70,1,4,6,5,2,1,3,5,4,6,5,3
"9176",4,"SI",48,2,5,2,3,5,1,3,7,1,4,5,4
"9177",2,"SI",73,1,7,1,5,5,1,5,7,10,3,3,3
"9178",4,"SI",79,1,3,6,3,1,1,3,5,10,6,6,3
"9179",4,"SI",50,1,3,1,7,2,1,4,8,5,3,5,3
"9180",4,"SI",52,1,3,1,5,5,1,1,0,5,3,6,1
"9181",6,"SI",69,1,4,6,6,5,1,3,5,3,3,5,4
"9182",2,"SI",64,2,6,1,10,5,1,4,8,5,2,3,3
"9183",1,"SI",38,2,7,1,5,5,1,2,8,2,1,3,3
"9184",1,"SI",60,2,2,1,3,5,2,3,5,7,1,2,3
"9185",1,"SI",76,2,5,6,5,2,1,3,6,8,4,5,3
"9186",1,"SI",73,1,4,8,5,5,1,2,6,8,4,5,3
"9187",4,"SI",34,1,5,1,7,5,1,1,5,5,4,4,4
"9188",6,"SI",75,2,2,6,2,5,3,3,10,7,4,5,4
"9189",2,"SI",66,1,5,6,10,3,1,3,4,3,5,5,3
"9190",5,"SI",52,1,2,1,8,5,1,3,7,6,4,5,4
"9191",4,"SI",39,1,4,1,7,5,1,3,10,4,6,5,2
"9192",4,"SI",50,2,7,1,5,5,1,3,10,0,4,3,4
"9193",4,"SI",32,2,3,8,3,5,2,3,8,1,3,3,3
"9194",5,"SI",51,1,4,1,7,5,2,2,3,0,3,4,2
"9195",4,"SI",75,1,2,6,2,2,3,4,9,6,2,3,4
"9196",4,"SI",66,1,3,1,6,3,2,3,6,9,4,6,2
"9197",4,"SI",69,2,5,6,6,5,1,3,6,3,4,4,3
"9198",1,"SI",62,1,3,4,8,5,1,3,9,8,3,5,3
"9199",1,"SI",70,1,4,6,4,5,1,3,5,2,5,6,4
"9200",4,"SI",73,1,6,6,9,4,1,4,8,5,2,5,3
"9201",2,"SI",49,2,6,1,6,5,2,5,8,8,2,3,2
"9202",4,"SI",41,2,4,1,5,5,1,3,5,8,4,4,3
"9203",1,"SI",40,2,5,8,4,5,2,3,5,9,4,6,3
"9204",4,"SI",63,2,4,6,4,2,1,4,7,1,4,5,3
"9205",4,"SI",78,1,3,6,2,1,2,3,5,5,2,5,3
"9206",4,"SI",36,1,6,1,6,5,1,1,5,5,2,0,3
"9207",4,"SI",24,2,4,2,4,5,1,2,6,9,5,5,3
"9208",4,"SI",46,1,6,1,7,5,1,3,8,7,5,6,4
"9209",4,"SI",62,2,7,1,10,4,1,2,10,0,3,6,2
"9210",1,"SI",60,2,4,6,2,5,2,3,6,99,3,5,3
"9211",4,"SI",67,1,6,1,10,5,1,3,5,2,5,5,4
"9212",3,"SI",77,1,3,6,4,5,2,4,8,5,4,6,4
"9213",1,"SI",71,2,3,6,1,1,2,3,6,10,4,5,3
"9214",4,"SI",33,1,7,1,8,5,1,3,6,7,6,5,3
"9215",4,"SI",66,2,4,6,6,3,1,4,7,4,6,2,2
"9216",4,"SI",72,1,3,6,4,2,2,4,8,2,6,6,3
"9217",1,"SI",31,1,7,1,8,5,1,3,3,3,4,5,2
"9218",5,"SI",70,2,6,1,77,5,1,3,8,2,3,4,3
"9219",4,"SI",38,2,4,1,88,5,1,4,10,8,5,4,3
"9220",4,"SI",32,2,6,1,99,5,1,3,5,1,5,1,4
"9221",2,"SI",67,2,5,6,4,5,3,4,7,8,4,4,3
"9222",4,"SI",63,1,4,1,5,5,1,4,2,2,5,5,3
"9223",4,"SI",61,2,5,1,5,5,1,4,6,1,6,5,3
"9224",6,"SI",75,1,4,6,3,5,2,3,7,1,4,4,4
"9225",4,"SI",33,2,4,1,7,5,1,3,4,4,5,4,4
"9226",4,"SI",68,2,4,6,5,1,2,4,2,2,3,5,3
"9227",4,"SI",79,1,3,6,5,1,1,4,8,0,2,0,4
"9228",4,"SI",56,1,7,1,5,5,1,3,0,9,5,3,4
"9229",4,"SI",22,2,4,2,9,5,1,4,2,4,6,4,4
"9230",4,"SI",85,2,2,1,2,5,3,4,6,5,0,5,3
"9231",1,"SI",68,2,6,6,8,5,1,4,5,9,3,4,3
"9232",4,"SI",53,1,99,1,8,3,1,2,3,3,3,4,5
"9233",3,"SI",76,1,4,6,3,1,2,5,10,8,0,0,2
"9234",4,"SI",51,2,4,1,9,5,1,3,4,2,5,5,2
"9235",4,"SI",60,2,6,1,8,5,1,4,8,1,3,4,3
"9236",4,"SI",56,1,7,1,8,5,1,4,5,4,2,4,3
"9237",1,"SI",20,1,2,2,3,5,1,3,5,3,0,6,5
"9238",4,"SI",47,2,5,1,9,5,1,3,10,3,2,5,3
"9239",1,"SI",63,2,5,8,5,5,2,4,6,5,4,4,3
"9240",4,"SI",64,1,2,1,6,2,1,4,9,7,2,3,3
"9241",4,"SI",60,2,2,4,3,5,2,3,10,0,3,5,3
"9242",4,"SI",45,2,6,1,77,5,1,3,6,1,5,4,3
"9243",5,"SI",52,1,6,1,9,5,1,5,6,0,5,5,4
"9244",3,"SI",23,1,4,2,8,5,1,4,8,6,5,4,3
"9245",3,"SI",65,2,7,6,5,4,1,4,6,3,5,5,3
"9246",4,"SI",43,2,5,4,6,5,1,5,8,8,5,5,3
"9247",4,"SI",30,2,5,8,6,5,1,4,9,4,6,6,3
"9248",4,"SI",72,2,2,8,1,1,3,3,10,10,6,4,4
"9249",4,"SI",38,2,2,1,8,5,2,3,8,10,6,6,2
"9250",7,"SI",25,1,4,3,9,5,1,3,5,3,5,6,3
"9251",5,"SI",65,1,5,1,6,5,2,4,3,1,4,5,2
"9252",4,"SI",58,2,5,1,9,5,1,3,5,1,2,3,3
"9253",3,"SI",20,2,2,2,5,5,1,4,6,7,4,5,3
"9254",4,"SI",60,2,3,1,8,5,1,5,10,7,2,5,5
"9255",5,"SI",30,2,7,1,8,5,1,3,7,7,5,6,3
"9256",4,"SI",54,2,4,1,4,5,1,3,6,10,2,6,1
"9257",4,"SI",65,2,3,6,1,5,4,4,7,0,0,3,5
"9258",4,"SI",46,2,6,1,9,4,1,3,7,0,5,5,5
"9259",4,"SI",60,1,4,6,77,4,1,3,10,10,0,6,3
"9260",1,"SI",64,2,4,6,4,5,2,3,5,7,5,5,3
"9261",1,"SI",85,1,6,6,6,1,1,3,7,5,4,6,1
"9262",2,"SI",31,2,7,1,6,5,2,3,8,7,2,3,3
"9263",4,"SI",57,1,3,1,6,5,2,3,5,3,4,5,3
"9264",4,"SI",73,1,3,6,4,2,2,3,5,5,4,4,4
"9265",5,"SI",58,2,6,1,10,5,1,4,9,9,3,5,2
"9266",3,"SI",22,2,4,2,5,5,1,3,5,0,6,2,4
"9267",4,"SI",66,2,4,8,5,5,2,2,5,0,3,3,3
"9268",4,"SI",51,1,6,1,9,5,1,3,7,5,1,3,3
"9269",4,"SI",48,2,6,1,6,5,1,4,8,4,5,4,4
"9270",4,"SI",34,1,2,1,10,5,2,2,0,10,5,4,3
"9271",2,"SI",25,2,4,2,2,5,2,4,6,2,2,3,3
"9272",2,"SI",69,1,1,1,2,1,3,1,8,9,0,6,5
"9273",4,"SI",49,2,4,1,2,4,2,3,6,7,3,4,2
"9274",4,"SI",24,2,4,2,7,5,1,5,8,3,2,3,3
"9275",4,"SI",57,2,4,1,10,5,1,3,5,6,4,5,3
"9276",4,"SI",24,2,4,2,5,5,1,3,6,6,3,4,3
"9277",4,"SI",41,2,6,1,8,5,1,3,5,5,4,3,3
"9278",1,"SI",69,1,6,6,8,5,2,3,8,6,5,5,3
"9279",4,"SI",42,1,4,1,6,5,1,2,2,3,4,4,3
"9280",4,"SI",38,1,3,1,4,5,1,3,2,5,5,5,3
"9281",4,"SI",45,2,7,1,6,5,1,3,9,6,2,3,3
"9282",4,"SI",49,1,6,1,8,5,1,3,5,6,6,4,2
"9283",1,"SI",43,1,4,1,5,5,1,4,6,10,3,4,3
"9284",4,"SI",83,1,4,6,4,2,1,4,0,1,1,0,5
"9285",3,"SI",46,2,3,1,7,5,2,3,5,9,5,5,3
"9286",5,"SI",47,2,6,1,9,5,2,3,5,0,4,3,3
"9287",4,"SI",58,2,7,1,10,5,1,4,7,2,5,6,3
"9288",1,"SI",80,2,4,8,5,2,1,4,9,9,3,5,2
"9289",4,"SI",74,2,5,6,7,3,1,3,5,0,4,4,2
"9290",4,"SI",34,2,6,1,8,5,1,3,7,4,4,4,3
"9291",5,"SI",57,2,4,1,4,5,1,3,6,6,3,5,1
"9292",1,"SI",73,1,4,6,4,5,2,4,8,7,2,4,4
"9293",4,"SI",64,2,4,6,77,5,1,4,5,4,5,4,3
"9294",1,"SI",69,2,6,8,8,5,1,4,10,3,1,4,2
"9295",4,"SI",47,1,4,1,10,5,1,4,5,1,1,5,2
"9296",4,"SI",59,1,3,1,5,5,2,4,7,5,4,4,3
"9297",4,"SI",28,1,4,1,3,5,2,3,10,5,6,6,1
"9298",5,"SI",51,2,4,1,9,5,1,4,8,4,5,6,3
"9299",4,"SI",34,1,6,5,4,5,1,4,6,5,4,3,3
"9300",3,"SI",22,2,4,2,9,5,1,2,4,4,4,2,4
"9301",4,"SI",27,1,6,2,9,5,1,3,7,2,6,6,3
"9302",4,"SI",36,2,6,1,5,5,2,4,6,4,3,2,4
"9303",4,"SI",56,1,3,6,4,1,2,3,4,2,4,6,1
"9304",4,"SI",35,1,4,1,7,5,1,3,7,5,2,2,3
"9305",1,"SI",72,2,7,6,5,5,1,3,5,8,3,5,3
"9306",4,"SI",79,1,6,6,6,1,2,4,7,6,4,5,4
"9307",4,"SI",25,1,4,1,10,5,1,2,1,3,5,5,4
"9308",2,"SI",23,1,4,1,2,3,2,4,8,5,5,6,4
"9309",1,"SI",48,1,3,1,8,5,1,3,5,5,2,2,4
"9310",2,"SI",70,2,2,6,4,5,1,4,10,10,1,5,3
"9311",4,"SI",32,1,7,1,7,5,1,1,1,2,2,4,4
"9312",4,"SI",26,2,6,1,10,5,1,3,5,6,3,3,3
"9313",4,"SI",30,2,4,1,2,5,3,4,8,2,4,4,4
"9314",4,"SI",21,1,3,2,6,5,1,3,5,5,99,99,9
"9315",4,"SI",58,1,4,1,4,5,1,2,5,5,2,6,1
"9316",4,"SI",29,1,6,1,8,5,1,2,5,2,3,3,2
"9317",4,"SI",23,2,6,2,88,5,1,2,2,3,2,1,5
"9318",4,"SI",38,2,7,1,8,5,1,3,5,4,3,4,3
"9319",4,"SI",22,2,4,2,5,5,1,4,7,0,5,5,4
"9320",4,"SI",57,1,4,1,6,5,2,9,6,10,4,99,4
"9321",5,"SI",70,1,6,6,7,5,1,4,9,6,5,6,1
"9322",3,"SI",24,2,4,2,6,5,1,4,8,3,0,5,3
"9323",4,"SI",55,2,3,1,8,5,1,2,4,7,1,3,3
"9324",4,"SI",65,2,4,1,7,5,1,3,6,6,5,4,2
"9325",4,"SI",29,1,4,1,7,5,1,1,10,10,3,2,5
"9326",1,"SI",71,1,6,6,5,5,1,2,5,5,1,6,2
"9327",4,"SI",57,1,6,1,8,5,1,3,7,5,4,5,4
"9328",4,"SI",34,1,4,1,7,5,2,2,3,7,3,3,3
"9329",1,"SI",34,1,4,1,2,5,1,4,5,5,3,5,3
"9330",4,"SI",39,1,7,1,8,5,2,3,5,7,4,4,3
"9331",1,"SI",66,1,6,6,7,5,1,2,5,7,3,6,2
"9332",2,"SI",41,2,5,1,6,5,1,3,6,8,3,5,3
"9333",4,"SI",39,2,6,1,77,5,1,3,5,0,3,4,3
"9334",4,"SI",30,2,4,1,9,5,1,3,5,4,5,5,4
"9335",4,"SI",60,1,6,1,8,5,1,3,8,5,2,5,3
"9336",1,"SI",63,2,3,6,3,5,1,4,8,0,6,5,5
"9337",4,"SI",71,2,6,1,4,5,2,3,8,2,1,6,3
"9338",5,"SI",52,1,6,1,9,5,1,3,4,1,2,5,3
"9339",3,"SI",71,2,2,6,1,5,3,4,10,4,2,6,2
"9340",1,"SI",76,2,2,6,1,1,4,3,5,2,2,4,4
"9341",4,"SI",37,1,4,1,10,5,2,3,3,10,3,0,5
"9342",4,"SI",27,2,3,8,4,5,2,3,4,2,3,2,3
"9343",4,"SI",58,1,4,1,9,5,1,4,9,1,5,5,4
"9344",4,"SI",34,2,7,1,9,5,1,4,8,8,1,5,2
"9345",4,"SI",79,1,6,6,6,3,1,4,6,7,4,6,3
"9346",4,"SI",58,2,6,1,6,5,1,3,7,6,6,5,2
"9347",4,"SI",30,1,6,1,9,5,1,2,4,5,5,5,3
"9348",4,"SI",52,2,6,1,10,5,1,3,7,0,3,4,3
"9349",2,"SI",63,1,3,6,10,5,1,3,0,10,2,5,1
"9350",4,"SI",55,1,3,1,9,5,1,3,5,7,3,5,2
"9351",4,"SI",55,2,6,1,8,5,1,3,5,0,4,5,3
"9352",6,"SI",34,1,6,1,9,5,1,3,6,6,2,4,3
"9353",4,"SI",45,2,6,1,77,5,1,2,8,2,0,1,4
"9354",4,"SI",44,2,4,1,2,5,2,4,8,2,2,3,3
"9355",4,"SI",50,2,4,1,3,5,2,3,5,0,4,3,4
"9356",1,"SI",59,1,5,1,8,5,2,2,10,5,4,5,3
"9357",4,"SI",56,2,4,1,3,5,1,4,8,5,3,3,3
"9358",4,"SI",50,1,3,1,10,5,1,2,5,0,5,3,3
"9359",4,"SI",60,1,3,1,4,1,3,4,3,0,1,0,4
"9360",5,"SI",66,2,4,6,7,3,1,5,9,3,5,4,2
"9361",3,"SI",20,2,2,2,88,5,1,4,8,2,6,5,4
"9362",2,"SI",31,2,4,2,6,5,1,4,7,8,2,5,2
"9363",3,"SI",25,2,4,1,4,5,2,4,7,3,5,4,4
"9364",2,"SI",75,1,5,6,6,5,1,4,7,10,4,5,2
"9365",4,"SI",23,1,4,2,88,5,1,3,6,3,4,4,4
"9366",4,"SI",27,1,6,1,9,5,1,3,6,0,4,5,3
"9367",6,"SI",61,2,2,6,1,2,3,9,5,4,3,6,4
"9368",4,"SI",71,1,5,6,9,5,1,3,5,5,5,6,2
"9369",4,"SI",61,1,5,6,8,5,1,3,8,0,3,4,3
"9370",1,"SI",71,2,4,6,1,5,4,4,4,0,1,3,3
"9371",4,"SI",64,2,4,6,1,5,2,4,7,5,3,3,3
"9372",4,"SI",43,1,6,1,8,5,2,4,7,6,4,4,4
"9373",3,"SI",78,2,6,6,6,5,1,3,0,5,3,4,1
"9374",4,"SI",38,1,4,1,6,5,2,4,7,3,4,5,3
"9375",4,"SI",37,2,4,1,3,5,2,3,5,0,1,4,3
"9376",4,"SI",23,1,4,2,88,5,1,1,0,6,1,2,5
"9377",5,"SI",70,2,4,6,6,5,1,2,5,8,6,5,3
"9378",1,"SI",66,2,6,6,10,5,1,3,5,5,5,5,2
"9379",4,"SI",56,1,6,1,5,5,2,4,8,2,2,2,2
"9380",3,"SI",22,2,4,2,7,5,1,3,8,0,6,4,4
"9381",1,"SI",77,2,4,6,88,5,1,4,8,10,4,6,3
"9382",4,"SI",23,1,4,2,88,5,1,3,4,4,3,4,4
"9383",1,"SI",41,2,7,1,10,5,1,4,6,3,3,6,2
"9384",4,"SI",44,2,4,1,9,5,1,3,7,0,1,6,3
"9385",4,"SI",58,1,6,1,9,5,1,3,5,7,2,5,2
"9386",4,"SI",37,1,5,1,8,5,1,4,2,3,3,4,4
"9387",4,"SI",82,2,3,6,77,1,2,2,6,7,3,5,2
"9388",4,"SI",72,2,6,6,3,5,2,4,0,0,2,2,3
"9389",1,"SI",29,2,4,1,99,9,1,4,8,8,3,4,3
"9390",4,"SI",23,1,4,2,5,5,2,3,8,7,5,5,3
"9391",2,"SI",70,2,5,6,5,5,2,3,4,4,6,5,3
"9392",2,"SI",78,1,6,6,6,5,1,4,7,9,4,4,3
"9393",4,"SI",31,1,4,1,10,5,1,2,5,8,5,6,2
"9394",5,"SI",37,1,4,1,7,5,1,2,5,7,5,5,3
"9395",4,"SI",48,2,3,8,8,3,1,4,6,99,5,6,4
"9396",1,"SI",63,2,6,1,8,5,1,4,10,5,4,5,3
"9397",3,"SI",72,2,2,8,88,5,1,2,8,10,3,5,3
"9398",4,"SI",21,2,4,2,5,5,2,4,9,10,1,3,4
"9399",4,"SI",62,2,4,1,8,3,2,4,9,7,6,4,3
"9400",5,"SI",66,1,4,6,1,5,2,4,8,10,3,4,1
"9401",4,"SI",71,1,6,6,7,5,1,2,0,5,3,6,2
"9402",4,"SI",35,2,4,1,4,5,2,3,6,5,2,3,3
"9403",4,"SI",66,1,2,6,3,3,3,3,10,3,6,6,2
"9404",4,"SI",38,2,6,8,10,5,1,2,4,5,4,5,3
"9405",4,"SI",21,2,2,2,5,5,1,4,5,0,4,2,3
"9406",2,"SI",72,1,6,6,9,5,1,2,4,9,5,6,2
"9407",4,"SI",27,1,5,1,8,5,2,2,5,9,4,5,3
"9408",4,"SI",23,2,4,2,6,5,2,3,7,7,5,4,4
"9409",4,"SI",36,2,6,8,5,5,1,4,6,3,1,4,3
"9410",1,"SI",61,2,4,1,3,5,2,2,4,6,3,5,3
"9411",4,"SI",90,1,5,6,2,1,3,3,5,8,2,4,2
"9412",4,"SI",41,1,6,1,10,5,1,4,9,4,3,5,4
"9413",3,"SI",52,2,6,1,7,5,1,4,7,7,3,5,3
"9414",1,"SI",32,1,5,1,10,5,1,3,8,8,4,2,2
"9415",4,"SI",52,1,6,1,9,5,1,4,7,5,4,4,4
"9416",4,"SI",20,2,2,2,7,4,1,3,5,5,3,4,3
"9417",4,"SI",34,2,7,1,8,5,1,3,8,7,3,5,2
"9418",1,"SI",69,2,5,6,5,5,1,3,7,6,4,5,3
"9419",4,"SI",22,1,4,2,5,5,1,3,6,9,5,3,4
"9420",4,"SI",36,2,6,1,3,5,1,4,9,0,5,6,4
"9421",4,"SI",41,1,6,1,9,5,1,3,8,2,2,4,3
"9422",1,"SI",74,2,3,8,4,1,4,5,10,4,3,4,4
"9423",4,"SI",47,2,4,8,3,5,2,2,1,5,2,4,3
"9424",1,"SI",78,2,4,6,7,1,1,3,5,99,6,6,2
"9425",1,"SI",72,1,4,6,4,3,2,3,9,9,5,5,4
"9426",4,"SI",30,2,6,1,10,5,1,3,4,4,3,3,4
"9427",4,"SI",40,2,6,1,9,5,1,5,10,0,3,5,5
"9428",4,"SI",54,2,5,5,2,2,3,3,8,5,4,4,3
"9429",4,"SI",20,1,2,2,9,5,1,3,3,0,4,1,4
"9430",6,"SI",74,1,3,6,77,1,1,3,99,99,5,6,3
"9431",4,"SI",32,2,6,1,8,5,2,4,8,8,4,4,5
"9432",4,"SI",31,2,6,1,10,5,1,3,7,2,2,5,4
"9433",4,"SI",50,2,99,99,8,5,2,4,7,2,4,5,3
"9434",9,"SI",21,1,2,2,88,5,1,4,3,3,4,5,4
"9435",4,"SI",53,2,6,1,10,5,1,4,0,4,5,3,4
"9436",6,"SI",56,2,6,2,77,5,2,3,6,7,3,5,4
"9437",4,"SI",62,2,5,1,5,4,2,3,5,5,3,5,2
"9438",7,"SI",54,1,6,1,5,5,2,3,8,1,5,6,3
"9439",1,"SI",67,1,4,1,4,5,1,3,1,0,0,4,3
"9440",1,"SI",61,2,6,1,8,5,8,3,5,6,2,4,4
"9441",6,"SI",74,2,6,8,7,1,1,3,5,7,3,5,2
"9442",4,"SI",58,1,5,1,4,5,2,3,5,5,3,5,3
"9443",4,"SI",49,2,6,1,9,4,1,3,7,2,6,6,2
"9444",4,"SI",66,1,3,6,4,5,2,5,10,0,6,6,4
"9445",4,"SI",44,1,3,1,2,5,1,3,6,7,5,4,3
"9446",4,"SI",79,2,6,6,8,5,1,2,8,5,6,6,2
"9447",4,"SI",61,1,3,6,4,5,1,2,5,5,5,4,3
"9448",4,"SI",28,1,4,1,9,5,1,2,3,5,4,4,4
"9449",4,"SI",20,2,2,2,9,5,1,4,7,8,4,3,3
"9450",4,"SI",44,2,3,1,5,5,2,3,8,1,4,5,4
"9451",2,"SI",44,1,6,1,7,5,1,3,5,5,1,4,3
"9452",4,"SI",32,1,4,1,9,5,1,3,7,10,6,5,4
"9453",4,"SI",57,2,6,1,7,5,2,4,9,4,2,4,3
"9454",1,"SI",46,2,3,1,3,5,2,3,5,5,3,2,3
"9455",4,"SI",58,2,4,1,5,5,1,1,2,0,1,5,2
"9456",1,"SI",20,2,2,2,88,5,1,3,6,6,3,3,3
"9457",2,"SI",70,1,4,6,4,1,3,4,5,7,4,6,2
"9458",1,"SI",73,1,6,6,5,5,1,1,3,8,5,5,4
"9459",4,"SI",25,2,4,1,9,5,1,4,8,3,5,5,4
"9460",6,"SI",77,2,5,6,2,5,1,4,3,6,4,5,3
"9461",4,"SI",60,1,6,1,10,4,1,4,2,5,6,3,2
"9462",4,"SI",32,1,5,1,88,5,1,4,8,2,3,4,2
"9463",4,"SI",79,1,6,6,7,2,1,4,6,3,4,6,3
"9464",4,"SI",51,2,7,1,10,5,1,3,3,4,3,4,3
"9465",4,"SI",39,2,4,1,8,5,1,3,8,7,6,5,4
"9466",4,"SI",74,2,4,6,5,5,1,5,10,8,6,6,2
"9467",6,"SI",83,2,6,8,5,5,1,4,3,8,4,5,2
"9468",4,"SI",68,2,2,6,5,5,1,3,5,4,3,3,3
"9469",1,"SI",66,1,2,1,77,1,2,1,1,2,5,6,1
"9470",4,"SI",54,2,6,1,10,5,1,3,5,6,3,5,2
"9471",4,"SI",51,2,3,9,4,5,3,5,6,5,3,5,4
"9472",4,"SI",41,2,6,1,77,5,2,4,5,4,5,5,3
"9473",5,"SI",59,1,4,1,6,5,1,4,6,3,4,4,2
"9474",4,"SI",60,1,6,1,7,5,2,1,0,0,6,5,5
"9475",1,"SI",23,1,4,4,7,5,1,2,3,3,5,5,2
"9476",4,"SI",37,2,6,1,77,5,1,3,9,0,6,5,4
"9477",4,"SI",32,1,7,1,77,5,1,4,7,0,2,2,2
"9478",1,"SI",80,1,4,6,5,2,3,3,5,5,3,3,3
"9479",5,"SI",53,2,6,1,10,5,1,4,8,0,4,4,2
"9480",4,"SI",38,1,4,1,3,5,2,4,8,4,4,2,4
"9481",1,"SI",28,2,6,2,5,5,1,4,8,8,4,5,4
"9482",4,"SI",21,1,3,2,2,5,1,1,5,5,3,3,3
"9483",4,"SI",61,1,3,1,10,2,1,3,6,3,4,5,3
"9484",4,"SI",37,2,6,1,9,9,1,3,7,4,5,5,3
"9485",1,"SI",21,2,2,2,1,5,3,4,5,5,1,2,3
"9486",1,"SI",52,2,4,1,9,9,1,4,7,4,5,5,4
"9487",1,"SI",70,1,3,6,4,2,1,3,5,10,2,4,2
"9488",4,"SI",48,1,6,1,8,5,1,3,7,4,4,5,3
"9489",4,"SI",78,2,3,6,6,1,1,9,10,0,6,6,2
"9490",4,"SI",73,1,6,6,7,5,1,3,5,4,3,5,2
"9491",4,"SI",62,2,5,1,10,5,1,4,5,3,6,5,3
"9492",1,"SI",37,2,6,1,5,4,1,3,5,7,4,5,2
"9493",4,"SI",56,1,4,1,5,5,2,3,4,2,5,5,3
"9494",4,"SI",67,1,4,6,3,9,2,3,5,5,4,4,3
"9495",4,"SI",34,2,6,1,6,5,1,3,2,0,5,4,5
"9496",4,"SI",21,1,2,2,6,5,1,3,5,5,6,6,3
"9497",4,"SI",42,2,7,1,10,5,1,3,5,5,4,4,3
"9498",6,"SI",56,1,3,1,6,4,1,2,10,3,6,6,4
"9499",1,"SI",33,1,7,1,10,5,1,4,6,3,4,5,2
"9500",4,"SI",49,2,6,1,2,5,4,1,5,5,3,6,1
"9501",4,"SI",49,2,6,1,6,5,1,4,9,2,3,5,3
"9502",3,"SI",56,2,6,1,7,5,2,4,8,8,4,5,3
"9503",4,"SI",58,1,6,4,5,3,1,4,8,3,5,5,3
"9504",2,"SI",23,2,4,2,7,5,1,3,8,8,4,5,2
"9505",1,"SI",38,1,4,1,6,5,1,4,4,0,4,5,4
"9506",1,"SI",64,2,6,1,77,5,1,4,8,2,5,6,4
"9507",1,"SI",71,1,4,6,4,5,2,4,9,2,4,6,3
"9508",4,"SI",36,2,6,1,7,5,2,4,5,0,0,2,4
"9509",4,"SI",82,1,6,6,8,3,1,3,4,3,5,2,4
"9510",4,"SI",50,2,7,1,10,5,1,2,4,8,4,6,3
"9511",4,"SI",57,2,7,1,77,5,1,3,2,0,4,3,3
"9512",1,"SI",69,2,2,6,3,3,2,4,8,6,3,5,4
"9513",4,"SI",59,2,4,1,8,5,1,4,8,6,2,5,4
"9514",4,"SI",51,2,6,1,10,5,1,4,5,2,3,5,3
"9515",4,"SI",53,1,6,1,7,5,1,3,5,0,3,2,4
"9516",4,"SI",70,2,4,6,3,4,2,3,3,4,3,5,5
"9517",1,"SI",76,1,4,6,5,1,2,3,7,7,3,6,2
"9518",4,"SI",55,2,3,1,5,2,2,3,5,3,3,5,3
"9519",1,"SI",45,2,4,1,7,5,2,3,7,4,2,3,2
"9520",4,"SI",31,2,7,1,9,5,1,3,8,2,2,5,3
"9521",1,"SI",74,2,4,6,2,3,2,4,7,8,3,5,3
"9522",4,"SI",36,1,6,1,10,5,1,5,6,4,3,6,1
"9523",3,"SI",71,2,2,6,1,5,2,3,99,3,2,4,4
"9524",3,"SI",25,1,6,2,6,5,1,3,3,6,2,4,4
"9525",4,"SI",72,1,4,6,6,5,1,3,6,8,2,5,2
"9526",4,"SI",57,1,7,1,7,5,1,3,6,7,6,5,2
"9527",5,"SI",51,2,4,1,77,5,2,5,10,6,4,2,4
"9528",4,"SI",90,1,5,6,6,1,1,2,3,9,5,5,2
"9529",3,"SI",90,1,3,6,5,5,2,3,1,9,2,5,4
"9530",1,"SI",71,2,6,6,10,4,2,5,5,8,3,5,3
"9531",4,"SI",51,1,5,1,7,5,1,2,5,1,4,5,4
"9532",4,"SI",67,2,3,6,5,5,2,4,10,5,1,6,3
"9533",1,"SI",39,2,7,1,77,5,1,3,6,10,4,5,1
"9534",4,"SI",49,2,2,1,3,4,3,3,5,5,4,5,3
"9535",4,"SI",60,2,7,1,8,5,1,3,6,8,4,5,1
"9536",4,"SI",50,2,4,1,4,5,1,3,6,6,2,3,2
"9537",4,"SI",23,1,4,2,4,5,1,3,6,8,4,5,3
"9538",4,"SI",51,1,4,1,7,5,1,5,5,4,6,6,4
"9539",2,"SI",36,2,7,2,2,5,2,4,8,7,3,5,3
"9540",4,"SI",44,2,4,1,3,5,1,3,5,7,3,3,3
"9541",4,"SI",55,2,6,5,10,5,1,5,8,1,2,3,3
"9542",4,"SI",46,2,6,1,9,5,1,3,5,6,3,3,4
"9543",6,"SI",61,2,4,8,5,5,1,3,5,9,3,5,3
"9544",4,"SI",26,2,6,2,8,5,1,4,5,5,0,5,3
"9545",6,"SI",72,1,3,6,77,2,1,3,7,5,4,5,3
"9546",4,"SI",58,2,6,1,77,5,1,2,4,3,3,5,2
"9547",7,"SI",31,1,4,1,7,5,2,4,8,5,5,3,4
"9548",4,"SI",70,1,4,6,4,3,2,3,10,0,3,4,4
"9549",4,"SI",22,1,4,2,2,4,2,2,5,5,2,2,3
"9550",4,"SI",68,1,6,6,77,5,2,3,1,0,2,2,3
"9551",4,"SI",39,1,4,1,5,2,4,4,5,10,4,2,4
"9552",6,"SI",24,2,4,2,88,5,1,3,2,6,5,5,4
"9553",4,"SI",38,2,6,1,4,5,1,4,10,5,1,6,4
"9554",4,"SI",78,2,4,6,5,5,2,3,5,5,6,3,4
"9555",4,"SI",43,2,4,1,8,5,1,3,2,8,5,6,4
"9556",4,"SI",43,1,3,1,7,5,1,2,0,3,2,4,3
"9557",4,"SI",68,1,3,6,5,2,1,4,5,6,3,6,3
"9558",4,"SI",51,1,3,1,8,5,1,3,3,2,3,4,4
"9559",5,"SI",41,2,6,1,77,9,1,2,4,3,4,6,1
"9560",4,"SI",68,2,4,6,3,3,1,4,9,0,3,5,2
"9561",4,"SI",33,2,6,1,10,5,1,4,7,3,4,5,2
"9562",4,"SI",45,2,6,1,6,5,1,4,8,2,3,2,2
"9563",1,"SI",76,2,3,6,77,3,3,4,10,7,4,0,5
"9564",1,"SI",60,1,4,6,1,5,4,5,5,3,1,3,3
"9565",4,"SI",22,2,4,2,88,5,1,5,10,1,4,4,2
"9566",4,"SI",47,2,6,1,9,5,2,3,7,5,0,5,2
"9567",4,"SI",36,2,6,1,6,5,1,3,7,0,5,5,3
"9568",4,"SI",65,2,4,8,4,5,2,3,9,5,4,3,2
"9569",4,"SI",85,1,3,6,3,1,1,3,3,3,3,6,3
"9570",4,"SI",46,1,4,1,3,5,2,3,5,8,2,5,4
"9571",3,"SI",56,2,7,1,10,5,1,3,7,3,3,4,3
"9572",4,"SI",24,2,4,2,8,5,1,4,7,0,4,5,3
"9573",2,"SI",32,2,4,1,9,5,1,4,7,3,4,6,2
"9574",4,"SI",60,2,3,1,2,2,1,4,7,0,2,5,4
"9575",1,"SI",85,1,4,6,6,5,1,2,8,10,2,6,4
"9576",4,"SI",33,1,4,1,8,5,2,3,6,10,0,4,4
"9577",6,"SI",90,1,7,6,88,1,1,4,8,9,5,5,2
"9578",2,"SI",48,2,6,1,5,5,1,3,4,5,5,4,2
"9579",4,"SI",43,1,4,1,4,5,1,4,8,6,2,4,4
"9580",4,"SI",35,2,6,8,6,5,1,3,4,0,1,5,3
"9581",1,"SI",60,2,6,1,9,5,1,5,7,3,5,5,2
"9582",1,"SI",53,1,5,1,8,5,1,3,8,3,2,4,4
"9583",4,"SI",78,1,6,6,5,4,2,4,6,7,4,6,2
"9584",4,"SI",45,2,6,8,9,5,9,2,5,10,4,6,2
"9585",6,"SI",38,1,6,1,10,5,1,4,3,3,5,4,3
