w6sgq4,cntry,w6age,gndr,eisced,mnactic,hinctnta,netusoft,hincfel,w6sgq11,w6sgq12,w6sgq5,w6wq2,w6wq8,w6sgq22
gasoline_car,AT,59,female,5,paid_work,decile_5,5,2,3,5,8,4,5,3
gasoline_car,AT,39,male,5,paid_work,decile_3,5,1,1,10,7,3,5,5
gasoline_car,AT,69,female,2,retired,decile_7,5,1,3,8,5,3,5,2
gasoline_car,AT,39,female,7,paid_work,decile_6,5,2,3,6,7,5,5,3
public_transport,AT,24,female,4,education,decile_8,5,3,5,7,10,4,3,2
gasoline_car,AT,55,male,5,paid_work,decile_7,4,1,3,3,5,5,4,3
bicycle,AT,70,male,3,retired,decile_5,5,2,1,0,9,2,3,5
public_transport,AT,60,female,4,paid_work,decile_7,5,2,3,3,8,1,3,2
gasoline_car,AT,71,male,3,retired,decile_7,2,2,2,2,8,3,6,4
gasoline_car,AT,43,female,3,housework,decile_5,5,2,4,5,8,4,4,5
gasoline_car,AT,58,male,7,paid_work,decile_8,5,1,3,6,7,5,3,5
public_transport,AT,51,female,5,paid_work,decile_6,5,1,4,10,8,2,6,3
gasoline_car,AT,31,male,3,paid_work,decile_7,4,2,3,7,0,6,5,3
gasoline_car,AT,32,female,3,paid_work,decile_3,5,3,2,2,9,0,0,5
gasoline_car,AT,62,female,5,paid_work,decile_3,5,2,3,5,5,4,4,3
electric_car,AT,48,male,4,paid_work,decile_10,5,1,4,7,6,4,5,3
bicycle,AT,38,male,7,paid_work,decile_9,5,2,5,10,7,4,4,4
gasoline_car,AT,51,female,5,paid_work,decile_5,5,1,3,10,10,3,6,2
public_transport,AT,44,male,3,paid_work,decile_9,5,1,2,1,8,1,5,3
gasoline_car,AT,35,female,5,paid_work,decile_6,5,1,4,7,8,4,6,2
electric_car,AT,60,male,7,paid_work,decile_10,5,1,4,7,5,5,6,2
gasoline_car,AT,64,female,3,retired,decile_1,3,3,3,5,5,5,4,4
gasoline_car,AT,33,female,4,paid_work,decile_9,5,1,5,4,8,3,4,4
gasoline_car,AT,65,female,5,retired,decile_3,1,2,5,2,0,0,0,5
public_transport,AT,58,male,3,paid_work,decile_9,5,2,3,3,1,4,4,3
public_transport,AT,22,male,4,education,decile_3,5,2,2,2,8,2,5,3
electric_car,AT,69,male,3,paid_work,decile_9,5,1,2,5,5,1,5,2
gasoline_car,AT,59,female,6,paid_work,decile_8,5,1,3,3,5,2,6,3
gasoline_car,AT,33,female,3,other,decile_4,5,2,4,6,4,2,3,4
bicycle,AT,36,female,3,paid_work,decile_8,5,1,3,5,9,3,5,3
gasoline_car,AT,70,male,7,retired,decile_8,5,2,4,9,1,3,5,4
gasoline_car,AT,58,male,7,retired,decile_10,5,1,3,5,7,5,5,4
gasoline_car,AT,83,female,2,retired,decile_6,3,1,4,6,5,4,6,3
walking,AT,75,male,3,retired,decile_7,3,1,3,5,7,3,6,2
public_transport,AT,36,male,6,paid_work,decile_5,5,3,4,5,8,2,3,2
public_transport,AT,22,female,4,education,decile_5,5,2,5,8,7,2,2,4
bicycle,AT,47,female,3,housework,decile_4,5,2,5,10,10,5,4,4
walking,AT,52,male,5,paid_work,decile_9,5,1,3,5,8,3,5,2
gasoline_car,AT,70,female,4,retired,decile_4,5,1,3,5,9,4,6,3
bicycle,AT,50,male,3,paid_work,decile_6,4,2,4,8,9,4,5,3
walking,AT,79,male,7,retired,decile_4,4,1,4,8,7,4,5,3
gasoline_car,AT,25,male,5,education,decile_9,5,1,5,8,7,4,5,4
gasoline_car,AT,73,female,2,retired,decile_2,4,2,3,5,7,4,5,4
gasoline_car,AT,57,male,7,paid_work,decile_8,5,2,4,8,5,2,4,3
bicycle,AT,46,male,7,paid_work,decile_10,5,1,4,7,4,6,6,4
public_transport,AT,77,male,5,retired,decile_4,3,1,5,9,9,3,5,2
walking,AT,44,female,7,housework,decile_7,4,2,4,4,7,5,6,2
public_transport,AT,43,female,5,housework,decile_7,5,2,3,8,3,4,5,3
public_transport,AT,61,male,5,paid_work,decile_6,5,1,4,8,5,3,5,4
gasoline_car,AT,70,female,7,retired,decile_9,4,1,3,2,5,3,6,2
bicycle,AT,68,male,5,retired,decile_3,5,2,2,1,2,1,5,5
gasoline_car,AT,64,male,3,unemployed_not_looking,decile_4,2,2,5,5,5,3,3,5
public_transport,AT,60,male,3,paid_work,decile_2,2,3,4,5,6,1,3,4
gasoline_car,AT,47,male,7,paid_work,decile_7,5,2,5,9,8,5,4,3
electric_car,AT,45,male,5,paid_work,decile_8,5,2,3,6,8,2,5,3
bicycle,AT,60,male,5,paid_work,decile_4,5,2,3,7,7,2,3,3
public_transport,AT,58,male,5,paid_work,decile_9,5,1,5,10,7,5,5,2
gasoline_car,AT,35,female,3,paid_work,decile_2,5,3,5,8,7,4,4,3
gasoline_car,AT,62,female,5,paid_work,decile_8,4,1,4,7,10,4,6,1
gasoline_car,AT,58,female,5,paid_work,decile_10,5,1,4,8,6,2,4,2
gasoline_car,AT,28,female,5,education,decile_2,5,2,4,7,5,5,1,4
bicycle,AT,59,female,4,paid_work,decile_6,5,3,5,10,5,5,3,4
gasoline_car,AT,39,female,7,paid_work,decile_9,5,2,3,6,8,3,5,3
public_transport,AT,29,female,6,paid_work,decile_5,5,1,3,7,3,2,4,5
gasoline_car,AT,78,male,5,retired,decile_3,2,2,3,0,3,0,2,4
gasoline_car,AT,62,male,5,retired,decile_5,5,2,3,2,9,6,5,3
walking,AT,66,male,3,retired,decile_9,5,1,3,5,9,3,4,3
gasoline_car,AT,27,female,7,education,decile_4,5,2,3,5,5,4,6,5
public_transport,AT,71,female,7,retired,decile_10,5,1,4,7,8,4,4,2
public_transport,AT,57,male,7,paid_work,decile_10,5,1,4,9,9,5,5,2
bicycle,AT,38,female,7,paid_work,decile_10,5,1,4,7,9,1,6,4
gasoline_car,AT,42,male,5,paid_work,decile_7,5,2,4,8,7,4,5,3
walking,AT,62,male,5,paid_work,decile_6,5,2,5,9,3,3,6,2
gasoline_car,AT,54,male,5,paid_work,decile_8,4,1,4,9,2,5,5,3
electric_car,AT,51,male,7,paid_work,decile_10,5,1,5,8,2,6,6,3
bicycle,AT,68,male,3,retired,decile_6,5,2,5,9,8,5,6,2
gasoline_car,AT,56,female,7,paid_work,decile_5,5,1,4,5,8,4,5,3
bicycle,AT,41,male,6,paid_work,decile_7,5,2,3,4,9,4,5,3
electric_car,AT,28,male,5,paid_work,decile_6,5,1,4,7,7,6,5,4
bicycle,AT,62,male,5,paid_work,decile_8,5,2,4,9,9,2,5,1
gasoline_car,AT,74,female,2,retired,decile_7,5,1,4,8,9,5,5,2
public_transport,AT,65,female,4,retired,decile_1,5,4,5,9,9,3,4,3
gasoline_car,AT,37,female,7,housework,decile_9,5,1,5,8,7,6,5,4
gasoline_car,AT,45,female,7,paid_work,decile_9,5,1,4,7,6,4,5,3
gasoline_car,AT,35,female,7,housework,decile_8,5,1,4,6,4,3,5,3
gasoline_car,AT,76,male,5,retired,decile_3,2,1,4,8,3,4,2,3
bicycle,AT,53,male,4,paid_work,decile_9,5,1,5,8,4,1,5,3
electric_car,AT,43,female,6,paid_work,decile_9,5,2,5,8,0,3,3,2
gasoline_car,AT,82,male,3,retired,decile_8,4,1,2,2,9,3,5,3
public_transport,AT,38,female,6,education,decile_1,5,3,4,5,9,0,4,3
electric_car,AT,36,female,6,paid_work,decile_9,5,1,4,6,7,3,5,2
gasoline_car,AT,47,female,5,paid_work,decile_6,5,2,5,9,4,5,5,3
gasoline_car,AT,50,male,3,paid_work,decile_3,5,3,3,3,8,1,4,4
public_transport,AT,71,female,4,retired,decile_5,5,1,3,8,9,2,4,4
gasoline_car,AT,38,female,3,paid_work,decile_10,5,2,3,3,0,5,3,3
gasoline_car,AT,33,male,5,paid_work,decile_8,5,2,3,6,5,4,4,3
public_transport,AT,55,male,5,paid_work,decile_5,5,2,5,10,0,6,4,5
bicycle,AT,38,female,7,housework,decile_6,5,2,4,8,7,6,3,3
gasoline_car,AT,32,female,6,paid_work,decile_10,5,1,4,7,3,5,5,2
gasoline_car,AT,59,male,3,paid_work,decile_4,5,1,1,5,0,3,5,5
walking,AT,64,female,3,retired,decile_10,5,1,4,8,7,5,5,2
public_transport,AT,25,female,3,paid_work,decile_10,5,2,4,8,9,1,0,1
gasoline_car,AT,50,male,6,paid_work,decile_10,5,1,1,0,5,3,3,5
walking,AT,70,male,7,retired,decile_8,5,1,4,4,8,5,5,2
gasoline_car,AT,45,female,3,housework,decile_5,5,3,3,7,6,4,6,4
walking,AT,35,female,6,paid_work,decile_7,5,2,4,10,9,6,4,2
public_transport,AT,38,male,5,paid_work,decile_7,5,2,2,4,10,4,4,3
gasoline_car,AT,27,female,5,paid_work,decile_5,5,1,3,5,5,0,4,4
public_transport,AT,77,male,7,retired,decile_9,5,1,4,5,9,3,5,2
electric_car,AT,42,male,7,paid_work,decile_9,5,1,3,5,3,5,3,3
gasoline_car,AT,63,female,3,housework,decile_6,5,1,3,8,9,6,5,4
gasoline_car,AT,50,female,5,paid_work,decile_9,5,1,4,8,5,4,4,3
public_transport,AT,55,male,3,paid_work,decile_3,4,2,3,7,9,1,1,1
electric_car,AT,39,male,3,paid_work,decile_6,5,2,3,6,3,4,3,3
bicycle,AT,44,female,7,housework,decile_7,5,1,3,7,7,3,5,3
gasoline_car,AT,62,male,3,paid_work,decile_2,5,2,3,8,8,2,6,2
public_transport,AT,51,female,5,paid_work,decile_9,5,1,4,8,10,1,4,3
public_transport,AT,30,male,3,paid_work,decile_9,5,1,4,7,8,2,5,2
gasoline_car,AT,36,male,5,paid_work,decile_6,5,2,2,3,3,6,5,4
electric_car,AT,42,female,7,paid_work,decile_9,5,2,4,8,4,5,6,2
gasoline_car,AT,38,male,3,paid_work,decile_9,4,2,3,5,5,5,5,4
gasoline_car,AT,47,female,3,paid_work,decile_8,4,1,3,6,6,4,3,2
gasoline_car,AT,48,male,5,paid_work,decile_8,5,3,4,6,3,3,3,3
walking,AT,34,male,5,education,decile_5,5,4,1,0,0,3,6,5
gasoline_car,AT,69,male,3,retired,decile_7,4,2,2,5,8,3,6,4
public_transport,AT,67,male,5,paid_work,decile_7,5,1,5,8,10,4,5,1
gasoline_car,AT,56,male,3,paid_work,decile_7,5,1,3,3,9,3,5,3
bicycle,AT,64,male,3,paid_work,decile_7,5,2,3,5,7,4,5,4
public_transport,AT,34,female,7,paid_work,decile_4,5,1,5,7,10,6,6,2
bicycle,AT,57,female,7,paid_work,decile_9,5,1,3,9,10,5,4,3
electric_car,AT,76,male,5,retired,decile_4,4,2,1,0,10,3,3,1
gasoline_car,AT,22,male,2,education,decile_10,5,1,3,8,2,5,6,5
walking,AT,53,female,3,paid_work,decile_6,5,2,3,7,7,4,5,4
walking,AT,55,male,3,paid_work,decile_5,5,2,2,0,10,3,4,5
gasoline_car,AT,50,male,4,paid_work,decile_7,5,1,4,8,3,5,4,4
gasoline_car,AT,54,male,3,paid_work,decile_10,5,1,4,4,8,3,5,3
electric_car,AT,51,male,5,paid_work,decile_10,5,1,2,2,6,4,5,4
gasoline_car,AT,58,male,5,paid_work,decile_5,5,1,4,9,1,5,5,3
gasoline_car,AT,64,female,3,retired,decile_3,5,2,2,0,4,3,4,4
gasoline_car,AT,43,female,7,paid_work,decile_8,5,1,3,3,3,5,5,5
public_transport,AT,84,male,3,retired,decile_3,5,1,5,9,8,4,4,2
public_transport,AT,51,male,7,paid_work,decile_6,5,2,5,10,8,3,4,2
public_transport,AT,30,female,5,paid_work,decile_10,3,1,3,5,8,4,5,3
gasoline_car,AT,48,male,6,paid_work,decile_9,5,1,3,7,7,5,5,3
public_transport,AT,51,female,7,paid_work,decile_3,5,3,3,7,9,4,5,4
public_transport,AT,35,female,3,paid_work,decile_6,5,2,3,5,7,3,5,4
gasoline_car,AT,39,female,5,paid_work,decile_8,5,2,2,3,1,5,4,4
public_transport,AT,45,female,7,housework,decile_8,5,2,4,6,7,4,5,3
gasoline_car,AT,38,female,3,paid_work,decile_5,5,2,2,0,5,6,5,5
public_transport,AT,37,male,1,retired,decile_1,4,2,3,0,10,6,6,1
bicycle,AT,44,male,3,paid_work,decile_7,4,1,3,8,5,5,5,4
walking,AT,42,female,7,paid_work,decile_7,5,1,3,8,9,3,6,3
gasoline_car,AT,66,male,5,paid_work,decile_9,5,1,4,9,8,5,5,2
gasoline_car,AT,41,female,7,paid_work,decile_10,5,1,2,5,7,5,5,2
walking,AT,65,female,3,retired,decile_4,5,2,4,9,8,2,5,2
gasoline_car,AT,28,female,4,education,decile_9,5,1,5,10,0,1,4,1
public_transport,AT,41,female,5,paid_work,decile_8,5,2,5,7,7,4,3,3
gasoline_car,AT,49,female,5,paid_work,decile_8,5,1,4,8,2,3,5,3
walking,AT,61,male,3,other,decile_1,5,4,3,8,5,3,4,4
public_transport,AT,34,male,6,paid_work,decile_1,5,1,3,2,9,4,6,2
walking,AT,73,male,7,retired,decile_8,5,1,5,8,10,4,2,3
walking,AT,84,male,7,retired,decile_7,5,1,5,10,8,6,6,1
gasoline_car,AT,75,male,5,retired,decile_8,5,2,3,5,3,1,5,3
gasoline_car,AT,85,male,5,retired,decile_6,5,1,4,4,7,4,5,4
gasoline_car,AT,29,female,5,education,decile_5,5,1,3,5,3,2,3,4
electric_car,AT,56,female,4,paid_work,decile_8,5,2,4,8,7,6,5,3
walking,AT,51,female,7,paid_work,decile_9,5,1,4,8,9,4,5,2
bicycle,AT,72,female,6,retired,decile_6,5,1,4,10,2,5,5,3
bicycle,AT,68,female,6,paid_work,decile_9,5,2,4,8,7,4,4,3
gasoline_car,AT,39,male,7,paid_work,decile_5,5,1,4,5,5,5,4,4
gasoline_car,AT,74,female,3,retired,decile_6,5,2,3,7,9,3,5,4
electric_car,AT,37,female,7,paid_work,decile_10,4,1,4,9,5,4,5,2
gasoline_car,AT,61,male,5,paid_work,decile_7,5,1,5,10,8,1,6,1
gasoline_car,AT,73,female,7,retired,decile_9,5,1,3,8,10,3,3,3
gasoline_car,AT,54,female,5,paid_work,decile_10,5,1,3,8,3,2,5,2
gasoline_car,AT,44,male,7,paid_work,decile_8,5,2,2,8,4,4,4,3
electric_car,AT,87,female,7,retired,decile_1,5,2,3,4,5,4,5,2
electric_car,AT,48,female,5,paid_work,decile_8,5,1,4,8,3,4,6,3
gasoline_car,AT,65,male,6,retired,decile_7,3,2,3,5,5,4,5,3
electric_car,AT,68,female,2,housework,decile_8,5,1,4,7,10,4,3,3
walking,AT,59,female,7,unemployed_looking,decile_1,5,4,5,10,5,1,2,3
public_transport,AT,56,female,4,paid_work,decile_8,5,1,3,7,10,4,5,2
electric_car,AT,55,male,7,paid_work,decile_10,5,1,4,6,4,4,5,3
bicycle,AT,52,male,7,paid_work,decile_9,5,1,4,9,3,5,5,2
gasoline_car,AT,51,female,5,paid_work,decile_10,4,1,3,7,6,4,4,4
bicycle,AT,60,female,6,paid_work,decile_10,5,1,4,5,5,3,4,4
public_transport,AT,36,male,7,paid_work,decile_10,5,1,5,7,10,4,6,1
gasoline_car,AT,50,male,3,paid_work,decile_7,4,2,2,8,3,4,4,4
public_transport,AT,35,female,6,paid_work,decile_9,5,1,4,7,10,3,6,1
public_transport,AT,78,male,4,retired,decile_3,3,1,2,0,2,0,1,5
public_transport,AT,70,female,5,retired,decile_2,5,2,4,10,8,1,5,2
walking,AT,63,male,3,retired,decile_8,5,2,2,1,10,5,5,2
walking,AT,46,female,6,paid_work,decile_8,5,2,5,7,5,3,4,3
gasoline_car,AT,46,male,3,paid_work,decile_4,5,2,2,8,6,4,2,5
gasoline_car,AT,55,female,5,paid_work,decile_5,5,2,3,9,7,2,3,4
public_transport,AT,27,female,7,paid_work,decile_4,5,1,4,7,8,3,6,4
gasoline_car,AT,68,male,5,paid_work,decile_8,5,1,4,9,0,5,5,3
gasoline_car,AT,45,female,5,housework,decile_4,4,1,2,9,9,5,5,3
gasoline_car,AT,77,male,6,retired,decile_8,5,2,1,0,8,5,5,3
gasoline_car,AT,24,male,3,paid_work,decile_7,5,2,4,5,6,5,6,3
walking,AT,71,female,5,retired,decile_9,5,1,4,7,9,6,6,3
gasoline_car,AT,44,female,2,housework,decile_5,5,1,2,0,5,4,6,5
public_transport,AT,37,male,7,paid_work,decile_3,5,1,5,8,6,5,6,1
bicycle,AT,70,female,7,retired,decile_7,5,1,3,7,6,4,4,4
public_transport,AT,58,female,5,paid_work,decile_4,5,1,3,5,5,5,4,5
gasoline_car,AT,32,female,6,paid_work,decile_9,5,2,4,10,4,4,5,4
gasoline_car,AT,52,female,7,paid_work,decile_4,5,3,3,8,7,4,3,4
public_transport,AT,27,female,5,paid_work,decile_10,5,1,4,10,10,4,4,4
walking,AT,82,female,3,other,decile_10,5,1,3,8,8,4,4,4
public_transport,AT,29,female,5,paid_work,decile_5,4,2,5,10,9,2,3,3
public_transport,AT,28,female,5,education,decile_8,5,2,3,5,4,3,6,4
public_transport,AT,44,male,7,paid_work,decile_9,5,1,3,7,6,4,6,2
gasoline_car,AT,46,male,6,unemployed_not_looking,decile_2,5,2,2,3,1,2,3,5
gasoline_car,AT,56,female,3,paid_work,decile_6,5,2,4,7,1,4,4,4
walking,AT,42,female,3,paid_work,decile_6,5,2,3,5,10,3,3,3
public_transport,AT,81,male,7,retired,decile_4,5,2,2,7,8,5,4,4
gasoline_car,AT,53,male,7,paid_work,decile_10,5,1,1,0,8,5,6,3
electric_car,AT,46,male,7,paid_work,decile_10,5,1,4,7,5,5,4,4
gasoline_car,AT,59,male,4,paid_work,decile_6,5,1,5,5,7,3,1,5
bicycle,AT,63,female,3,paid_work,decile_5,2,1,4,8,9,3,6,2
gasoline_car,AT,38,female,3,paid_work,decile_7,5,3,2,5,2,4,1,5
gasoline_car,AT,63,male,5,paid_work,decile_10,4,1,3,5,8,4,5,4
gasoline_car,AT,48,female,6,paid_work,decile_5,5,3,2,5,10,3,3,5
gasoline_car,AT,29,male,3,paid_work,decile_4,5,2,3,3,6,4,5,2
electric_car,AT,69,male,5,paid_work,decile_10,5,1,2,5,7,3,4,3
bicycle,AT,25,male,4,education,decile_10,5,1,5,8,7,4,6,3
gasoline_car,AT,74,male,5,retired,decile_8,5,1,4,9,10,1,6,2
electric_car,AT,67,male,3,paid_work,decile_5,5,1,5,10,5,5,6,3
bicycle,AT,36,male,7,other,decile_1,4,1,3,5,8,2,2,1
gasoline_car,AT,66,male,3,retired,decile_7,5,1,2,5,10,4,5,2
public_transport,AT,39,female,7,paid_work,decile_8,5,1,4,8,2,4,5,2
gasoline_car,AT,35,male,6,paid_work,decile_3,5,2,3,9,9,1,5,4
gasoline_car,AT,56,female,7,paid_work,decile_10,5,2,4,7,2,5,4,4
gasoline_car,AT,36,female,7,housework,decile_3,4,3,3,5,3,5,6,4
bicycle,AT,41,female,5,housework,decile_7,5,1,4,6,9,5,6,3
public_transport,AT,35,female,6,paid_work,decile_5,5,1,3,7,10,1,6,1
gasoline_car,AT,26,female,6,paid_work,decile_7,5,2,4,8,8,3,5,4
gasoline_car,AT,32,female,7,paid_work,decile_8,5,1,3,9,6,5,5,3
public_transport,AT,34,male,7,paid_work,decile_10,5,1,5,7,8,4,5,3
walking,AT,66,female,3,retired,decile_4,4,3,3,5,1,2,3,3
walking,AT,66,female,3,retired,decile_6,4,2,3,7,7,4,6,5
gasoline_car,AT,63,male,5,paid_work,decile_8,5,1,4,8,3,5,5,4
gasoline_car,AT,66,male,4,paid_work,decile_10,5,1,3,2,6,1,5,3
public_transport,AT,34,male,5,paid_work,decile_3,5,2,5,6,4,5,3,1
walking,AT,42,female,5,paid_work,decile_4,5,2,4,5,8,3,4,3
gasoline_car,AT,66,female,6,paid_work,decile_4,5,2,4,8,9,3,6,3
walking,AT,43,male,6,paid_work,decile_9,5,1,4,5,8,4,5,2
walking,AT,53,male,5,paid_work,decile_3,5,1,4,10,10,4,6,2
gasoline_car,AT,75,male,3,retired,decile_6,4,2,3,0,7,5,5,3
walking,AT,64,male,7,paid_work,decile_10,4,1,4,8,8,4,4,3
gasoline_car,AT,37,female,7,housework,decile_10,5,1,3,5,4,4,6,1
gasoline_car,AT,56,male,5,paid_work,decile_8,5,2,3,5,5,2,2,5
bicycle,AT,58,male,6,paid_work,decile_9,5,1,5,8,1,5,5,2
gasoline_car,AT,46,male,3,paid_work,decile_6,5,1,4,7,5,5,6,3
electric_car,AT,40,male,6,paid_work,decile_8,5,2,3,7,6,2,4,5
electric_car,AT,60,male,5,paid_work,decile_5,5,2,3,6,8,4,6,3
gasoline_car,AT,40,male,7,paid_work,decile_10,5,1,2,3,6,1,5,3
gasoline_car,AT,27,male,3,paid_work,decile_7,5,2,3,7,7,4,4,4
walking,AT,42,male,5,paid_work,decile_10,5,1,3,8,0,5,6,2
walking,AT,62,male,3,retired,decile_5,5,2,4,1,10,5,5,5
gasoline_car,AT,54,male,4,paid_work,decile_9,5,2,3,8,4,5,5,4
walking,AT,85,male,3,retired,decile_8,3,1,4,5,10,1,3,3
public_transport,AT,28,female,3,unemployed_looking,decile_9,5,4,4,6,10,2,3,3
public_transport,AT,46,male,3,paid_work,decile_3,5,2,1,0,9,3,6,5
gasoline_car,AT,80,male,5,retired,decile_7,5,2,3,7,9,4,5,2
gasoline_car,AT,30,female,5,other,decile_3,5,2,3,3,6,3,5,4
bicycle,AT,28,male,6,education,decile_9,5,1,3,6,8,5,5,3
gasoline_car,AT,66,male,3,paid_work,decile_9,5,1,2,7,4,6,4,3
public_transport,AT,70,female,4,housework,decile_5,5,2,3,5,10,3,5,3
gasoline_car,AT,28,female,3,unemployed_looking,decile_3,5,3,2,0,5,3,6,1
bicycle,AT,57,female,7,paid_work,decile_9,5,2,5,9,3,3,4,4
electric_car,AT,46,male,5,paid_work,decile_8,5,1,3,7,5,5,4,2
gasoline_car,AT,69,male,3,retired,decile_4,5,2,1,0,5,3,3,3
gasoline_car,AT,52,male,5,paid_work,decile_8,4,2,3,6,7,5,5,2
bicycle,AT,75,female,5,housework,decile_4,5,1,4,10,10,5,6,3
electric_car,AT,67,male,2,retired,decile_10,5,1,3,5,5,3,5,1
gasoline_car,AT,60,male,3,paid_work,decile_9,5,1,4,6,2,4,4,2
walking,AT,73,male,5,retired,decile_4,5,1,1,0,10,0,2,5
gasoline_car,AT,68,female,3,retired,decile_7,5,1,3,5,7,4,6,3
gasoline_car,AT,22,female,4,paid_work,decile_3,5,1,3,9,2,3,3,5
gasoline_car,AT,42,female,7,paid_work,decile_7,5,1,5,8,2,3,4,2
public_transport,AT,67,female,3,retired,decile_1,2,3,3,5,5,4,4,4
public_transport,AT,52,female,7,paid_work,decile_10,5,1,5,10,6,4,6,1
public_transport,AT,50,male,7,paid_work,decile_9,5,2,4,8,5,3,3,5
gasoline_car,AT,55,male,5,paid_work,decile_5,5,2,4,8,9,2,5,3
gasoline_car,AT,32,female,7,paid_work,decile_10,5,1,4,9,10,3,5,3
gasoline_car,AT,51,male,3,paid_work,decile_8,5,2,3,8,5,4,4,2
gasoline_car,AT,72,female,4,retired,decile_8,4,2,1,0,5,4,4,4
walking,AT,44,female,3,housework,decile_6,5,3,3,6,10,2,2,4
walking,AT,83,male,3,retired,decile_1,2,2,3,8,5,5,5,3
gasoline_car,AT,78,male,3,retired,decile_6,4,2,3,4,7,3,4,4
electric_car,AT,36,male,3,paid_work,decile_8,5,1,1,3,8,4,6,4
gasoline_car,AT,33,female,7,paid_work,decile_8,5,1,5,8,3,5,4,4
gasoline_car,AT,41,female,5,paid_work,decile_8,5,2,3,7,7,6,4,3
walking,AT,32,male,7,paid_work,decile_9,5,1,5,8,10,3,5,3
gasoline_car,AT,72,male,3,retired,decile_6,3,2,3,5,5,5,5,4
public_transport,AT,90,male,7,retired,decile_4,2,2,2,5,9,4,5,3
walking,AT,64,male,4,other,decile_2,4,2,3,7,9,5,4,3
public_transport,AT,23,male,2,sick_disabled,decile_8,5,2,3,8,8,0,2,3
gasoline_car,AT,60,male,5,paid_work,decile_8,5,1,4,7,7,4,5,3
bicycle,AT,26,female,5,paid_work,decile_10,5,1,5,6,3,3,6,2
public_transport,AT,68,female,3,retired,decile_9,3,1,2,3,7,1,4,4
gasoline_car,AT,62,female,3,paid_work,decile_2,5,2,3,6,4,4,6,3
gasoline_car,AT,52,female,6,paid_work,decile_6,5,2,4,7,2,4,2,4
bicycle,AT,74,male,4,retired,decile_6,5,3,4,6,5,3,4,3
public_transport,AT,36,male,7,paid_work,decile_8,5,1,4,7,8,2,4,3
gasoline_car,AT,41,female,5,paid_work,decile_7,5,2,4,8,4,5,5,3
gasoline_car,AT,37,male,7,paid_work,decile_9,5,1,2,6,4,5,4,3
gasoline_car,AT,36,female,3,paid_work,decile_8,5,1,4,7,6,6,5,2
walking,AT,63,male,4,paid_work,decile_9,5,2,5,8,10,3,3,3
public_transport,AT,36,female,6,paid_work,decile_6,5,2,3,5,5,4,2,5
walking,AT,69,male,5,retired,decile_5,2,2,3,8,10,4,6,2
gasoline_car,AT,44,female,6,paid_work,decile_8,5,1,3,3,0,4,5,4
gasoline_car,AT,31,male,5,paid_work,decile_9,5,1,4,3,5,4,5,3
walking,AT,68,male,5,retired,decile_9,3,2,3,7,9,3,4,3
gasoline_car,AT,45,female,3,paid_work,decile_9,5,1,2,7,9,3,5,3
gasoline_car,AT,34,female,3,education,decile_1,5,3,3,7,8,1,4,4
electric_car,AT,79,male,7,retired,decile_8,4,1,2,3,8,2,6,3
public_transport,AT,40,female,6,paid_work,decile_7,5,1,3,8,9,5,5,3
gasoline_car,AT,38,male,3,housework,decile_3,5,2,2,9,5,2,6,5
gasoline_car,AT,57,female,3,paid_work,decile_7,5,2,3,6,6,0,6,4
public_transport,AT,83,male,7,retired,decile_8,4,1,3,9,10,5,4,3
bicycle,AT,72,female,6,other,decile_8,5,1,4,8,9,2,5,3
public_transport,AT,42,female,7,education,decile_2,5,3,4,5,10,4,4,4
public_transport,AT,56,male,5,paid_work,decile_10,5,1,5,8,10,2,3,4
gasoline_car,AT,47,male,5,paid_work,decile_9,5,2,3,5,6,4,4,3
gasoline_car,AT,52,female,4,housework,decile_5,4,2,3,3,7,3,4,3
public_transport,AT,42,female,7,housework,decile_8,5,2,4,5,10,3,5,4
gasoline_car,AT,74,male,3,retired,decile_7,5,2,3,8,8,4,5,3
bicycle,AT,28,male,4,other,decile_10,5,1,4,7,8,2,3,2
bicycle,AT,60,female,5,paid_work,decile_6,5,2,4,9,2,4,0,4
electric_car,AT,48,male,7,paid_work,decile_9,5,2,4,8,9,4,5,3
bicycle,AT,35,female,5,housework,decile_6,5,1,3,5,10,5,6,3
gasoline_car,AT,67,male,5,paid_work,decile_9,5,1,3,8,9,4,5,2
public_transport,AT,75,female,5,housework,decile_6,5,1,4,6,10,6,6,2
gasoline_car,AT,28,female,5,paid_work,decile_5,5,2,2,6,5,5,3,4
walking,AT,64,male,5,paid_work,decile_4,5,2,4,4,6,2,3,4
gasoline_car,AT,76,male,5,paid_work,decile_9,5,1,2,5,7,2,6,4
gasoline_car,AT,25,female,5,paid_work,decile_4,5,3,3,7,7,5,2,4
gasoline_car,AT,37,female,3,other,decile_7,5,2,3,8,2,2,3,4
gasoline_car,AT,55,male,5,paid_work,decile_9,4,2,3,8,7,5,5,2
bicycle,AT,61,male,3,retired,decile_2,5,3,3,5,9,3,2,4
walking,AT,58,female,6,paid_work,decile_10,5,1,4,5,7,3,5,1
gasoline_car,AT,59,male,3,paid_work,decile_9,4,2,4,7,4,4,5,3
gasoline_car,AT,75,male,7,retired,decile_10,5,1,2,0,10,2,6,2
public_transport,AT,27,male,4,education,decile_1,5,1,1,0,10,0,6,3
gasoline_car,AT,52,female,7,paid_work,decile_5,5,2,4,10,5,6,5,2
gasoline_car,AT,45,female,5,paid_work,decile_9,5,2,3,10,2,6,6,2
gasoline_car,AT,41,female,4,paid_work,decile_9,5,1,4,10,2,3,5,2
gasoline_car,AT,61,female,6,paid_work,decile_9,5,1,2,4,4,2,4,3
electric_car,AT,67,male,3,retired,decile_8,5,1,3,7,8,5,4,3
gasoline_car,AT,70,female,5,retired,decile_9,5,2,4,5,5,2,5,3
electric_car,AT,59,male,5,paid_work,decile_8,5,1,5,10,4,5,6,3
gasoline_car,AT,54,male,7,paid_work,decile_10,5,1,4,10,8,3,5,1
public_transport,AT,26,female,4,education,decile_8,5,1,4,5,8,3,5,4
walking,AT,53,male,5,paid_work,decile_7,5,1,3,4,8,4,5,2
gasoline_car,AT,48,male,7,paid_work,decile_10,4,1,3,7,3,6,6,3
gasoline_car,AT,77,male,3,retired,decile_3,5,2,2,5,4,1,2,5
walking,AT,42,male,7,paid_work,decile_10,5,1,4,6,7,5,6,1
gasoline_car,AT,48,female,3,paid_work,decile_4,5,1,4,7,7,3,4,3
bicycle,AT,46,female,6,paid_work,decile_8,4,1,4,9,4,4,5,3
public_transport,AT,51,male,5,paid_work,decile_10,5,1,2,2,3,5,5,3
walking,AT,84,female,4,other,decile_9,5,1,4,8,9,3,4,2
public_transport,AT,30,female,7,paid_work,decile_1,5,2,4,6,9,1,5,3
public_transport,AT,29,male,4,education,decile_2,5,2,5,5,9,3,6,2
gasoline_car,AT,34,male,6,paid_work,decile_10,5,1,4,7,9,6,6,2
public_transport,AT,63,male,3,paid_work,decile_3,5,1,4,8,10,0,3,3
bicycle,AT,76,male,5,housework,decile_8,3,1,1,7,5,4,5,2
walking,AT,82,male,5,retired,decile_10,5,1,3,5,9,3,5,2
gasoline_car,AT,54,male,3,paid_work,decile_9,5,1,2,0,4,3,5,4
electric_car,AT,68,male,3,retired,decile_6,5,2,4,4,3,4,6,3
gasoline_car,AT,53,male,6,sick_disabled,decile_8,5,1,4,8,5,6,5,2
public_transport,AT,55,male,7,paid_work,decile_10,5,1,5,10,7,4,6,1
gasoline_car,AT,46,male,5,paid_work,decile_10,5,1,4,6,8,2,5,4
bicycle,AT,70,male,3,retired,decile_5,5,1,3,5,4,4,5,3
electric_car,AT,64,female,5,retired,decile_8,4,1,5,10,3,1,4,3
electric_car,AT,64,female,5,housework,decile_7,2,2,3,4,3,5,5,3
gasoline_car,AT,62,female,5,paid_work,decile_8,5,1,4,7,3,5,5,3
public_transport,AT,59,female,7,paid_work,decile_8,5,2,5,10,4,1,2,4
gasoline_car,AT,24,female,5,education,decile_10,5,1,3,3,3,4,5,2
gasoline_car,AT,59,female,3,paid_work,decile_5,5,1,3,7,5,4,4,3
gasoline_car,AT,29,female,5,paid_work,decile_2,5,1,3,10,5,6,4,2
gasoline_car,AT,42,female,7,housework,decile_10,5,1,4,4,0,5,3,2
gasoline_car,AT,68,male,2,retired,decile_3,5,2,1,5,10,6,6,3
public_transport,AT,88,male,4,retired,decile_4,5,1,2,1,10,1,5,2
public_transport,AT,39,female,6,paid_work,decile_6,5,1,4,4,8,3,5,2
gasoline_car,AT,48,male,5,paid_work,decile_9,5,1,3,5,1,3,5,3
gasoline_car,AT,76,male,7,retired,decile_7,5,1,4,9,7,5,5,3
gasoline_car,AT,80,female,2,housework,decile_10,4,1,3,3,3,4,4,3
gasoline_car,AT,69,male,3,retired,decile_5,3,3,2,7,2,6,6,5
gasoline_car,AT,71,female,3,retired,decile_9,5,1,3,5,2,2,4,3
walking,AT,33,female,4,paid_work,decile_8,5,1,4,7,10,5,5,3
gasoline_car,AT,65,female,5,retired,decile_9,5,1,2,0,10,2,5,1
gasoline_car,AT,58,female,3,education,decile_6,5,1,4,8,8,4,6,3
gasoline_car,AT,30,male,5,other,decile_8,5,1,3,7,6,4,5,2
gasoline_car,AT,63,female,6,paid_work,decile_9,5,1,5,9,10,6,5,4
gasoline_car,AT,56,female,7,paid_work,decile_9,5,1,3,10,5,5,6,4
public_transport,AT,68,male,3,retired,decile_5,5,1,5,8,10,3,5,3
gasoline_car,AT,80,male,7,retired,decile_10,5,1,2,0,8,6,4,3
gasoline_car,AT,59,male,5,paid_work,decile_8,5,1,4,7,4,3,4,4
gasoline_car,AT,63,female,2,paid_work,decile_3,5,2,4,7,5,4,5,3
walking,AT,30,female,7,paid_work,decile_3,5,2,5,9,6,3,4,2
bicycle,AT,55,female,5,paid_work,decile_8,5,1,3,5,7,3,3,3
public_transport,AT,37,female,7,paid_work,decile_3,5,2,3,7,10,1,6,3
gasoline_car,AT,32,female,3,paid_work,decile_3,5,2,3,6,5,2,3,5
walking,AT,65,female,3,retired,decile_1,5,2,3,3,4,0,3,3
electric_car,AT,49,male,3,paid_work,decile_8,5,2,3,5,3,3,5,3
gasoline_car,AT,48,female,5,paid_work,decile_7,4,2,5,9,4,4,2,3
electric_car,AT,43,male,7,paid_work,decile_9,5,1,4,10,2,5,6,2
gasoline_car,AT,45,female,7,education,decile_6,5,3,4,8,1,4,4,3
public_transport,AT,73,female,5,housework,decile_3,5,2,5,10,0,5,6,3
public_transport,AT,55,male,2,sick_disabled,decile_2,5,3,3,5,10,4,5,4
bicycle,AT,79,male,3,retired,decile_6,5,1,3,8,8,5,6,1
public_transport,AT,57,male,5,other,decile_10,4,2,4,8,9,5,6,3
gasoline_car,AT,47,female,5,housework,decile_1,5,2,3,2,3,3,5,4
gasoline_car,AT,43,male,5,paid_work,decile_7,5,2,3,5,6,4,5,5
gasoline_car,AT,56,female,5,paid_work,decile_5,5,3,3,5,3,0,3,4
public_transport,AT,23,female,3,unemployed_looking,decile_2,5,4,3,7,2,3,4,3
gasoline_car,AT,75,female,7,retired,decile_9,5,1,3,7,6,3,5,4
electric_car,AT,38,female,3,paid_work,decile_10,5,2,2,5,9,5,5,3
gasoline_car,AT,44,female,7,paid_work,decile_3,5,1,3,8,0,6,6,4
bicycle,AT,51,male,4,paid_work,decile_5,4,2,4,7,8,2,3,2
gasoline_car,AT,61,male,2,paid_work,decile_9,5,1,2,5,10,5,6,1
bicycle,AT,36,female,7,other,decile_4,5,2,3,7,3,1,4,3
walking,AT,60,male,3,paid_work,decile_6,5,2,3,5,10,3,5,3
electric_car,AT,66,female,7,retired,decile_8,5,1,3,7,3,3,4,3
gasoline_car,AT,34,female,7,paid_work,decile_8,5,1,5,9,6,4,6,1
gasoline_car,AT,36,male,5,paid_work,decile_7,5,1,5,4,5,6,6,4
electric_car,AT,44,female,7,paid_work,decile_10,5,1,5,9,2,5,5,2
gasoline_car,AT,30,male,4,paid_work,decile_7,4,1,4,4,10,4,5,4
bicycle,AT,40,female,7,paid_work,decile_6,5,2,5,8,5,6,5,3
walking,AT,68,female,3,retired,decile_7,5,2,1,0,5,4,6,4
electric_car,AT,52,female,3,paid_work,decile_4,4,1,5,9,0,4,6,3
bicycle,AT,26,male,4,education,decile_7,5,1,3,5,8,4,6,3
gasoline_car,AT,73,male,7,retired,decile_8,5,1,4,8,2,4,5,2
gasoline_car,AT,85,male,1,retired,decile_3,2,2,2,6,8,5,5,3
gasoline_car,AT,79,male,5,retired,decile_8,5,1,1,0,7,3,5,2
public_transport,AT,73,female,5,retired,decile_5,3,1,4,8,10,4,3,3
bicycle,AT,53,male,7,paid_work,decile_10,5,1,4,3,10,3,5,3
public_transport,AT,61,female,7,paid_work,decile_5,5,2,4,9,10,5,6,3
gasoline_car,AT,42,male,3,paid_work,decile_9,5,1,1,0,10,5,6,2
public_transport,AT,55,female,7,paid_work,decile_6,5,1,5,10,10,4,4,2
gasoline_car,AT,41,male,3,paid_work,decile_10,5,1,1,3,8,4,4,5
public_transport,AT,47,male,5,paid_work,decile_9,5,1,3,3,9,2,5,3
gasoline_car,AT,54,male,7,paid_work,decile_3,5,2,3,3,7,2,4,3
bicycle,AT,59,male,5,paid_work,decile_8,5,1,5,10,8,5,6,2
bicycle,AT,65,male,5,paid_work,decile_7,5,3,4,8,8,3,6,4
walking,AT,66,female,3,retired,decile_10,5,1,5,7,2,4,2,3
public_transport,AT,67,male,7,paid_work,decile_10,4,1,3,7,8,5,5,3
public_transport,AT,42,male,5,paid_work,decile_7,5,1,5,6,8,5,6,3
public_transport,AT,44,male,7,paid_work,decile_5,5,2,4,4,10,4,6,3
electric_car,AT,39,female,6,housework,decile_9,5,1,2,3,0,2,6,4
gasoline_car,AT,64,male,7,paid_work,decile_10,5,1,3,8,10,5,6,2
gasoline_car,AT,53,female,5,paid_work,decile_9,5,1,4,7,8,5,5,2
bicycle,AT,29,female,7,paid_work,decile_4,5,1,4,7,4,3,4,3
gasoline_car,AT,49,female,3,paid_work,decile_4,5,2,3,7,9,3,6,3
gasoline_car,AT,54,male,7,paid_work,decile_10,5,2,4,4,8,6,3,3
gasoline_car,AT,53,female,6,paid_work,decile_7,4,2,3,7,7,5,6,3
walking,AT,57,male,3,paid_work,decile_7,5,1,3,9,3,3,6,1
public_transport,AT,80,female,3,retired,decile_3,2,1,4,6,9,4,5,3
public_transport,AT,59,male,7,paid_work,decile_10,5,1,3,3,7,3,5,2
public_transport,AT,33,female,7,paid_work,decile_10,5,1,5,8,5,5,3,2
gasoline_car,AT,61,male,3,paid_work,decile_6,5,1,4,7,4,3,5,3
gasoline_car,AT,60,male,3,paid_work,decile_9,5,1,4,5,7,4,6,4
gasoline_car,AT,49,male,3,paid_work,decile_8,4,2,3,6,7,2,4,2
public_transport,AT,43,male,6,paid_work,decile_9,5,1,5,3,8,3,4,3
gasoline_car,AT,44,female,6,paid_work,decile_7,5,1,3,7,2,5,4,3
bicycle,AT,36,female,5,education,decile_4,5,1,3,6,9,3,4,2
bicycle,AT,66,female,5,retired,decile_7,4,2,5,10,10,3,5,4
public_transport,AT,24,female,5,education,decile_7,5,2,4,8,6,4,4,4
gasoline_car,AT,66,female,5,retired,decile_8,5,1,3,6,8,4,5,3
gasoline_car,AT,46,female,5,paid_work,decile_9,5,1,2,5,7,3,6,3
gasoline_car,AT,66,male,4,paid_work,decile_5,5,1,4,9,4,2,6,3
public_transport,AT,50,male,3,paid_work,decile_7,5,2,4,6,10,2,3,5
walking,AT,41,female,7,paid_work,decile_10,5,1,4,7,6,4,5,2
gasoline_car,AT,35,female,6,housework,decile_7,5,2,4,7,3,6,6,2
gasoline_car,AT,62,male,7,paid_work,decile_10,5,1,4,8,9,2,6,4
public_transport,AT,51,male,4,paid_work,decile_4,5,1,3,2,9,3,6,3
gasoline_car,AT,54,male,3,paid_work,decile_5,5,1,3,7,2,3,5,2
gasoline_car,AT,52,male,7,paid_work,decile_9,5,1,4,7,8,5,6,2
public_transport,AT,36,male,7,paid_work,decile_2,5,3,4,8,8,5,4,5
public_transport,AT,49,female,6,paid_work,decile_9,5,1,4,9,5,4,5,3
walking,AT,52,male,7,paid_work,decile_6,5,1,3,6,5,4,6,3
gasoline_car,BE,61,male,6,sick_disabled,decile_7,5,2,4,8,1,3,4,3
bicycle,BE,64,male,7,paid_work,decile_6,5,1,4,8,9,5,6,2
bicycle,BE,49,female,5,paid_work,decile_6,5,1,3,5,4,4,3,2
bicycle,BE,65,male,2,paid_work,decile_3,5,1,3,5,7,4,3,2
public_transport,BE,23,male,6,education,decile_7,5,2,3,3,8,1,6,2
gasoline_car,BE,36,female,7,paid_work,decile_10,5,1,5,9,4,5,4,3
gasoline_car,BE,52,male,4,other,decile_7,5,1,3,3,8,4,4,4
bicycle,BE,68,male,7,paid_work,decile_6,5,1,4,8,5,4,5,3
gasoline_car,BE,54,male,5,paid_work,decile_5,5,3,3,7,6,4,4,3
gasoline_car,BE,48,female,7,housework,decile_9,5,1,3,6,0,4,5,3
electric_car,BE,60,male,6,paid_work,decile_10,4,1,5,8,0,6,5,2
public_transport,BE,45,female,6,paid_work,decile_9,5,1,3,8,5,5,5,3
public_transport,BE,29,female,7,paid_work,decile_10,5,1,5,8,8,4,5,1
electric_car,BE,58,male,4,paid_work,decile_7,5,2,2,4,3,4,4,4
gasoline_car,BE,71,male,4,paid_work,decile_6,5,2,2,0,4,5,5,3
electric_car,BE,40,male,7,paid_work,decile_10,5,1,5,8,8,4,6,4
gasoline_car,BE,62,male,6,paid_work,decile_5,4,2,2,4,4,3,3,3
gasoline_car,BE,36,male,5,paid_work,decile_3,5,1,3,6,8,5,5,3
public_transport,BE,84,male,4,retired,decile_6,4,2,3,6,8,4,4,2
walking,BE,46,male,7,sick_disabled,decile_7,5,2,5,7,6,4,5,4
bicycle,BE,35,male,4,paid_work,decile_6,5,3,3,4,0,5,4,4
walking,BE,79,male,6,retired,decile_4,2,2,4,0,5,4,2,3
gasoline_car,BE,33,female,6,housework,decile_8,5,2,3,6,7,4,3,3
electric_car,BE,66,female,6,paid_work,decile_7,5,2,3,7,8,0,4,4
gasoline_car,BE,25,male,4,education,decile_8,5,1,4,7,5,4,6,3
gasoline_car,BE,34,male,6,paid_work,decile_7,5,1,3,10,5,5,3,2
gasoline_car,BE,64,male,6,retired,decile_7,5,2,3,8,5,1,4,3
electric_car,BE,71,female,4,retired,decile_6,2,1,3,6,3,3,4,3
gasoline_car,BE,35,male,7,paid_work,decile_5,5,1,3,2,2,2,5,4
gasoline_car,BE,23,male,4,education,decile_5,5,2,2,4,7,3,0,3
gasoline_car,BE,64,male,6,retired,decile_7,5,2,4,9,3,4,4,2
public_transport,BE,45,female,7,paid_work,decile_6,5,1,4,7,10,3,4,2
gasoline_car,BE,64,female,6,paid_work,decile_8,5,1,3,6,6,2,3,3
bicycle,BE,62,female,2,paid_work,decile_7,4,2,2,3,1,5,4,4
electric_car,BE,27,male,4,education,decile_7,5,1,4,5,3,4,4,4
gasoline_car,BE,73,male,4,retired,decile_7,5,1,4,8,0,3,4,5
gasoline_car,BE,73,female,3,retired,decile_5,5,2,3,5,9,4,3,3
gasoline_car,BE,53,male,2,paid_work,decile_8,5,2,3,7,8,4,5,3
walking,BE,70,male,2,retired,decile_4,4,2,2,3,7,3,4,2
bicycle,BE,43,female,7,housework,decile_6,4,1,1,0,9,5,6,3
electric_car,BE,33,female,6,paid_work,decile_7,5,2,3,6,6,4,5,2
gasoline_car,BE,45,female,5,sick_disabled,decile_3,5,4,3,8,5,3,4,3
gasoline_car,BE,79,male,4,retired,decile_5,5,3,3,7,4,6,4,4
walking,BE,66,male,2,retired,decile_5,4,2,2,1,5,4,5,1
bicycle,BE,32,female,7,housework,decile_8,5,1,4,6,7,3,5,2
bicycle,BE,33,male,5,sick_disabled,decile_2,5,1,4,8,5,2,2,4
walking,BE,33,female,4,education,decile_6,5,2,5,10,4,3,4,4
gasoline_car,BE,60,female,5,sick_disabled,decile_6,5,2,3,0,0,5,4,3
gasoline_car,BE,46,female,6,paid_work,decile_3,5,3,4,3,5,1,2,4
gasoline_car,BE,44,female,7,paid_work,decile_8,5,2,4,7,0,4,4,3
electric_car,BE,36,female,7,paid_work,decile_5,5,1,4,6,4,4,5,3
gasoline_car,BE,30,female,6,paid_work,decile_10,5,1,4,7,7,2,5,3
bicycle,BE,70,female,6,housework,decile_7,5,1,5,9,9,5,4,2
electric_car,BE,54,male,3,paid_work,decile_8,5,1,4,8,6,4,2,4
gasoline_car,BE,69,male,2,retired,decile_3,4,2,5,8,6,3,1,5
bicycle,BE,74,female,2,retired,decile_3,5,3,4,6,8,5,5,4
electric_car,BE,64,female,6,paid_work,decile_8,5,1,4,7,8,3,5,3
walking,BE,52,male,1,paid_work,decile_6,5,3,5,10,5,1,4,5
walking,BE,70,male,4,retired,decile_3,5,3,3,6,7,2,4,4
bicycle,BE,71,female,6,retired,decile_7,4,1,4,8,4,3,5,3
bicycle,BE,69,male,4,retired,decile_5,5,2,4,8,7,4,4,3
gasoline_car,BE,45,male,5,paid_work,decile_9,5,1,2,4,6,4,5,3
gasoline_car,BE,63,male,7,paid_work,decile_8,5,1,4,6,7,3,3,3
bicycle,BE,26,female,6,education,decile_8,5,1,3,5,7,4,5,2
gasoline_car,BE,65,female,1,paid_work,decile_5,5,4,3,7,5,2,4,3
bicycle,BE,38,female,6,paid_work,decile_9,5,1,3,8,8,5,5,2
gasoline_car,BE,55,female,4,paid_work,decile_7,5,2,3,7,7,3,5,3
bicycle,BE,67,female,2,retired,decile_2,4,2,2,5,4,5,5,4
bicycle,BE,62,female,4,housework,decile_2,5,2,1,0,8,5,5,3
gasoline_car,BE,53,female,4,paid_work,decile_10,5,1,2,3,7,2,5,2
electric_car,BE,58,female,6,paid_work,decile_10,5,1,4,7,3,6,5,5
bicycle,BE,40,female,6,paid_work,decile_6,5,2,4,7,8,5,4,3
gasoline_car,BE,75,female,6,retired,decile_6,5,2,3,3,0,4,4,2
gasoline_car,BE,31,female,7,paid_work,decile_3,5,2,3,6,8,1,4,3
electric_car,BE,54,female,7,paid_work,decile_10,5,1,3,5,10,2,6,1
public_transport,BE,41,female,6,paid_work,decile_3,5,1,4,9,9,2,6,4
gasoline_car,BE,62,female,6,sick_disabled,decile_4,5,1,3,8,7,2,3,4
electric_car,BE,44,male,7,paid_work,decile_9,5,1,2,1,9,5,6,5
walking,BE,66,female,6,retired,decile_9,4,1,3,7,5,1,2,5
gasoline_car,BE,76,male,6,retired,decile_4,5,2,4,6,7,4,5,4
gasoline_car,BE,72,female,4,retired,decile_4,5,3,3,5,8,4,5,3
gasoline_car,BE,58,female,5,paid_work,decile_8,5,3,4,7,3,3,4,3
gasoline_car,BE,51,female,2,paid_work,decile_6,5,2,3,5,0,4,2,5
public_transport,BE,61,female,3,sick_disabled,decile_2,2,4,4,8,3,0,0,5
gasoline_car,BE,27,female,4,paid_work,decile_5,5,1,3,8,6,3,4,5
gasoline_car,BE,58,female,6,paid_work,decile_6,5,2,3,5,8,4,5,3
electric_car,BE,45,male,5,paid_work,decile_7,4,3,2,5,8,3,4,4
electric_car,BE,37,male,6,paid_work,decile_9,5,1,4,8,4,4,4,1
electric_car,BE,44,male,5,paid_work,decile_9,5,1,3,7,0,3,5,3
public_transport,BE,61,male,4,paid_work,decile_5,4,2,2,3,4,2,3,4
bicycle,BE,68,male,6,retired,decile_8,5,1,5,8,5,4,5,2
bicycle,BE,31,female,7,housework,decile_9,5,1,5,9,9,4,5,2
electric_car,BE,62,female,4,paid_work,decile_8,5,1,4,8,1,4,5,3
gasoline_car,BE,46,female,4,paid_work,decile_8,5,2,2,3,7,2,3,5
gasoline_car,BE,65,female,4,housework,decile_1,4,2,2,2,10,2,5,4
gasoline_car,BE,32,female,7,paid_work,decile_3,5,1,3,5,8,4,4,4
bicycle,BE,70,male,7,retired,decile_7,5,1,5,7,5,6,5,3
walking,BE,68,male,2,retired,decile_3,5,2,3,5,9,1,5,4
gasoline_car,BE,42,male,7,paid_work,decile_8,5,1,3,10,5,4,6,5
bicycle,BE,62,female,7,paid_work,decile_9,5,1,3,4,7,1,6,2
electric_car,BE,77,female,6,retired,decile_5,2,1,4,7,7,4,4,3
gasoline_car,BE,64,male,7,paid_work,decile_7,5,2,4,7,2,5,6,1
public_transport,BE,29,female,7,paid_work,decile_7,5,2,3,8,8,5,4,3
bicycle,BE,79,female,6,housework,decile_4,2,1,4,10,8,5,5,3
gasoline_car,BE,60,male,5,paid_work,decile_9,5,1,3,3,5,3,5,3
electric_car,BE,47,male,4,paid_work,decile_8,5,2,3,5,5,4,3,5
electric_car,BE,32,male,6,paid_work,decile_10,5,1,3,7,2,4,4,4
electric_car,BE,62,female,6,unemployed_looking,decile_3,3,3,3,4,7,3,2,4
gasoline_car,BE,68,male,5,retired,decile_5,5,2,3,5,7,4,5,4
bicycle,BE,65,female,2,unemployed_looking,decile_5,5,3,2,4,6,2,5,4
electric_car,BE,45,female,6,sick_disabled,decile_7,5,2,3,6,5,2,3,3
gasoline_car,BE,76,male,6,retired,decile_10,5,1,4,2,2,3,4,2
gasoline_car,BE,53,female,4,paid_work,decile_5,5,1,4,8,6,4,5,4
gasoline_car,BE,72,male,2,retired,decile_5,5,2,2,5,6,1,2,5
electric_car,BE,31,female,7,paid_work,decile_4,5,2,4,9,5,4,5,3
gasoline_car,BE,61,male,2,paid_work,decile_10,5,1,3,2,5,3,4,3
gasoline_car,BE,44,female,4,sick_disabled,decile_2,5,4,3,8,7,3,3,5
walking,BE,37,female,7,paid_work,decile_9,5,1,3,5,9,3,6,2
electric_car,BE,55,male,7,paid_work,decile_10,5,1,5,10,8,5,5,2
bicycle,BE,63,female,4,paid_work,decile_8,4,1,4,7,6,4,4,3
bicycle,BE,37,female,4,paid_work,decile_8,5,1,2,3,6,2,3,5
gasoline_car,BE,50,female,6,paid_work,decile_6,5,2,4,5,0,2,2,5
gasoline_car,BE,71,female,4,housework,decile_6,5,1,3,5,0,2,3,3
gasoline_car,BE,76,female,4,retired,decile_7,5,2,3,3,5,3,5,2
gasoline_car,BE,57,male,7,paid_work,decile_10,5,1,4,7,3,4,5,2
walking,BE,33,male,4,paid_work,decile_1,5,3,3,4,2,1,3,4
walking,BE,74,male,4,retired,decile_5,4,2,3,5,6,4,5,3
bicycle,BE,72,female,7,retired,decile_6,5,1,4,5,7,5,4,4
gasoline_car,BE,81,male,5,retired,decile_2,5,2,3,3,8,2,4,2
gasoline_car,BE,54,female,6,paid_work,decile_9,5,1,3,5,5,6,6,4
gasoline_car,BE,51,male,4,paid_work,decile_10,5,1,4,6,7,3,3,3
gasoline_car,BE,61,male,4,paid_work,decile_3,5,2,2,2,7,3,4,4
electric_car,BE,66,male,7,paid_work,decile_7,1,1,1,0,6,3,2,4
gasoline_car,BE,55,male,6,paid_work,decile_9,5,1,3,6,0,3,5,5
gasoline_car,BE,44,female,7,paid_work,decile_9,5,1,3,5,5,4,4,3
bicycle,BE,34,female,5,paid_work,decile_8,5,1,4,7,8,3,4,3
gasoline_car,BE,76,female,6,retired,decile_5,3,2,4,9,2,6,6,3
gasoline_car,BE,50,male,2,paid_work,decile_8,5,2,3,6,8,5,3,5
bicycle,BE,61,male,5,paid_work,decile_4,5,2,3,4,6,4,4,3
walking,BE,36,female,4,paid_work,decile_6,5,2,3,6,7,2,5,4
gasoline_car,BE,57,female,6,paid_work,decile_6,5,2,3,7,8,6,5,4
gasoline_car,BE,47,female,6,paid_work,decile_8,5,2,5,9,5,2,5,3
gasoline_car,BE,35,male,4,paid_work,decile_7,5,2,2,5,1,3,3,4
bicycle,BE,40,female,6,paid_work,decile_7,5,2,4,7,1,2,4,3
bicycle,BE,57,female,6,paid_work,decile_8,5,1,4,7,5,4,5,4
walking,BE,78,male,7,retired,decile_3,5,3,3,3,8,5,3,4
gasoline_car,BE,51,female,6,paid_work,decile_10,5,1,2,5,3,3,4,3
bicycle,BE,56,male,6,paid_work,decile_5,5,2,4,5,6,5,5,3
gasoline_car,BE,61,male,7,paid_work,decile_10,5,2,2,2,2,2,4,4
gasoline_car,BE,53,female,5,paid_work,decile_2,5,2,4,8,5,4,4,3
bicycle,BE,38,female,6,paid_work,decile_4,4,1,4,9,10,4,5,2
bicycle,BE,57,female,7,housework,decile_8,5,1,3,5,10,4,5,3
public_transport,BE,40,male,4,paid_work,decile_3,5,2,2,7,6,1,4,5
gasoline_car,BE,66,female,6,retired,decile_8,5,1,3,6,5,5,5,3
electric_car,BE,63,female,4,paid_work,decile_7,5,1,3,5,2,3,3,3
gasoline_car,BE,72,female,4,retired,decile_4,3,3,3,5,6,4,3,4
electric_car,BE,48,male,4,paid_work,decile_8,5,1,3,7,0,3,6,2
walking,BE,71,male,4,retired,decile_6,5,2,4,8,5,5,5,4
bicycle,BE,74,female,6,housework,decile_4,5,1,5,8,7,4,5,2
gasoline_car,BE,39,female,6,paid_work,decile_3,5,4,3,8,0,5,0,5
public_transport,BE,78,male,6,paid_work,decile_6,5,1,3,6,8,2,4,3
electric_car,BE,63,male,6,paid_work,decile_9,5,1,4,7,3,5,5,3
gasoline_car,BE,56,male,5,sick_disabled,decile_7,5,1,2,7,5,4,5,3
bicycle,BE,51,male,6,paid_work,decile_9,5,2,3,4,10,4,5,3
electric_car,BE,75,male,4,retired,decile_7,5,3,3,5,5,4,4,2
bicycle,BE,79,male,7,retired,decile_5,5,1,3,4,4,5,5,3
gasoline_car,BE,69,female,7,paid_work,decile_7,5,2,5,8,7,2,3,3
gasoline_car,BE,53,male,7,paid_work,decile_9,5,1,4,4,7,4,5,4
walking,BE,74,female,6,retired,decile_7,2,1,4,8,9,4,4,4
gasoline_car,BE,62,male,5,paid_work,decile_9,5,1,2,5,7,3,4,3
gasoline_car,BE,60,male,6,paid_work,decile_4,5,2,4,7,7,4,5,4
electric_car,BE,53,female,6,paid_work,decile_5,5,2,3,6,2,1,4,4
gasoline_car,BE,50,male,7,paid_work,decile_10,5,1,2,3,3,4,5,4
electric_car,BE,33,male,6,paid_work,decile_9,5,1,3,1,2,5,5,5
public_transport,BE,22,female,4,education,decile_7,5,1,3,0,1,3,1,2
gasoline_car,BE,54,female,4,sick_disabled,decile_2,5,2,3,3,8,5,5,3
bicycle,BE,73,female,6,retired,decile_5,5,2,4,6,6,4,4,3
gasoline_car,BE,70,female,4,housework,decile_5,2,2,3,3,3,4,5,3
electric_car,BE,32,female,7,paid_work,decile_5,5,2,3,4,8,4,2,2
gasoline_car,BE,84,female,6,retired,decile_7,5,1,3,3,5,4,4,5
gasoline_car,BE,71,female,6,housework,decile_6,4,2,5,7,5,4,5,3
electric_car,BE,59,female,6,paid_work,decile_5,5,1,3,6,10,5,5,3
electric_car,BE,28,female,4,paid_work,decile_8,5,2,2,4,7,2,3,5
public_transport,BE,63,male,6,paid_work,decile_7,5,2,4,6,3,4,5,3
gasoline_car,BE,35,female,6,paid_work,decile_4,5,2,4,7,4,4,4,3
electric_car,BE,58,male,4,paid_work,decile_6,5,2,3,3,2,4,4,4
bicycle,BE,24,female,4,education,decile_6,5,1,4,7,7,4,3,3
bicycle,BE,25,female,6,paid_work,decile_9,5,1,5,10,7,2,4,3
gasoline_car,BE,29,male,6,paid_work,decile_4,5,1,2,2,6,4,3,3
gasoline_car,BE,23,male,2,education,decile_5,5,2,1,0,4,0,2,1
gasoline_car,BE,30,male,7,paid_work,decile_10,5,1,2,4,5,0,6,3
bicycle,BE,67,female,4,retired,decile_7,5,1,3,4,6,4,5,2
gasoline_car,BE,49,male,6,paid_work,decile_6,5,2,3,7,7,4,3,3
bicycle,BE,40,female,7,paid_work,decile_9,5,1,5,8,8,4,4,3
bicycle,BE,47,male,7,paid_work,decile_6,5,1,3,3,8,4,6,2
gasoline_car,BE,30,female,5,paid_work,decile_6,5,1,3,7,10,3,3,5
public_transport,BE,44,female,6,paid_work,decile_8,5,2,4,8,8,2,4,3
gasoline_car,BE,27,male,5,paid_work,decile_4,5,1,2,3,6,2,4,3
public_transport,BE,57,female,6,unemployed_looking,decile_3,5,2,3,6,8,3,2,3
gasoline_car,BE,46,female,7,paid_work,decile_9,5,1,3,5,2,2,4,3
electric_car,BE,44,female,6,paid_work,decile_5,5,2,1,0,1,5,6,1
gasoline_car,BE,62,female,6,housework,decile_4,5,3,3,0,3,3,2,4
public_transport,BE,38,female,6,paid_work,decile_8,5,2,4,8,7,5,4,3
walking,BE,30,female,7,paid_work,decile_8,5,1,3,4,8,4,4,4
bicycle,BE,47,male,7,paid_work,decile_9,5,1,3,5,7,3,4,3
gasoline_car,BE,50,female,4,sick_disabled,decile_6,5,2,3,6,3,5,4,4
electric_car,BE,36,male,5,unemployed_looking,decile_6,5,3,2,5,0,2,4,5
gasoline_car,BE,51,female,4,unemployed_looking,decile_2,5,3,2,4,3,5,5,3
gasoline_car,BE,33,female,6,paid_work,decile_4,5,2,2,2,0,4,4,5
bicycle,BE,65,male,6,paid_work,decile_8,5,1,3,1,4,5,2,4
electric_car,BE,64,female,2,paid_work,decile_2,5,1,3,5,2,2,3,4
gasoline_car,BE,62,female,4,paid_work,decile_7,4,1,3,7,6,3,4,4
gasoline_car,BE,62,male,5,paid_work,decile_9,5,2,2,3,2,2,2,4
bicycle,BE,58,male,7,paid_work,decile_10,5,1,4,8,6,4,5,1
gasoline_car,BE,54,male,7,paid_work,decile_8,5,1,4,8,5,1,3,3
gasoline_car,BE,42,male,4,paid_work,decile_7,5,1,4,7,5,4,4,3
bicycle,BE,57,female,7,paid_work,decile_10,5,1,5,7,8,4,4,2
gasoline_car,BE,61,male,7,paid_work,decile_7,5,1,5,9,7,4,6,2
bicycle,BE,49,male,6,paid_work,decile_7,5,1,4,8,8,4,5,2
electric_car,BE,67,female,1,sick_disabled,decile_7,5,2,2,5,5,4,5,2
walking,BE,52,male,4,paid_work,decile_7,3,1,2,4,6,4,4,4
bicycle,BE,70,male,1,retired,decile_6,4,1,3,5,5,3,4,3
bicycle,BE,47,female,7,housework,decile_8,5,1,5,8,8,4,5,2
bicycle,BE,62,female,6,paid_work,decile_5,5,2,3,7,9,4,4,3
gasoline_car,BE,54,female,7,paid_work,decile_10,5,1,4,4,10,1,6,2
gasoline_car,BE,74,male,2,retired,decile_2,5,3,3,5,2,3,4,4
gasoline_car,BE,34,male,2,paid_work,decile_7,5,2,4,6,8,3,5,4
public_transport,BE,52,male,6,paid_work,decile_9,5,1,4,8,8,4,5,3
gasoline_car,BE,37,female,4,paid_work,decile_8,5,2,2,5,0,5,5,3
gasoline_car,BE,39,male,7,paid_work,decile_7,5,1,2,8,8,5,6,2
public_transport,BE,22,male,2,other,decile_5,5,3,3,6,4,4,5,3
gasoline_car,BE,45,male,4,paid_work,decile_7,5,1,3,5,8,4,5,3
gasoline_car,BE,59,female,6,paid_work,decile_7,5,1,3,5,5,3,4,4
bicycle,BE,45,female,6,paid_work,decile_8,5,1,4,8,5,4,6,5
gasoline_car,BE,61,female,6,paid_work,decile_10,5,1,3,6,1,4,4,3
bicycle,BE,70,male,7,retired,decile_5,5,1,3,6,7,5,5,2
gasoline_car,BE,70,female,4,housework,decile_6,2,2,3,7,7,3,4,2
bicycle,BE,77,male,4,retired,decile_6,5,1,2,1,3,4,5,4
gasoline_car,BE,71,male,4,retired,decile_3,5,3,4,5,4,4,4,3
electric_car,BE,39,male,7,paid_work,decile_9,5,1,5,8,2,3,6,2
gasoline_car,BE,74,male,7,retired,decile_5,5,2,2,0,5,0,4,4
gasoline_car,BE,68,male,6,retired,decile_7,5,2,3,3,5,4,1,4
gasoline_car,BE,49,female,7,paid_work,decile_9,5,1,4,8,6,2,2,3
gasoline_car,BE,38,male,3,paid_work,decile_5,5,2,3,4,7,3,3,3
bicycle,BE,62,female,3,paid_work,decile_3,5,2,3,7,6,3,5,3
gasoline_car,BE,82,male,1,retired,decile_5,1,2,3,8,0,3,5,4
gasoline_car,BE,65,male,6,retired,decile_7,5,1,4,8,5,2,3,4
electric_car,BE,42,female,4,paid_work,decile_9,5,1,3,7,6,4,4,3
gasoline_car,BE,57,male,7,paid_work,decile_8,5,1,4,7,7,3,5,2
electric_car,BE,34,female,7,paid_work,decile_8,5,1,4,8,4,5,5,2
gasoline_car,BE,25,male,1,paid_work,decile_10,5,2,1,0,0,0,6,1
gasoline_car,BE,42,male,6,paid_work,decile_10,5,1,3,5,6,4,5,4
gasoline_car,BE,25,female,6,education,decile_10,5,2,3,5,5,5,5,2
gasoline_car,BE,78,female,6,retired,decile_5,5,1,3,3,1,2,4,5
bicycle,BE,44,male,6,paid_work,decile_9,5,1,5,9,8,3,4,3
gasoline_car,BE,33,male,6,paid_work,decile_7,5,2,3,2,3,2,4,5
electric_car,BE,55,female,4,paid_work,decile_2,5,1,4,9,6,5,4,3
bicycle,BE,48,male,6,paid_work,decile_7,5,1,4,7,8,4,6,2
electric_car,BE,68,female,6,retired,decile_8,5,1,3,3,7,4,4,3
public_transport,BE,47,female,6,paid_work,decile_8,5,1,4,7,3,5,4,4
public_transport,BE,84,male,7,retired,decile_8,5,1,4,5,7,4,4,3
gasoline_car,BE,73,male,2,retired,decile_6,5,1,2,1,5,3,4,4
walking,BE,50,female,6,paid_work,decile_7,5,2,4,8,5,5,6,3
gasoline_car,BE,54,female,6,paid_work,decile_5,5,2,3,5,8,3,5,4
electric_car,BE,48,male,7,paid_work,decile_10,5,1,3,5,5,4,5,2
bicycle,BE,50,male,4,paid_work,decile_7,5,2,3,5,10,5,5,4
gasoline_car,BE,49,male,7,paid_work,decile_9,5,1,3,8,0,3,4,3
bicycle,BE,80,female,4,retired,decile_3,5,1,4,6,7,4,4,3
electric_car,BE,51,male,7,paid_work,decile_10,5,1,4,8,1,5,5,2
gasoline_car,BE,68,female,4,sick_disabled,decile_2,5,2,3,5,10,2,6,4
public_transport,BE,61,male,7,paid_work,decile_10,5,1,2,2,8,1,6,4
electric_car,BE,56,male,7,paid_work,decile_10,5,1,4,7,8,4,5,3
electric_car,BE,58,female,6,paid_work,decile_8,5,1,3,6,0,4,4,3
bicycle,BE,43,male,7,paid_work,decile_7,5,1,3,7,3,3,3,3
gasoline_car,BE,51,female,7,paid_work,decile_8,5,1,4,8,7,4,5,3
gasoline_car,BE,55,female,7,paid_work,decile_10,5,1,3,8,5,3,5,2
gasoline_car,BE,41,male,5,paid_work,decile_8,5,2,3,1,2,4,2,5
gasoline_car,BE,56,female,7,paid_work,decile_5,5,3,3,10,2,3,4,5
public_transport,BE,43,male,4,education,decile_1,5,3,2,6,7,3,3,3
gasoline_car,BE,61,female,7,sick_disabled,decile_5,5,2,5,7,3,0,1,5
gasoline_car,BE,44,male,4,paid_work,decile_8,5,2,4,8,1,4,5,3
gasoline_car,BE,70,female,4,retired,decile_2,5,3,3,7,0,2,4,3
gasoline_car,BE,75,female,2,sick_disabled,decile_3,5,2,3,10,0,2,0,3
gasoline_car,BE,53,female,4,housework,decile_8,5,1,3,7,3,2,4,2
gasoline_car,BE,50,male,2,paid_work,decile_5,5,3,2,0,3,0,4,5
gasoline_car,BE,74,female,6,retired,decile_4,5,3,1,0,6,3,5,1
gasoline_car,BE,73,female,6,retired,decile_8,5,1,5,7,9,2,3,3
gasoline_car,BE,66,female,7,paid_work,decile_9,5,1,4,7,2,3,2,3
electric_car,BE,63,female,7,paid_work,decile_10,5,1,4,6,7,4,4,3
public_transport,BE,25,female,4,education,decile_3,5,1,3,6,7,1,4,3
bicycle,BE,70,female,2,retired,decile_3,4,2,2,6,4,4,5,3
gasoline_car,BE,58,female,7,paid_work,decile_6,5,3,3,8,0,2,3,3
gasoline_car,BE,60,male,4,paid_work,decile_1,5,1,3,5,5,4,5,3
gasoline_car,BE,46,male,6,paid_work,decile_4,5,2,3,1,8,3,5,3
gasoline_car,BE,49,male,5,paid_work,decile_4,5,1,2,7,0,2,4,5
bicycle,BE,59,female,4,paid_work,decile_5,5,2,4,8,8,3,3,3
gasoline_car,BE,47,female,2,paid_work,decile_7,5,2,2,0,5,1,6,4
gasoline_car,BE,39,female,3,housework,decile_7,5,1,3,5,8,3,6,5
gasoline_car,BE,41,female,5,paid_work,decile_7,5,2,2,5,5,3,6,3
walking,BE,50,female,6,paid_work,decile_7,5,2,4,9,10,4,5,3
walking,BE,71,female,4,retired,decile_3,5,1,3,7,9,6,4,2
gasoline_car,BE,59,female,6,paid_work,decile_10,5,1,3,6,4,5,3,5
walking,BE,64,male,7,paid_work,decile_10,5,1,2,4,6,5,5,3
gasoline_car,BE,51,female,5,paid_work,decile_8,5,1,3,6,6,5,5,3
bicycle,BE,55,female,6,paid_work,decile_10,5,2,3,7,8,3,3,3
electric_car,BE,39,female,6,paid_work,decile_8,5,1,3,5,8,4,3,2
gasoline_car,BE,67,male,4,paid_work,decile_8,5,2,4,5,8,4,2,3
gasoline_car,BE,48,male,4,sick_disabled,decile_6,5,1,3,5,7,4,3,3
electric_car,BE,43,female,4,paid_work,decile_6,5,2,2,3,3,2,4,3
walking,BE,63,male,5,retired,decile_5,5,1,2,6,6,4,4,3
bicycle,BE,66,male,4,retired,decile_6,5,1,3,5,4,5,5,2
bicycle,BE,37,male,6,paid_work,decile_8,5,3,5,8,10,4,4,4
bicycle,BE,52,female,5,paid_work,decile_8,5,1,4,8,10,6,5,2
gasoline_car,BE,47,male,6,paid_work,decile_6,5,2,2,5,6,4,3,3
electric_car,BE,57,female,6,paid_work,decile_8,5,1,3,8,7,2,4,3
gasoline_car,BE,32,female,7,paid_work,decile_5,5,1,3,8,1,3,4,3
public_transport,BE,60,male,7,paid_work,decile_9,5,1,4,9,5,4,4,3
walking,BE,38,male,7,paid_work,decile_7,5,1,2,2,7,5,2,2
bicycle,BE,71,female,4,retired,decile_6,4,2,3,5,5,4,5,4
bicycle,BE,37,female,6,paid_work,decile_7,5,1,3,3,7,4,5,3
electric_car,BE,50,male,7,paid_work,decile_9,5,2,5,8,5,2,4,1
bicycle,BE,47,female,6,paid_work,decile_4,5,1,4,8,5,3,6,3
gasoline_car,BE,57,female,4,housework,decile_5,5,1,2,8,6,3,5,3
walking,BE,79,female,4,retired,decile_3,5,3,1,0,7,1,4,5
bicycle,BE,78,male,3,retired,decile_6,5,2,5,10,5,5,5,4
electric_car,BE,42,female,7,paid_work,decile_5,5,2,3,7,5,3,5,3
electric_car,BE,56,female,6,paid_work,decile_9,5,1,3,7,6,6,5,2
electric_car,BE,49,male,6,paid_work,decile_7,5,2,3,7,1,3,3,4
bicycle,BE,65,male,7,paid_work,decile_10,5,1,3,5,5,4,5,2
gasoline_car,BE,51,female,6,paid_work,decile_9,5,1,3,6,5,5,6,3
electric_car,BE,60,male,6,paid_work,decile_9,4,2,3,5,10,1,3,4
bicycle,BE,39,male,7,paid_work,decile_7,5,1,5,10,8,3,5,2
bicycle,BE,51,female,4,sick_disabled,decile_4,5,1,4,5,5,5,1,3
gasoline_car,BE,69,male,6,retired,decile_7,5,1,4,10,0,5,6,3
electric_car,BE,38,female,7,paid_work,decile_7,5,1,2,2,3,2,5,3
bicycle,BE,60,female,6,paid_work,decile_8,5,1,2,5,5,6,4,4
gasoline_car,BE,60,male,6,paid_work,decile_10,5,2,4,5,0,2,5,3
gasoline_car,BE,55,male,6,sick_disabled,decile_7,5,1,3,6,7,2,4,4
gasoline_car,BE,54,female,4,paid_work,decile_3,5,3,4,7,0,1,3,2
gasoline_car,BE,65,female,6,paid_work,decile_7,5,1,5,7,0,3,6,3
gasoline_car,BE,45,female,7,paid_work,decile_6,5,2,2,2,2,5,5,4
gasoline_car,BE,37,male,6,paid_work,decile_8,5,3,4,5,0,0,3,5
gasoline_car,BE,55,female,5,paid_work,decile_7,5,2,3,3,7,4,4,3
public_transport,BE,46,female,7,paid_work,decile_10,5,1,4,10,10,3,6,3
bicycle,BE,66,male,6,paid_work,decile_5,5,2,4,8,8,4,5,3
gasoline_car,BE,25,female,6,education,decile_4,5,1,4,8,8,2,5,3
gasoline_car,BE,65,female,4,retired,decile_2,5,2,3,6,5,3,6,5
electric_car,BE,37,female,5,housework,decile_6,4,2,3,7,0,1,4,3
gasoline_car,BE,45,male,7,paid_work,decile_5,5,1,3,7,6,4,6,2
bicycle,BE,48,male,4,paid_work,decile_9,5,2,5,9,4,5,6,3
bicycle,BE,73,male,4,retired,decile_6,5,2,3,6,7,4,5,3
gasoline_car,BE,82,male,5,housework,decile_4,5,2,4,5,7,2,4,3
bicycle,BE,44,male,4,paid_work,decile_3,5,2,3,5,5,3,4,3
electric_car,BE,42,male,6,paid_work,decile_7,5,1,4,3,6,4,5,3
gasoline_car,BE,62,male,7,paid_work,decile_4,5,2,3,3,9,3,4,4
gasoline_car,BE,57,male,6,paid_work,decile_6,5,1,3,5,6,5,2,3
gasoline_car,BE,40,female,7,unemployed_looking,decile_4,5,3,3,7,6,4,2,5
gasoline_car,BE,42,male,6,paid_work,decile_9,5,2,3,6,10,3,4,3
public_transport,BE,50,female,6,paid_work,decile_9,5,2,3,5,7,4,5,3
gasoline_car,BE,31,female,7,paid_work,decile_9,5,2,4,7,5,3,3,3
bicycle,BE,72,female,4,retired,decile_4,4,2,4,7,5,3,4,3
electric_car,BE,44,female,7,paid_work,decile_10,5,1,3,9,5,1,4,3
bicycle,BE,35,male,6,paid_work,decile_8,5,1,4,8,2,2,4,2
bicycle,BE,70,male,4,retired,decile_7,5,1,3,4,3,6,6,4
bicycle,BE,71,female,7,retired,decile_5,5,2,3,5,4,3,4,3
gasoline_car,BE,75,male,6,retired,decile_10,5,1,3,7,3,3,4,2
gasoline_car,BE,49,female,5,paid_work,decile_10,5,1,2,1,1,0,4,4
bicycle,BE,28,female,6,paid_work,decile_8,5,1,2,3,6,2,3,5
electric_car,BE,53,female,7,paid_work,decile_7,5,2,4,8,6,3,4,3
gasoline_car,BE,58,female,2,paid_work,decile_7,2,2,3,7,5,5,5,3
gasoline_car,BE,34,female,5,paid_work,decile_7,5,1,3,4,5,1,4,4
gasoline_car,BE,61,female,4,paid_work,decile_8,5,1,3,5,5,3,6,1
bicycle,BE,66,female,4,housework,decile_3,5,2,4,6,2,3,5,4
public_transport,BE,23,female,4,education,decile_5,5,1,3,6,6,4,3,4
electric_car,BE,52,female,4,paid_work,decile_9,5,1,3,5,7,5,4,3
public_transport,BE,60,male,7,paid_work,decile_10,5,1,3,1,8,3,5,3
gasoline_car,BE,80,female,7,retired,decile_4,5,2,4,8,6,4,5,3
gasoline_car,BE,79,female,6,retired,decile_4,4,3,2,7,2,2,4,4
electric_car,BE,43,female,7,paid_work,decile_5,5,1,4,7,3,4,3,3
electric_car,BE,31,male,6,paid_work,decile_5,5,1,3,3,3,5,3,4
gasoline_car,BE,34,male,6,paid_work,decile_8,5,1,3,7,7,5,4,2
electric_car,BE,43,male,7,paid_work,decile_10,5,1,1,0,9,2,5,5
electric_car,BE,66,male,4,retired,decile_7,5,1,4,6,5,4,4,4
bicycle,BE,66,male,3,retired,decile_7,4,1,3,8,6,3,3,4
walking,BE,78,male,7,retired,decile_8,5,1,3,4,7,5,6,4
gasoline_car,BE,75,male,6,retired,decile_5,5,1,4,2,5,4,5,2
gasoline_car,BE,63,female,4,paid_work,decile_10,5,1,4,3,6,4,5,3
gasoline_car,BE,31,male,7,paid_work,decile_9,5,1,3,6,5,5,5,3
gasoline_car,BE,74,male,7,retired,decile_8,5,1,4,9,3,1,4,2
gasoline_car,BE,76,female,4,housework,decile_6,5,2,4,8,8,4,3,4
public_transport,BE,82,female,2,housework,decile_1,5,2,3,0,4,3,4,3
electric_car,BE,46,female,7,paid_work,decile_9,5,1,3,7,4,4,4,3
gasoline_car,BE,55,male,7,paid_work,decile_10,5,1,3,5,5,4,4,2
electric_car,BE,39,female,3,paid_work,decile_7,5,1,3,7,7,0,4,3
bicycle,BE,36,male,7,paid_work,decile_8,5,1,5,5,3,3,6,4
gasoline_car,BE,43,female,4,paid_work,decile_7,5,2,4,10,2,5,6,5
bicycle,BE,60,female,7,paid_work,decile_6,5,2,4,8,6,5,6,2
gasoline_car,BE,87,male,7,retired,decile_10,5,1,3,5,8,2,5,1
electric_car,BE,42,male,6,paid_work,decile_8,4,1,2,5,8,4,5,2
gasoline_car,BE,61,male,3,paid_work,decile_7,5,1,4,9,5,4,6,4
bicycle,BE,41,male,6,education,decile_6,5,2,3,3,3,4,3,3
gasoline_car,BE,72,female,2,retired,decile_6,3,1,3,2,6,5,3,2
gasoline_car,BE,34,female,2,paid_work,decile_4,5,2,2,4,7,4,3,2
gasoline_car,BE,52,female,7,paid_work,decile_10,5,2,3,7,10,4,6,4
gasoline_car,BE,55,male,6,paid_work,decile_4,5,2,3,3,0,5,5,3
walking,BE,62,female,4,sick_disabled,decile_2,4,3,3,5,4,3,2,5
gasoline_car,BE,48,female,7,paid_work,decile_8,5,2,4,10,4,4,6,2
bicycle,BE,81,female,6,retired,decile_6,5,1,2,3,0,6,4,3
bicycle,BE,56,male,7,paid_work,decile_10,5,1,5,0,9,3,5,1
gasoline_car,BE,55,male,6,paid_work,decile_9,5,1,4,8,5,4,5,3
gasoline_car,BE,56,male,3,paid_work,decile_3,5,2,1,5,9,0,6,4
gasoline_car,BE,56,male,5,other,decile_8,5,1,2,4,3,5,5,3
electric_car,BE,64,male,7,paid_work,decile_10,5,1,4,7,5,6,5,3
walking,CZ,61,female,7,unemployed_looking,decile_3,5,3,5,10,0,0,0,1
public_transport,CZ,53,female,5,sick_disabled,decile_1,3,4,3,5,7,4,3,3
bicycle,CZ,56,female,4,paid_work,decile_2,5,3,2,1,7,3,5,2
public_transport,CZ,80,female,3,retired,decile_1,4,4,2,4,7,5,4,3
public_transport,CZ,53,female,5,paid_work,decile_7,2,3,3,5,9,4,6,4
public_transport,CZ,48,female,2,housework,decile_2,5,4,5,10,10,0,6,5
gasoline_car,CZ,46,male,5,paid_work,decile_10,5,1,3,6,6,2,5,1
public_transport,CZ,82,female,5,retired,decile_2,3,2,2,8,8,5,5,3
public_transport,CZ,77,female,4,retired,decile_7,4,2,2,5,7,4,4,3
bicycle,CZ,65,male,3,unemployed_not_looking,decile_1,5,2,2,3,10,1,5,2
bicycle,CZ,53,female,3,paid_work,decile_2,5,2,3,5,3,4,3,3
public_transport,CZ,79,female,3,retired,decile_3,2,2,3,6,5,4,3,3
walking,CZ,71,female,3,retired,decile_5,5,2,4,3,5,1,4,4
public_transport,CZ,47,male,4,paid_work,decile_7,5,2,2,7,9,4,5,3
public_transport,CZ,34,male,7,paid_work,decile_8,5,1,1,0,10,5,6,4
public_transport,CZ,47,female,4,paid_work,decile_2,4,3,3,4,4,1,4,3
public_transport,CZ,62,male,5,paid_work,decile_5,2,2,4,4,4,4,3,3
walking,CZ,37,female,4,paid_work,decile_10,5,2,4,8,6,4,1,3
gasoline_car,CZ,28,male,4,paid_work,decile_8,5,1,2,5,8,2,5,2
bicycle,CZ,61,female,2,paid_work,decile_4,3,2,4,0,8,2,1,5
gasoline_car,CZ,65,male,7,paid_work,decile_7,5,2,4,8,10,4,6,1
gasoline_car,CZ,39,male,7,unemployed_looking,decile_3,4,2,1,7,5,3,2,5
public_transport,CZ,52,female,3,paid_work,decile_1,3,3,4,5,4,3,3,3
public_transport,CZ,84,female,4,retired,decile_2,4,1,3,1,9,5,4,5
walking,CZ,76,male,3,retired,decile_4,4,3,2,5,5,2,4,3
public_transport,CZ,42,female,7,paid_work,decile_3,5,2,3,4,8,3,5,4
public_transport,CZ,49,female,4,housework,decile_6,5,2,3,4,8,3,5,3
gasoline_car,CZ,37,female,4,paid_work,decile_1,5,4,2,0,0,0,1,2
gasoline_car,CZ,67,female,5,retired,decile_7,5,4,4,0,5,3,2,4
gasoline_car,CZ,38,female,4,unemployed_looking,decile_7,5,2,2,5,3,6,5,3
public_transport,CZ,75,female,4,retired,decile_6,5,1,3,0,10,0,5,1
gasoline_car,CZ,30,female,6,paid_work,decile_7,5,2,4,6,7,2,5,3
public_transport,CZ,43,female,4,paid_work,decile_8,5,2,3,5,10,2,5,3
walking,CZ,84,male,4,retired,decile_5,4,2,3,5,8,0,6,3
gasoline_car,CZ,66,male,5,paid_work,decile_5,4,1,3,7,8,2,4,3
gasoline_car,CZ,48,male,3,paid_work,decile_6,4,1,1,0,4,5,3,5
gasoline_car,CZ,47,female,5,paid_work,decile_6,3,1,3,6,5,3,4,3
public_transport,CZ,43,male,3,paid_work,decile_2,5,3,5,10,5,6,3,5
public_transport,CZ,42,female,5,paid_work,decile_9,4,2,5,2,0,1,1,3
public_transport,CZ,75,female,3,retired,decile_2,5,2,4,3,10,4,5,4
gasoline_car,CZ,57,male,3,retired,decile_7,5,3,2,4,3,2,5,4
walking,CZ,68,male,4,sick_disabled,decile_1,5,3,1,2,0,3,3,5
public_transport,CZ,81,female,3,retired,decile_4,3,2,3,5,4,3,5,2
walking,CZ,84,male,5,retired,decile_7,5,1,2,5,8,6,5,3
walking,CZ,47,female,4,paid_work,decile_7,4,2,3,3,7,2,2,3
public_transport,CZ,48,male,3,paid_work,decile_6,5,3,4,5,6,3,4,2
gasoline_car,CZ,74,male,4,retired,decile_7,5,2,3,2,6,1,1,3
walking,CZ,36,male,7,paid_work,decile_7,5,1,4,7,10,4,6,2
public_transport,CZ,64,female,3,paid_work,decile_2,4,3,3,5,8,3,4,4
public_transport,CZ,57,female,3,paid_work,decile_6,4,2,3,5,5,0,4,3
gasoline_car,CZ,46,male,4,paid_work,decile_7,5,2,3,4,5,2,3,2
gasoline_car,CZ,75,male,5,retired,decile_2,5,2,2,3,4,3,3,4
walking,CZ,60,female,4,paid_work,decile_4,5,2,3,7,10,2,3,4
public_transport,CZ,39,female,3,paid_work,decile_7,5,2,3,5,4,5,2,3
public_transport,CZ,42,male,4,paid_work,decile_10,5,1,1,0,7,3,4,5
public_transport,CZ,59,female,4,paid_work,decile_3,5,3,3,4,10,2,5,5
public_transport,CZ,51,female,4,paid_work,decile_7,4,2,3,5,9,4,5,4
electric_car,CZ,46,male,6,paid_work,decile_7,5,1,3,7,9,3,4,3
gasoline_car,CZ,55,male,3,paid_work,decile_6,5,3,3,4,6,0,4,3
gasoline_car,CZ,52,female,4,paid_work,decile_10,5,1,4,5,5,1,4,3
walking,CZ,74,male,4,retired,decile_4,5,2,1,0,10,3,3,5
gasoline_car,CZ,80,male,3,retired,decile_5,3,3,4,6,8,3,5,4
gasoline_car,CZ,53,male,4,paid_work,decile_7,5,2,1,0,2,3,5,3
walking,CZ,82,female,4,retired,decile_3,3,2,2,6,8,3,4,3
walking,CZ,49,female,3,paid_work,decile_5,5,1,3,5,5,4,4,2
bicycle,CZ,61,female,7,paid_work,decile_6,5,3,2,4,8,3,3,4
gasoline_car,CZ,78,female,7,retired,decile_5,5,2,2,2,9,3,5,5
public_transport,CZ,75,female,4,retired,decile_5,4,2,2,0,10,0,5,5
walking,CZ,40,female,7,paid_work,decile_10,5,2,4,7,9,2,4,2
bicycle,CZ,40,female,4,housework,decile_6,5,2,2,5,5,3,3,5
public_transport,CZ,39,female,5,sick_disabled,decile_4,5,2,4,8,4,4,5,5
gasoline_car,CZ,40,male,5,paid_work,decile_7,5,1,2,4,2,4,5,5
gasoline_car,CZ,62,female,7,paid_work,decile_7,5,2,3,7,7,2,4,3
gasoline_car,CZ,31,female,5,housework,decile_5,5,1,3,4,5,3,4,2
public_transport,CZ,51,male,6,paid_work,decile_4,4,2,3,4,5,1,3,5
gasoline_car,CZ,73,female,5,retired,decile_5,5,2,2,0,5,3,5,5
public_transport,CZ,44,female,7,paid_work,decile_10,5,1,3,5,8,2,4,2
walking,CZ,74,male,5,retired,decile_5,5,2,2,0,6,1,6,5
walking,CZ,80,female,7,retired,decile_5,5,2,2,2,9,2,4,3
public_transport,CZ,81,male,4,retired,decile_5,5,2,3,6,7,2,2,3
walking,CZ,77,female,7,retired,decile_5,5,2,2,0,9,4,5,3
gasoline_car,CZ,69,female,4,retired,decile_9,5,2,3,3,9,4,5,4
gasoline_car,CZ,53,female,4,paid_work,decile_1,5,4,5,8,5,0,2,4
gasoline_car,CZ,62,female,3,paid_work,decile_6,5,1,3,4,8,2,4,3
gasoline_car,CZ,28,female,2,housework,decile_4,5,3,3,5,5,2,2,4
gasoline_car,CZ,69,male,4,paid_work,decile_6,5,2,1,0,8,3,5,3
public_transport,CZ,72,male,3,retired,decile_5,3,2,2,2,5,2,3,4
public_transport,CZ,57,male,4,paid_work,decile_5,5,2,3,2,9,0,5,3
gasoline_car,CZ,67,female,3,paid_work,decile_6,5,1,3,2,3,3,4,5
gasoline_car,CZ,37,male,7,paid_work,decile_8,5,1,4,8,5,6,5,4
public_transport,CZ,23,female,2,education,decile_7,5,3,3,0,5,0,2,4
gasoline_car,CZ,80,male,3,retired,decile_4,3,3,3,2,8,1,2,5
gasoline_car,CZ,84,female,4,retired,decile_2,5,2,2,5,7,4,5,5
gasoline_car,CZ,38,female,7,housework,decile_4,4,2,3,7,8,4,3,4
walking,CZ,60,female,7,paid_work,decile_9,5,1,5,7,3,4,5,3
public_transport,CZ,76,female,4,retired,decile_3,5,3,2,0,5,1,2,5
public_transport,CZ,52,male,7,paid_work,decile_9,5,1,2,5,7,3,4,3
public_transport,CZ,46,female,4,housework,decile_5,4,3,1,0,9,2,4,5
public_transport,CZ,46,female,5,paid_work,decile_7,5,3,3,5,5,5,2,4
gasoline_car,CZ,51,female,5,paid_work,decile_7,5,2,4,7,6,3,6,4
public_transport,CZ,64,female,4,paid_work,decile_7,3,1,2,2,8,4,3,5
public_transport,CZ,37,female,3,unemployed_looking,decile_2,3,3,2,5,7,3,3,2
public_transport,CZ,52,female,5,housework,decile_3,5,2,3,6,9,2,4,3
walking,CZ,39,female,7,housework,decile_9,5,1,2,6,7,4,5,2
walking,CZ,53,male,4,paid_work,decile_6,5,2,4,5,5,5,4,4
public_transport,CZ,53,female,4,paid_work,decile_3,5,2,4,5,5,3,3,5
public_transport,CZ,70,female,3,retired,decile_7,5,1,2,3,9,4,3,4
bicycle,CZ,61,male,4,paid_work,decile_8,5,2,3,5,8,1,2,3
walking,CZ,58,female,5,paid_work,decile_7,5,2,1,5,10,3,6,2
public_transport,CZ,48,female,7,paid_work,decile_4,4,2,4,6,8,3,4,3
walking,CZ,82,female,5,retired,decile_2,3,3,4,3,9,3,3,3
gasoline_car,CZ,57,female,7,paid_work,decile_9,5,1,2,2,2,3,4,5
gasoline_car,CZ,48,female,7,paid_work,decile_2,5,2,5,10,5,3,4,4
walking,CZ,77,male,7,retired,decile_5,5,2,4,3,3,4,2,4
public_transport,CZ,57,female,3,paid_work,decile_10,5,1,2,5,10,4,6,4
public_transport,CZ,72,female,3,housework,decile_5,4,3,4,5,8,2,5,5
public_transport,CZ,61,male,5,paid_work,decile_3,5,3,4,8,10,5,4,3
gasoline_car,CZ,38,male,6,paid_work,decile_9,5,1,3,5,5,3,4,4
walking,CZ,44,male,7,paid_work,decile_10,5,2,2,0,10,6,6,3
walking,CZ,60,female,7,sick_disabled,decile_7,5,1,2,6,8,0,2,5
public_transport,CZ,69,female,5,retired,decile_7,4,1,2,5,6,3,2,4
public_transport,CZ,40,female,7,paid_work,decile_3,4,2,2,5,5,1,3,4
gasoline_car,CZ,36,female,6,paid_work,decile_5,5,2,5,6,3,5,3,5
gasoline_car,CZ,57,male,4,paid_work,decile_8,5,1,1,5,10,5,6,2
gasoline_car,CZ,55,male,3,paid_work,decile_7,4,2,1,1,0,5,1,5
public_transport,CZ,55,male,7,paid_work,decile_10,5,2,4,7,1,3,5,5
gasoline_car,CZ,61,male,4,paid_work,decile_8,5,2,1,0,7,1,0,5
public_transport,CZ,77,female,4,retired,decile_1,3,3,3,2,7,5,5,3
public_transport,CZ,22,female,2,education,decile_10,5,1,5,4,8,3,4,3
electric_car,CZ,40,male,7,paid_work,decile_9,5,1,4,4,0,4,4,5
public_transport,CZ,61,female,5,unemployed_looking,decile_4,3,3,2,6,6,2,1,4
gasoline_car,CZ,69,female,4,paid_work,decile_6,5,1,2,2,9,6,3,5
gasoline_car,CZ,64,male,3,paid_work,decile_4,5,3,2,5,5,3,3,4
walking,CZ,66,female,7,retired,decile_2,3,2,3,5,3,2,3,3
public_transport,CZ,56,female,3,paid_work,decile_2,4,4,4,3,9,2,4,4
walking,CZ,75,male,4,retired,decile_5,3,1,2,4,9,2,3,2
public_transport,CZ,61,female,3,sick_disabled,decile_6,5,2,3,4,8,3,3,4
walking,CZ,62,female,5,paid_work,decile_2,5,2,5,5,5,1,4,3
walking,CZ,74,female,5,retired,decile_4,5,2,4,5,5,3,4,3
gasoline_car,CZ,32,female,4,paid_work,decile_4,5,4,4,3,8,4,4,4
walking,CZ,71,female,4,retired,decile_2,3,2,3,3,8,2,5,2
public_transport,CZ,70,male,4,retired,decile_1,2,2,3,4,8,3,6,3
walking,CZ,39,female,4,other,decile_6,3,2,2,4,7,3,4,4
walking,CZ,27,female,4,education,decile_2,5,3,4,8,6,2,1,4
gasoline_car,CZ,42,male,3,paid_work,decile_5,2,2,2,4,3,2,3,2
walking,CZ,80,male,7,retired,decile_7,5,1,3,3,8,3,5,3
gasoline_car,CZ,65,male,4,paid_work,decile_2,2,2,4,0,5,3,5,3
bicycle,CZ,54,female,7,paid_work,decile_7,5,2,3,4,8,2,4,4
public_transport,CZ,72,female,4,retired,decile_1,4,3,4,5,7,4,2,2
public_transport,CZ,26,male,4,education,decile_4,5,4,1,0,9,4,5,5
public_transport,CZ,54,female,4,paid_work,decile_3,5,2,1,4,9,5,6,2
gasoline_car,CZ,75,male,3,retired,decile_3,2,2,3,4,8,3,3,4
public_transport,CZ,41,female,7,paid_work,decile_7,5,2,2,6,3,4,3,4
gasoline_car,CZ,54,male,3,paid_work,decile_6,2,3,2,5,7,3,3,4
public_transport,CZ,64,female,3,paid_work,decile_3,5,4,3,5,7,2,1,3
public_transport,CZ,65,female,5,retired,decile_5,3,3,4,5,5,3,4,3
public_transport,CZ,62,female,3,paid_work,decile_6,5,2,4,6,9,2,1,5
gasoline_car,CZ,74,female,4,retired,decile_1,3,3,2,0,5,0,1,4
walking,CZ,30,female,7,paid_work,decile_7,5,2,3,1,5,0,3,4
gasoline_car,FI,68,male,4,paid_work,decile_6,2,2,2,2,0,0,3,4
walking,FI,27,male,4,paid_work,decile_5,5,2,1,0,8,1,3,5
gasoline_car,FI,63,male,7,unemployed_not_looking,decile_8,5,2,4,10,6,3,4,1
gasoline_car,FI,60,female,7,paid_work,decile_10,5,1,4,8,7,4,4,2
gasoline_car,FI,52,male,4,paid_work,decile_8,5,2,5,7,5,5,2,2
walking,FI,74,female,4,retired,decile_2,3,4,5,10,8,4,6,2
gasoline_car,FI,56,female,6,paid_work,decile_9,5,1,3,8,5,1,5,2
public_transport,FI,77,female,5,retired,decile_6,5,2,3,7,8,4,5,2
bicycle,FI,46,female,7,paid_work,decile_8,5,2,3,8,8,4,5,2
bicycle,FI,53,female,7,paid_work,decile_10,5,1,2,7,2,3,4,3
walking,FI,66,female,5,sick_disabled,decile_4,5,2,3,5,9,2,3,3
walking,FI,32,female,4,education,decile_1,5,4,4,7,1,3,5,2
gasoline_car,FI,50,male,4,paid_work,decile_5,5,2,3,5,4,2,2,5
gasoline_car,FI,28,female,4,education,decile_1,5,2,5,10,5,5,2,2
walking,FI,77,male,7,paid_work,decile_9,5,1,4,8,9,2,6,2
bicycle,FI,57,male,4,paid_work,decile_7,5,1,1,0,7,3,5,2
walking,FI,56,male,4,paid_work,decile_9,5,1,3,8,8,4,5,2
public_transport,FI,37,female,4,paid_work,decile_8,5,2,4,9,4,1,1,3
gasoline_car,FI,68,female,1,paid_work,decile_4,5,2,3,4,2,4,3,3
walking,FI,34,female,7,paid_work,decile_7,5,2,3,5,7,4,4,3
bicycle,FI,37,female,6,other,decile_9,5,1,3,9,7,5,4,2
gasoline_car,FI,29,female,4,paid_work,decile_4,5,2,3,9,3,4,5,4
public_transport,FI,37,female,6,education,decile_1,5,2,5,7,8,3,4,2
electric_car,FI,68,male,7,paid_work,decile_8,5,1,4,9,5,5,6,1
public_transport,FI,60,female,6,unemployed_looking,decile_2,5,4,4,5,8,3,2,2
walking,FI,56,male,6,paid_work,decile_7,5,2,3,8,8,6,5,3
bicycle,FI,40,male,4,paid_work,decile_6,5,2,3,1,5,3,5,3
walking,FI,61,male,4,paid_work,decile_6,5,2,2,0,6,1,5,4
gasoline_car,FI,47,female,6,paid_work,decile_10,5,1,3,3,6,4,5,2
public_transport,FI,68,female,7,retired,decile_6,5,1,3,8,9,3,5,1
gasoline_car,FI,76,female,4,retired,decile_6,4,2,2,5,2,3,5,3
electric_car,FI,34,male,6,paid_work,decile_8,5,1,4,5,9,5,5,2
gasoline_car,FI,67,male,6,paid_work,decile_9,5,1,4,8,8,4,5,2
bicycle,FI,65,female,4,paid_work,decile_1,5,4,4,8,3,3,5,3
gasoline_car,FI,22,female,2,education,decile_7,5,2,5,7,5,2,3,3
gasoline_car,FI,75,male,5,retired,decile_7,5,2,3,7,6,4,5,4
gasoline_car,FI,32,male,7,paid_work,decile_8,5,2,3,5,5,2,4,3
gasoline_car,FI,32,female,6,paid_work,decile_9,5,1,3,5,8,4,5,3
gasoline_car,FI,54,female,6,paid_work,decile_10,5,1,3,9,9,4,5,2
walking,FI,82,female,5,retired,decile_8,4,2,3,8,7,4,3,2
gasoline_car,FI,70,female,7,retired,decile_7,5,2,4,8,4,5,5,2
electric_car,FI,60,male,4,paid_work,decile_7,5,2,2,3,8,4,5,4
electric_car,FI,30,male,4,paid_work,decile_3,5,2,2,4,9,4,4,3
electric_car,FI,56,male,4,paid_work,decile_10,5,1,2,4,10,6,6,2
gasoline_car,FI,51,female,4,paid_work,decile_8,5,2,3,10,7,2,5,4
gasoline_car,FI,52,female,6,paid_work,decile_8,5,2,3,8,1,4,3,3
gasoline_car,FI,70,female,5,retired,decile_8,5,1,5,10,1,3,4,3
bicycle,FI,66,male,5,unemployed_not_looking,decile_6,5,1,3,8,8,4,6,3
gasoline_car,FI,68,female,6,retired,decile_4,5,2,2,8,3,5,5,3
gasoline_car,FI,73,female,5,retired,decile_5,5,2,3,7,6,3,5,3
electric_car,FI,79,female,4,retired,decile_6,5,2,2,5,9,4,5,3
gasoline_car,FI,60,female,7,paid_work,decile_8,5,2,4,7,7,4,5,4
walking,FI,40,male,4,paid_work,decile_6,5,1,2,1,7,4,6,4
public_transport,FI,60,female,5,paid_work,decile_5,5,1,4,8,8,2,5,3
gasoline_car,FI,79,male,4,retired,decile_7,5,2,2,8,0,5,6,3
walking,FI,80,female,6,retired,decile_7,3,1,3,6,4,5,5,2
walking,FI,65,female,5,retired,decile_1,5,2,4,7,4,3,3,1
walking,FI,63,female,7,retired,decile_9,5,1,3,8,4,3,6,3
walking,FI,76,male,7,retired,decile_9,5,1,4,9,5,5,4,1
gasoline_car,FI,74,male,5,retired,decile_7,5,2,3,7,4,3,3,3
gasoline_car,FI,47,male,5,paid_work,decile_8,5,2,1,0,7,0,2,5
walking,FI,63,female,4,paid_work,decile_5,5,1,4,6,7,3,4,2
walking,FI,63,female,6,retired,decile_9,5,2,4,10,6,4,5,3
bicycle,FI,54,male,7,paid_work,decile_9,5,1,4,9,7,6,5,2
electric_car,FI,72,female,5,retired,decile_7,5,2,4,6,9,4,3,2
electric_car,FI,48,female,6,paid_work,decile_10,5,2,4,9,3,5,5,2
gasoline_car,FI,53,female,7,paid_work,decile_10,5,1,3,7,7,4,5,3
gasoline_car,FI,51,male,6,paid_work,decile_8,5,2,1,5,8,4,5,5
walking,FI,70,female,4,retired,decile_9,5,2,4,6,9,4,4,3
gasoline_car,FI,74,male,7,retired,decile_8,5,1,3,7,9,4,5,4
walking,FI,69,male,5,retired,decile_9,5,1,4,8,8,3,4,3
gasoline_car,FI,73,female,5,retired,decile_7,5,2,3,7,6,4,5,3
walking,FI,56,male,7,paid_work,decile_9,5,1,3,7,8,5,5,3
walking,FI,61,female,5,paid_work,decile_8,5,1,3,5,6,2,5,2
public_transport,FI,62,female,6,paid_work,decile_10,5,2,3,6,8,2,5,2
gasoline_car,FI,34,female,7,paid_work,decile_5,5,1,2,8,9,4,6,2
gasoline_car,FI,76,female,5,retired,decile_1,5,2,3,9,8,4,4,2
gasoline_car,FI,54,female,7,paid_work,decile_10,5,2,3,8,2,5,5,5
electric_car,FI,43,male,4,paid_work,decile_6,5,3,3,2,7,4,3,3
walking,FI,80,female,5,retired,decile_6,3,2,3,6,3,3,5,2
public_transport,FI,39,female,7,education,decile_10,5,1,5,8,8,3,5,1
gasoline_car,FI,76,male,6,paid_work,decile_7,5,1,3,8,9,3,5,2
electric_car,FI,71,male,6,retired,decile_6,5,1,5,9,6,3,5,2
walking,FI,66,female,7,paid_work,decile_10,5,1,4,7,7,4,5,2
walking,FI,86,female,7,retired,decile_9,5,2,3,4,9,3,4,2
walking,FI,81,male,6,retired,decile_7,5,2,4,6,7,2,4,4
electric_car,FI,55,male,5,paid_work,decile_10,5,2,2,2,5,3,5,4
electric_car,FI,48,male,6,paid_work,decile_9,5,2,1,0,10,3,5,5
gasoline_car,FI,39,female,6,paid_work,decile_8,5,2,3,10,6,6,6,3
walking,FI,57,male,6,paid_work,decile_9,5,2,4,4,8,1,2,3
electric_car,FI,61,male,6,paid_work,decile_10,5,1,4,3,3,2,2,3
electric_car,FI,37,male,7,paid_work,decile_9,5,1,3,8,9,4,4,2
gasoline_car,FI,55,female,7,paid_work,decile_10,5,2,4,10,0,5,6,1
walking,FI,24,female,4,education,decile_1,5,2,3,7,10,4,5,3
electric_car,FI,60,male,4,paid_work,decile_10,5,2,3,7,6,3,4,4
public_transport,FI,85,female,5,retired,decile_2,5,2,3,5,10,3,4,2
gasoline_car,FI,41,male,7,paid_work,decile_7,5,1,2,1,8,5,6,3
public_transport,FI,53,male,4,paid_work,decile_9,5,2,3,5,9,4,4,3
public_transport,FI,36,female,7,education,decile_7,5,2,3,8,8,2,4,1
gasoline_car,FI,34,female,7,paid_work,decile_9,5,1,5,8,9,5,5,2
walking,FI,66,male,5,paid_work,decile_9,5,1,4,9,8,4,4,1
walking,FI,29,female,7,paid_work,decile_6,5,1,5,10,5,4,5,2
electric_car,FI,55,male,7,paid_work,decile_10,5,2,4,8,0,4,4,2
bicycle,FI,79,male,7,retired,decile_8,5,1,3,5,8,3,4,2
bicycle,FI,79,female,4,retired,decile_3,5,2,4,7,7,3,3,3
gasoline_car,FI,73,female,1,retired,decile_4,2,3,4,4,8,2,2,2
gasoline_car,FI,62,male,4,paid_work,decile_8,5,2,3,7,8,2,4,3
gasoline_car,FI,55,female,5,paid_work,decile_8,5,2,3,5,0,4,5,3
public_transport,FI,38,female,7,paid_work,decile_9,5,1,3,8,8,4,4,1
gasoline_car,FI,66,female,5,unemployed_looking,decile_7,5,1,3,8,3,4,5,3
electric_car,FI,44,male,7,paid_work,decile_10,5,1,3,7,8,4,5,3
electric_car,FI,41,female,7,paid_work,decile_9,5,1,5,6,3,3,4,2
electric_car,FI,58,male,7,paid_work,decile_10,5,1,3,8,4,5,6,3
gasoline_car,FI,56,male,4,paid_work,decile_8,5,2,2,1,8,2,5,3
gasoline_car,FI,32,female,4,housework,decile_6,5,2,3,7,6,4,2,4
electric_car,FI,43,female,7,paid_work,decile_10,5,1,3,2,0,5,6,3
public_transport,FI,70,female,7,paid_work,decile_5,5,2,2,5,8,2,4,2
walking,FI,34,male,7,paid_work,decile_10,5,1,4,8,7,3,5,2
walking,FI,60,male,4,retired,decile_1,5,2,3,0,10,3,6,1
bicycle,FI,62,female,7,unemployed_looking,decile_4,5,3,4,9,8,6,2,2
gasoline_car,FI,73,male,5,retired,decile_7,5,1,3,6,9,3,5,2
electric_car,FI,63,male,5,paid_work,decile_7,5,1,4,7,8,3,5,3
gasoline_car,FI,73,male,5,retired,decile_4,5,1,3,7,6,3,5,3
gasoline_car,FI,72,male,1,retired,decile_3,5,2,2,5,10,3,5,3
public_transport,FI,52,male,5,paid_work,decile_5,5,3,4,10,9,4,5,2
walking,FI,67,female,5,retired,decile_8,4,1,3,3,8,4,5,3
electric_car,FI,48,male,7,paid_work,decile_10,5,1,4,6,1,5,5,2
walking,FI,58,female,7,paid_work,decile_10,5,1,4,5,5,4,5,3
walking,FI,47,female,4,paid_work,decile_9,5,2,3,8,5,4,4,5
public_transport,FI,82,male,6,retired,decile_9,5,1,4,8,8,1,4,2
gasoline_car,FI,35,female,7,paid_work,decile_9,5,1,2,6,5,6,6,4
walking,FI,74,female,7,retired,decile_10,5,1,3,7,8,4,5,4
bicycle,FI,47,male,7,paid_work,decile_10,5,1,2,5,0,1,4,4
walking,FI,72,female,4,retired,decile_6,3,1,2,8,8,4,4,3
walking,FI,40,female,6,paid_work,decile_8,5,2,2,6,10,3,4,3
bicycle,FI,57,male,6,paid_work,decile_9,5,1,4,8,9,3,5,1
bicycle,FI,56,female,7,paid_work,decile_9,5,2,4,7,9,3,4,2
electric_car,FI,53,male,4,paid_work,decile_8,5,2,3,6,5,3,3,3
gasoline_car,FI,45,female,7,paid_work,decile_9,5,2,3,7,2,5,4,4
walking,FI,76,male,5,retired,decile_9,5,1,4,6,8,2,4,2
bicycle,FI,74,male,6,retired,decile_1,5,3,5,9,1,0,1,5
walking,FI,60,male,7,paid_work,decile_7,5,2,2,3,8,3,5,3
gasoline_car,FI,49,female,7,paid_work,decile_8,5,1,3,6,3,5,6,3
gasoline_car,FI,69,male,4,paid_work,decile_7,5,2,2,7,3,5,6,3
gasoline_car,FI,51,male,4,paid_work,decile_7,5,2,3,10,10,5,3,3
bicycle,FI,45,male,4,paid_work,decile_6,5,3,3,7,9,2,5,2
gasoline_car,FI,63,female,4,unemployed_looking,decile_6,5,2,5,10,10,6,6,5
gasoline_car,FI,74,male,5,retired,decile_5,5,2,3,6,7,3,3,2
walking,FI,79,female,6,retired,decile_6,5,2,4,5,4,3,5,3
electric_car,FI,40,female,6,paid_work,decile_5,5,3,3,8,7,3,5,3
public_transport,FI,57,male,6,paid_work,decile_2,5,2,5,8,9,5,5,2
electric_car,FI,73,female,5,retired,decile_9,4,1,2,5,3,1,6,3
gasoline_car,FI,77,male,7,retired,decile_6,5,3,3,7,5,4,4,2
gasoline_car,FI,41,male,4,education,decile_9,5,1,3,1,3,6,4,4
gasoline_car,FI,51,female,5,paid_work,decile_9,5,1,3,7,5,4,4,4
bicycle,FI,55,male,4,paid_work,decile_9,5,2,3,6,8,2,3,3
walking,FI,84,male,4,retired,decile_6,4,2,3,6,8,3,4,3
walking,FI,59,male,4,paid_work,decile_8,5,1,4,9,9,5,5,2
gasoline_car,FI,46,female,7,paid_work,decile_7,5,1,4,9,6,3,4,3
gasoline_car,FI,62,male,4,paid_work,decile_7,4,1,3,4,7,4,4,3
walking,FI,82,female,6,retired,decile_7,4,2,4,9,8,2,4,2
gasoline_car,FI,42,male,6,paid_work,decile_7,5,1,2,3,6,3,4,5
electric_car,FI,80,male,7,retired,decile_9,5,1,4,8,5,4,5,2
gasoline_car,FI,64,female,5,retired,decile_6,5,3,3,6,3,4,5,3
gasoline_car,FI,74,male,6,retired,decile_4,5,2,4,8,7,3,5,3
walking,FI,63,female,2,paid_work,decile_6,5,2,4,9,10,3,5,3
walking,FI,79,male,7,retired,decile_6,5,1,4,9,8,4,5,2
gasoline_car,FI,75,male,7,retired,decile_9,5,1,2,3,8,3,5,4
walking,FI,35,male,6,paid_work,decile_8,5,2,3,7,8,4,4,2
public_transport,FI,22,female,2,paid_work,decile_7,5,2,5,9,10,4,6,2
walking,FI,75,male,5,retired,decile_3,5,3,4,9,9,3,4,3
electric_car,FI,73,male,7,retired,decile_7,5,2,4,5,10,3,3,5
walking,FI,52,female,6,paid_work,decile_5,5,1,3,7,8,2,2,2
gasoline_car,FI,80,male,4,retired,decile_5,3,2,3,4,7,5,5,3
gasoline_car,FI,41,female,7,paid_work,decile_9,5,1,3,6,5,4,5,2
electric_car,FI,73,female,5,retired,decile_9,5,1,5,8,3,4,4,3
public_transport,FI,31,female,7,paid_work,decile_6,5,1,4,8,7,4,5,1
walking,FI,61,female,7,paid_work,decile_10,5,1,3,10,5,5,5,2
gasoline_car,FI,78,male,7,retired,decile_8,5,1,2,7,8,5,6,3
walking,FI,66,female,7,paid_work,decile_8,5,1,4,8,10,4,6,2
electric_car,FI,75,male,1,retired,decile_7,5,2,2,10,7,2,5,3
electric_car,FI,52,male,4,paid_work,decile_10,5,2,3,7,0,5,5,4
gasoline_car,FI,64,female,5,paid_work,decile_6,5,2,3,6,0,3,6,3
gasoline_car,FI,44,male,6,paid_work,decile_6,5,2,1,0,8,4,4,5
walking,FI,71,female,5,retired,decile_8,5,1,4,5,10,4,6,2
public_transport,FI,26,female,4,education,decile_1,5,2,3,8,8,3,4,2
bicycle,FI,27,male,4,education,decile_1,5,2,4,2,10,5,4,3
walking,FI,46,female,6,unemployed_looking,decile_6,5,2,3,8,9,4,3,3
gasoline_car,FI,62,female,7,paid_work,decile_9,5,1,2,5,5,4,5,3
gasoline_car,FI,34,male,2,education,decile_1,5,4,2,1,0,2,2,5
gasoline_car,FI,78,female,6,retired,decile_4,5,1,3,4,5,4,5,3
bicycle,FI,68,male,5,retired,decile_6,4,2,3,7,6,4,5,3
electric_car,FI,73,female,7,retired,decile_8,5,1,4,5,8,4,5,2
gasoline_car,FI,30,female,7,paid_work,decile_6,5,1,4,8,8,3,4,2
gasoline_car,FI,46,male,5,paid_work,decile_9,5,2,2,5,7,1,3,5
gasoline_car,FI,49,female,7,paid_work,decile_7,5,1,4,7,5,3,5,2
walking,FI,30,male,4,paid_work,decile_6,5,1,3,8,3,5,5,4
electric_car,FI,69,female,5,retired,decile_5,5,2,5,4,3,3,5,2
electric_car,FI,63,male,4,paid_work,decile_8,5,2,3,7,1,4,2,4
electric_car,FI,59,male,4,paid_work,decile_8,5,1,3,6,7,3,5,3
walking,FI,73,male,7,retired,decile_7,5,1,2,8,5,1,6,1
gasoline_car,FI,69,female,7,paid_work,decile_10,5,1,3,6,5,4,4,2
walking,FI,65,female,7,paid_work,decile_9,5,2,5,7,3,4,5,3
walking,FI,45,female,2,paid_work,decile_4,5,1,2,7,6,5,5,3
bicycle,FI,62,female,7,paid_work,decile_10,5,1,2,5,4,4,6,2
gasoline_car,FI,67,female,5,retired,decile_9,4,1,3,7,9,4,5,3
walking,FI,70,male,7,retired,decile_7,5,2,3,2,9,3,4,3
walking,FI,68,male,4,retired,decile_5,5,2,4,9,5,5,6,1
gasoline_car,FI,74,male,4,retired,decile_4,2,2,4,7,6,4,5,4
walking,FI,71,male,6,retired,decile_7,5,2,4,5,4,5,5,3
public_transport,FI,22,female,2,education,decile_9,5,2,3,8,9,1,5,3
public_transport,FI,84,male,5,retired,decile_8,4,1,4,3,9,4,5,2
electric_car,FI,41,male,4,paid_work,decile_8,5,2,3,7,5,2,5,4
walking,FI,66,female,4,paid_work,decile_10,5,1,3,4,9,4,6,3
bicycle,FI,74,male,6,retired,decile_8,5,2,3,7,8,3,5,3
gasoline_car,FI,71,male,5,retired,decile_7,5,1,3,7,1,4,5,2
gasoline_car,FI,70,female,5,retired,decile_3,5,2,3,4,3,4,4,3
gasoline_car,FI,61,male,6,paid_work,decile_8,5,2,3,7,2,4,4,5
electric_car,FI,49,female,4,paid_work,decile_2,5,3,3,6,2,6,6,2
electric_car,FI,48,male,6,paid_work,decile_6,5,2,3,4,8,3,4,4
electric_car,FI,72,female,5,retired,decile_8,5,1,4,9,8,4,4,2
gasoline_car,FI,37,male,4,unemployed_looking,decile_4,5,2,1,0,0,4,4,5
gasoline_car,FI,65,female,5,unemployed_looking,decile_4,5,2,4,7,8,3,5,4
gasoline_car,FI,58,female,4,retired,decile_1,5,4,3,6,1,3,3,4
walking,FI,69,male,6,paid_work,decile_10,5,1,3,4,7,4,5,2
gasoline_car,FI,76,female,5,paid_work,decile_9,5,1,3,2,6,3,5,3
walking,FI,49,male,4,paid_work,decile_5,5,2,3,6,8,4,5,2
electric_car,FI,71,male,1,retired,decile_8,5,1,4,8,5,4,4,4
electric_car,FI,46,male,6,paid_work,decile_9,5,2,4,7,4,1,3,3
walking,FI,74,female,6,retired,decile_6,5,1,5,6,6,4,5,2
electric_car,FI,71,male,4,paid_work,decile_9,5,1,4,7,7,4,5,2
public_transport,FI,58,female,7,paid_work,decile_9,5,1,3,8,9,5,5,1
gasoline_car,FI,45,male,4,paid_work,decile_10,5,1,3,5,5,2,4,4
gasoline_car,FI,49,female,7,paid_work,decile_10,5,1,4,9,8,3,4,2
gasoline_car,FI,51,female,4,unemployed_looking,decile_6,5,2,1,0,0,2,1,5
bicycle,FI,41,female,4,paid_work,decile_9,5,1,4,9,7,2,4,4
electric_car,FI,56,female,6,paid_work,decile_9,5,2,4,8,9,4,5,2
public_transport,FI,57,female,4,paid_work,decile_4,5,2,3,7,7,1,3,4
electric_car,FI,74,female,2,retired,decile_8,5,1,4,9,3,5,5,2
walking,FI,87,female,4,retired,decile_4,5,2,3,8,6,2,3,3
gasoline_car,FI,22,female,2,education,decile_5,4,2,1,6,5,2,2,4
gasoline_car,FI,57,female,5,paid_work,decile_3,5,2,3,8,8,4,3,3
electric_car,FI,61,male,5,paid_work,decile_10,5,1,4,10,8,4,6,1
gasoline_car,FI,63,male,5,paid_work,decile_8,5,1,3,6,5,2,5,3
bicycle,FI,49,male,6,paid_work,decile_6,5,1,3,7,2,4,4,2
gasoline_car,FI,74,male,4,retired,decile_6,5,2,4,8,7,4,5,3
electric_car,FI,64,male,6,paid_work,decile_10,5,1,3,8,8,3,5,2
bicycle,FI,37,female,6,paid_work,decile_8,5,2,3,6,5,3,4,3
gasoline_car,FI,52,female,4,paid_work,decile_5,5,3,4,8,6,2,4,5
gasoline_car,FI,62,male,4,paid_work,decile_7,5,1,2,5,2,5,5,4
gasoline_car,FI,45,female,6,paid_work,decile_4,5,2,4,9,4,2,4,3
gasoline_car,FI,43,female,2,housework,decile_6,5,2,3,7,6,5,3,4
gasoline_car,FI,63,female,7,paid_work,decile_6,5,1,1,0,8,5,1,4
bicycle,FI,64,male,4,paid_work,decile_5,5,2,3,4,3,2,4,4
walking,FI,58,female,7,paid_work,decile_6,5,1,3,7,8,4,4,3
electric_car,FI,37,female,7,paid_work,decile_10,5,1,3,5,6,4,4,3
walking,FI,27,female,4,education,decile_1,5,4,4,7,7,4,3,3
walking,FI,32,female,4,education,decile_3,5,2,4,8,8,3,4,2
gasoline_car,FI,33,female,6,paid_work,decile_7,5,2,3,7,2,3,4,3
gasoline_car,FI,49,male,5,paid_work,decile_10,5,2,2,5,7,4,5,3
gasoline_car,FI,36,female,2,housework,decile_5,5,1,2,6,2,3,6,3
electric_car,FI,48,male,7,paid_work,decile_9,5,1,4,5,5,4,5,3
walking,FI,76,female,2,retired,decile_2,4,3,3,8,9,3,3,3
electric_car,FI,33,male,6,paid_work,decile_5,5,1,3,7,8,3,4,3
public_transport,FI,65,male,7,paid_work,decile_10,5,1,3,8,9,4,5,1
public_transport,FI,79,female,1,retired,decile_2,5,2,5,10,10,6,3,3
gasoline_car,FI,77,male,7,retired,decile_9,5,2,2,2,9,4,5,2
walking,FI,77,female,7,retired,decile_10,5,1,4,9,7,5,5,2
gasoline_car,FI,31,female,6,paid_work,decile_4,5,2,2,5,5,4,6,2
gasoline_car,FI,31,male,6,paid_work,decile_5,5,1,3,8,9,4,6,3
walking,FI,60,female,4,paid_work,decile_4,5,2,2,4,3,5,5,3
bicycle,FI,61,female,4,paid_work,decile_7,5,3,3,6,7,4,6,3
walking,FI,36,female,4,paid_work,decile_3,5,1,4,8,8,4,4,2
walking,FI,32,male,4,unemployed_not_looking,decile_4,5,2,4,7,5,4,4,3
bicycle,FI,71,male,6,retired,decile_6,5,2,4,6,3,2,3,1
walking,FI,66,female,5,sick_disabled,decile_2,5,2,4,7,9,3,5,2
gasoline_car,FI,36,male,6,paid_work,decile_9,4,1,2,6,5,5,5,3
bicycle,FI,52,male,4,paid_work,decile_4,5,1,3,4,6,5,6,1
walking,FI,65,female,4,paid_work,decile_8,5,1,3,7,8,4,4,3
walking,FI,41,male,7,paid_work,decile_9,5,1,3,5,5,3,4,3
gasoline_car,FI,33,male,4,paid_work,decile_10,5,1,1,0,7,2,4,5
walking,FI,66,male,6,paid_work,decile_5,5,1,2,6,8,2,5,3
bicycle,FI,50,male,7,paid_work,decile_8,5,1,3,8,8,5,6,2
walking,FI,78,male,5,retired,decile_10,5,1,3,5,10,2,5,2
walking,FI,46,male,6,paid_work,decile_6,5,1,2,3,4,3,5,2
gasoline_car,FI,68,male,7,paid_work,decile_10,5,1,3,8,4,3,4,3
walking,FI,75,male,5,retired,decile_3,5,2,3,6,0,2,3,3
gasoline_car,FI,34,male,6,paid_work,decile_6,5,1,3,7,7,4,5,3
walking,FI,61,female,4,paid_work,decile_6,5,2,2,2,0,3,1,5
walking,FI,28,female,4,paid_work,decile_10,5,1,2,7,7,3,6,3
electric_car,FI,70,female,4,retired,decile_6,5,2,3,7,9,4,5,2
gasoline_car,FI,46,male,6,paid_work,decile_8,5,2,4,7,3,3,5,3
electric_car,FI,57,female,7,paid_work,decile_9,5,2,3,8,8,4,5,2
bicycle,FI,65,female,4,retired,decile_1,5,4,5,10,5,4,5,1
bicycle,FI,52,female,4,paid_work,decile_7,5,2,3,7,8,4,5,2
gasoline_car,FI,40,male,7,paid_work,decile_6,5,2,3,6,2,4,2,4
gasoline_car,FI,67,male,7,unemployed_not_looking,decile_1,5,1,3,7,4,4,6,3
walking,FI,26,male,4,unemployed_not_looking,decile_1,5,1,2,0,6,4,3,4
electric_car,FI,33,female,6,paid_work,decile_4,5,3,4,8,6,3,2,4
gasoline_car,FI,48,male,4,unemployed_not_looking,decile_2,5,3,3,8,2,3,5,3
gasoline_car,FI,45,female,6,paid_work,decile_8,5,2,2,4,5,3,5,4
walking,FI,46,female,6,paid_work,decile_9,5,1,3,7,8,2,6,3
walking,FI,74,female,4,retired,decile_5,5,2,3,6,2,4,5,4
walking,FI,74,male,2,retired,decile_6,5,1,3,5,7,4,4,2
bicycle,FI,45,male,4,paid_work,decile_9,5,1,3,10,10,6,5,2
gasoline_car,FI,72,female,4,retired,decile_2,5,2,3,3,10,4,3,3
walking,FI,73,female,5,retired,decile_4,5,2,4,9,9,1,5,2
electric_car,FI,36,male,5,paid_work,decile_9,5,2,3,8,9,6,5,2
gasoline_car,FI,55,male,7,paid_work,decile_8,5,1,3,7,3,2,2,4
electric_car,FI,50,male,6,paid_work,decile_10,5,1,3,8,7,4,5,3
bicycle,FI,71,male,1,retired,decile_3,5,1,4,5,7,5,5,3
gasoline_car,FI,39,female,6,housework,decile_7,5,2,4,5,3,4,3,3
walking,FI,35,female,7,unemployed_looking,decile_2,5,3,5,2,7,1,1,4
gasoline_car,FI,56,female,4,paid_work,decile_7,5,2,4,9,5,5,2,3
electric_car,FI,69,female,5,retired,decile_7,5,2,3,7,5,4,4,3
gasoline_car,FI,73,male,5,retired,decile_6,5,1,3,7,2,3,5,2
walking,FI,44,female,7,paid_work,decile_7,5,2,3,7,1,5,4,3
electric_car,FI,50,female,6,paid_work,decile_9,5,1,4,10,8,2,5,4
gasoline_car,FI,45,female,7,paid_work,decile_8,5,2,4,6,5,4,4,3
electric_car,FI,36,female,7,paid_work,decile_8,5,1,3,7,0,4,4,3
gasoline_car,FI,59,female,6,education,decile_6,5,3,3,8,7,4,4,3
walking,FI,68,female,5,retired,decile_7,5,2,3,9,10,5,5,3
gasoline_car,FI,34,female,4,paid_work,decile_6,5,2,2,5,8,4,5,3
gasoline_car,FI,64,male,6,paid_work,decile_6,5,1,3,5,8,4,5,2
gasoline_car,FI,37,male,6,paid_work,decile_5,5,1,3,7,5,3,5,4
electric_car,FI,67,female,6,paid_work,decile_6,5,1,4,8,5,3,5,2
public_transport,FI,47,male,6,paid_work,decile_8,5,1,3,7,7,2,5,3
electric_car,FI,67,male,7,paid_work,decile_10,5,2,2,3,3,3,3,3
public_transport,FI,33,female,4,housework,decile_7,5,1,4,8,9,2,5,2
gasoline_car,FI,46,female,7,paid_work,decile_8,5,2,3,7,5,3,3,3
gasoline_car,FI,62,male,4,paid_work,decile_9,5,1,4,5,2,5,5,3
gasoline_car,FI,30,female,4,housework,decile_5,5,2,1,3,5,5,5,4
walking,FI,33,female,7,paid_work,decile_10,5,1,5,10,7,3,6,2
gasoline_car,FI,47,male,4,paid_work,decile_7,5,2,3,7,9,3,4,3
gasoline_car,FI,52,male,5,paid_work,decile_9,5,2,3,7,0,3,5,3
walking,FI,31,female,4,paid_work,decile_3,5,2,4,8,6,4,2,3
walking,FI,32,male,4,other,decile_1,5,2,4,8,5,2,3,2
bicycle,FI,42,female,6,paid_work,decile_5,5,2,4,10,10,4,4,2
electric_car,FI,63,male,6,paid_work,decile_9,5,1,3,9,5,3,5,4
walking,FI,74,female,4,retired,decile_7,5,1,4,6,8,4,5,2
electric_car,FI,78,male,4,retired,decile_6,5,2,3,5,10,5,4,3
electric_car,FI,64,female,7,paid_work,decile_9,5,1,3,8,10,4,5,2
bicycle,FI,79,male,5,retired,decile_8,5,2,3,6,5,2,3,3
bicycle,FI,63,female,6,paid_work,decile_9,5,1,3,6,8,4,6,3
walking,FI,35,female,4,unemployed_not_looking,decile_1,5,4,5,8,0,4,3,3
electric_car,FI,29,male,6,paid_work,decile_4,5,3,2,5,5,4,2,4
electric_car,FI,40,female,6,paid_work,decile_9,5,2,3,8,6,4,4,4
walking,FI,78,female,6,retired,decile_2,4,3,4,7,7,3,4,2
walking,FI,69,male,4,retired,decile_9,5,2,4,8,7,5,5,2
public_transport,FI,45,male,7,paid_work,decile_9,5,1,3,7,10,5,6,1
walking,FI,76,female,7,retired,decile_8,5,1,4,8,7,4,5,2
gasoline_car,FI,76,male,4,retired,decile_6,5,1,5,8,5,4,5,3
gasoline_car,FI,83,male,1,retired,decile_7,5,2,3,5,3,3,4,4
electric_car,FI,50,male,4,paid_work,decile_7,5,2,1,0,9,3,3,5
walking,FI,54,male,6,paid_work,decile_5,5,2,4,2,7,2,3,1
gasoline_car,FI,47,male,6,paid_work,decile_9,5,1,3,7,6,3,3,3
walking,FI,56,female,6,paid_work,decile_7,5,1,4,10,5,5,5,2
bicycle,FI,44,male,7,paid_work,decile_9,5,1,2,3,5,4,6,3
electric_car,FI,33,female,4,paid_work,decile_7,5,1,2,7,6,6,5,3
walking,FI,60,female,7,unemployed_not_looking,decile_9,5,2,3,5,9,4,4,3
walking,FI,69,male,7,retired,decile_10,5,1,4,9,9,4,5,2
public_transport,FI,46,male,5,paid_work,decile_3,5,3,4,8,9,4,5,4
electric_car,FI,64,male,6,retired,decile_8,5,1,4,8,8,4,5,1
gasoline_car,FI,30,male,4,education,decile_3,5,2,1,2,5,5,3,3
walking,FI,34,male,4,paid_work,decile_3,5,2,3,6,6,3,5,2
walking,FI,34,female,6,education,decile_6,5,1,3,2,10,2,6,2
gasoline_car,FI,36,male,7,paid_work,decile_8,5,1,4,8,7,5,4,2
gasoline_car,FI,80,male,5,retired,decile_7,5,1,3,6,4,1,5,1
gasoline_car,FI,74,female,4,retired,decile_5,5,2,3,5,5,5,5,2
walking,FI,71,male,4,retired,decile_6,5,2,4,5,2,3,3,4
walking,FI,80,female,7,retired,decile_6,5,2,3,8,8,3,5,2
gasoline_car,FI,33,female,4,paid_work,decile_4,5,2,4,7,0,4,4,4
electric_car,FI,53,female,2,paid_work,decile_9,5,1,4,10,5,6,6,1
public_transport,FI,24,male,4,education,decile_1,5,2,3,9,8,4,5,2
electric_car,FI,47,female,6,paid_work,decile_9,5,1,3,7,8,3,6,2
public_transport,FI,34,female,7,paid_work,decile_6,5,2,3,6,8,2,5,1
gasoline_car,FI,60,male,7,unemployed_not_looking,decile_6,5,3,4,5,5,3,4,3
gasoline_car,FI,31,male,4,paid_work,decile_8,5,1,3,5,7,6,5,5
gasoline_car,FI,68,female,6,retired,decile_3,2,4,4,9,9,5,5,3
gasoline_car,FI,59,male,4,paid_work,decile_2,5,2,2,2,5,2,5,3
gasoline_car,FI,41,female,4,paid_work,decile_7,5,2,3,7,9,6,5,3
gasoline_car,FI,73,female,5,retired,decile_4,5,2,2,5,9,4,5,2
gasoline_car,FI,76,female,5,retired,decile_5,5,2,2,7,7,5,6,3
walking,FI,37,female,6,housework,decile_7,5,1,3,7,2,4,5,3
walking,FI,77,male,5,retired,decile_6,5,2,3,5,4,4,5,1
gasoline_car,FI,67,male,7,paid_work,decile_7,5,2,3,7,3,3,6,2
electric_car,FI,54,male,6,paid_work,decile_7,5,2,2,5,3,2,5,3
walking,FI,67,female,4,retired,decile_6,5,2,3,7,7,4,4,4
walking,FI,64,female,6,retired,decile_6,4,2,3,7,7,3,3,3
electric_car,FI,67,male,7,paid_work,decile_8,5,1,3,8,8,4,4,2
public_transport,FI,56,female,7,paid_work,decile_9,5,1,4,9,6,4,5,3
walking,FI,63,male,5,paid_work,decile_9,5,2,3,7,10,4,6,3
gasoline_car,FI,59,male,7,paid_work,decile_8,5,2,3,7,8,3,6,3
electric_car,FI,44,male,6,paid_work,decile_8,5,2,3,5,6,3,5,3
public_transport,FI,57,female,5,paid_work,decile_7,5,1,2,8,10,5,5,3
walking,FI,71,female,5,retired,decile_3,5,2,4,8,9,3,5,2
gasoline_car,FI,68,male,4,retired,decile_1,4,2,5,8,7,4,5,4
gasoline_car,FI,81,female,2,retired,decile_7,5,1,2,5,7,3,5,2
gasoline_car,FI,37,male,6,paid_work,decile_7,5,2,3,7,6,2,6,5
gasoline_car,FI,64,male,6,paid_work,decile_5,5,2,1,2,7,4,2,5
bicycle,FI,24,male,4,community_military,decile_10,5,1,4,7,7,4,6,2
walking,FI,69,male,7,retired,decile_6,5,2,3,8,0,4,6,3
walking,FI,50,female,7,paid_work,decile_7,5,1,2,7,8,4,6,5
gasoline_car,FI,78,male,1,retired,decile_5,4,2,4,7,8,4,5,3
walking,FI,73,female,7,other,decile_6,5,1,3,4,5,4,5,3
gasoline_car,FI,75,male,4,retired,decile_8,5,2,3,8,10,5,5,2
gasoline_car,FI,49,male,4,paid_work,decile_5,5,2,3,10,10,5,6,5
gasoline_car,FI,65,female,4,unemployed_not_looking,decile_3,5,2,3,6,10,2,4,3
walking,FI,70,male,1,retired,decile_7,5,1,2,1,5,3,5,3
gasoline_car,FI,53,female,5,paid_work,decile_5,5,1,3,5,5,5,5,3
walking,FI,77,male,1,retired,decile_4,5,2,2,3,0,4,5,4
walking,FI,85,male,4,retired,decile_6,5,2,4,8,7,4,4,2
walking,FI,64,female,7,paid_work,decile_7,5,1,4,9,9,2,5,3
gasoline_car,FI,80,male,6,retired,decile_7,3,2,4,8,2,2,5,2
gasoline_car,FI,44,female,4,paid_work,decile_4,5,3,3,8,8,2,2,3
gasoline_car,FI,34,male,6,paid_work,decile_6,5,2,3,3,5,5,2,3
walking,FI,34,male,4,paid_work,decile_3,5,1,2,3,9,4,3,1
walking,FI,69,female,6,retired,decile_8,5,1,3,8,4,5,5,2
gasoline_car,FI,63,female,4,paid_work,decile_5,5,1,4,10,2,5,5,3
gasoline_car,FI,71,male,4,other,decile_4,5,2,4,9,4,4,5,4
gasoline_car,FI,53,female,5,paid_work,decile_4,5,2,4,8,7,2,4,2
gasoline_car,FI,36,male,7,paid_work,decile_8,5,2,3,2,7,3,5,4
bicycle,FI,49,female,6,paid_work,decile_5,5,2,3,2,9,4,2,3
gasoline_car,FI,50,female,7,paid_work,decile_9,5,1,3,6,6,2,4,3
gasoline_car,FI,84,female,4,retired,decile_6,5,1,2,9,5,5,5,2
bicycle,FI,59,female,6,paid_work,decile_4,5,3,2,6,4,4,5,3
walking,FI,32,female,4,housework,decile_5,5,1,3,5,10,4,5,3
electric_car,FI,67,male,7,paid_work,decile_8,5,1,3,9,8,4,6,2
electric_car,FI,48,male,7,paid_work,decile_10,5,1,4,8,9,4,5,1
public_transport,FI,64,male,6,paid_work,decile_7,5,1,4,9,9,3,6,2
bicycle,FI,33,male,4,paid_work,decile_3,5,1,4,9,9,4,4,3
gasoline_car,FI,76,female,6,retired,decile_2,5,3,3,6,2,4,5,3
public_transport,FI,48,female,7,paid_work,decile_9,5,2,4,6,7,3,2,5
public_transport,FI,32,male,6,paid_work,decile_5,5,2,2,4,9,5,6,3
electric_car,FI,43,female,7,paid_work,decile_9,5,1,4,10,8,4,5,2
walking,FI,84,male,4,retired,decile_5,3,1,3,7,9,4,4,3
walking,FI,66,female,5,other,decile_10,5,1,4,8,6,3,4,3
gasoline_car,FI,40,female,6,unemployed_looking,decile_3,5,3,5,7,1,3,4,2
gasoline_car,FI,47,male,6,paid_work,decile_9,5,1,3,8,3,5,6,2
gasoline_car,FI,27,male,4,paid_work,decile_4,5,2,2,4,7,4,4,3
walking,FI,49,male,7,paid_work,decile_9,5,1,3,6,10,4,5,3
electric_car,FI,45,male,6,paid_work,decile_8,5,2,4,9,5,6,4,2
walking,FI,67,female,6,unemployed_looking,decile_5,5,2,5,10,9,3,5,5
walking,FI,72,female,4,retired,decile_7,5,1,3,6,5,4,4,4
bicycle,FI,37,male,7,paid_work,decile_9,5,1,4,8,9,4,4,3
electric_car,FI,43,male,4,paid_work,decile_10,5,2,3,4,2,5,3,3
public_transport,FI,62,female,7,paid_work,decile_9,5,1,4,9,7,5,5,1
walking,FI,40,female,7,paid_work,decile_5,5,1,3,10,7,3,5,2
walking,FI,62,female,6,sick_disabled,decile_1,5,4,5,10,7,1,2,2
electric_car,FI,37,female,6,education,decile_7,5,1,4,8,6,3,4,2
electric_car,FI,52,male,7,paid_work,decile_10,5,1,3,5,7,3,4,4
walking,FI,46,male,7,paid_work,decile_10,5,1,3,4,9,4,5,2
bicycle,FI,69,female,6,paid_work,decile_6,5,2,4,8,6,4,5,2
walking,FI,56,male,7,paid_work,decile_9,5,1,3,7,9,3,5,2
walking,FI,62,female,6,paid_work,decile_3,5,2,3,7,8,4,4,2
electric_car,FI,31,female,6,paid_work,decile_6,5,1,2,2,1,2,4,4
gasoline_car,FI,62,male,5,paid_work,decile_9,5,2,4,10,8,4,5,3
walking,FI,80,male,5,retired,decile_5,5,1,3,8,10,4,6,3
gasoline_car,FI,82,female,4,retired,decile_6,5,1,4,6,8,4,3,4
gasoline_car,FI,60,female,4,paid_work,decile_6,5,2,3,9,2,4,2,3
walking,FI,76,male,7,retired,decile_5,5,2,3,7,8,4,5,2
walking,FI,70,female,7,paid_work,decile_9,5,2,4,7,9,2,4,2
walking,FI,50,male,7,paid_work,decile_6,5,2,4,9,10,3,5,1
walking,FI,89,female,5,retired,decile_4,5,1,3,7,9,2,3,2
public_transport,FI,77,female,5,retired,decile_9,5,1,4,8,9,4,6,2
gasoline_car,FI,59,male,6,paid_work,decile_4,5,2,3,4,1,4,5,3
walking,FI,74,female,5,retired,decile_6,5,2,3,5,5,4,4,2
electric_car,FI,52,male,5,paid_work,decile_6,5,2,3,8,9,4,5,2
walking,FI,73,female,4,retired,decile_2,4,2,4,8,8,4,4,2
gasoline_car,FI,66,male,5,paid_work,decile_8,5,2,3,8,9,4,5,3
gasoline_car,FI,53,male,7,paid_work,decile_10,5,1,3,5,8,4,5,2
public_transport,FI,54,male,7,paid_work,decile_10,5,1,3,8,9,5,5,2
walking,FI,70,female,1,retired,decile_1,5,3,4,8,7,1,2,3
walking,FI,66,female,5,retired,decile_3,5,2,3,5,2,3,2,4
walking,FI,73,male,7,retired,decile_4,5,2,3,5,8,3,5,2
electric_car,FI,49,female,7,paid_work,decile_10,5,1,4,8,9,5,6,2
walking,FI,76,female,4,retired,decile_3,5,1,4,9,8,4,6,2
gasoline_car,FI,58,male,6,paid_work,decile_9,5,2,2,5,5,1,4,4
walking,FI,45,female,6,paid_work,decile_9,5,2,3,6,4,3,5,4
bicycle,FI,46,male,7,paid_work,decile_4,5,2,3,6,6,4,5,3
bicycle,FI,77,male,4,retired,decile_7,5,1,3,4,4,3,4,2
gasoline_car,FI,45,female,7,paid_work,decile_6,5,2,3,7,9,4,5,4
public_transport,FI,61,female,5,paid_work,decile_7,5,2,3,9,9,5,5,3
walking,FI,67,male,7,paid_work,decile_10,5,1,4,6,9,5,4,2
walking,FI,33,male,7,paid_work,decile_5,5,1,3,2,9,3,5,1
gasoline_car,FI,58,female,6,paid_work,decile_6,5,2,4,7,5,4,5,4
electric_car,FI,43,male,5,paid_work,decile_4,5,2,2,7,3,2,5,4
gasoline_car,FI,64,female,5,paid_work,decile_6,5,2,3,9,9,4,6,3
bicycle,FI,64,female,4,paid_work,decile_8,3,2,3,6,10,1,5,5
gasoline_car,FI,45,male,4,paid_work,decile_10,5,1,2,3,3,4,5,3
bicycle,FI,73,male,4,retired,decile_4,5,3,4,8,2,2,3,4
gasoline_car,FI,63,female,4,paid_work,decile_5,5,2,3,8,3,4,4,2
gasoline_car,FI,55,male,6,paid_work,decile_8,5,1,3,6,2,3,3,4
walking,FI,37,male,7,paid_work,decile_10,5,1,4,7,7,5,6,1
electric_car,FI,52,female,6,paid_work,decile_9,5,1,3,7,5,6,6,2
bicycle,FI,63,female,5,education,decile_2,5,3,4,9,9,4,5,3
walking,FI,46,female,7,paid_work,decile_10,5,2,4,7,2,5,4,2
public_transport,FI,62,female,6,paid_work,decile_9,5,1,4,9,9,4,5,3
electric_car,FI,47,female,7,paid_work,decile_9,5,1,4,8,3,4,6,3
electric_car,FI,27,male,4,paid_work,decile_10,5,2,3,7,1,5,5,3
walking,FI,60,male,6,sick_disabled,decile_7,5,2,2,0,9,2,4,5
electric_car,FI,71,male,4,paid_work,decile_6,5,1,3,5,5,2,5,3
walking,FI,48,male,6,paid_work,decile_9,5,2,3,9,8,4,5,2
gasoline_car,FI,55,male,4,paid_work,decile_9,5,2,3,6,10,4,5,3
bicycle,FI,31,female,7,paid_work,decile_5,5,1,4,8,9,5,6,2
gasoline_car,FI,68,male,4,paid_work,decile_9,5,1,3,4,5,5,5,3
gasoline_car,FI,80,female,4,retired,decile_3,4,2,3,7,7,4,5,2
gasoline_car,FI,51,female,4,paid_work,decile_1,5,2,3,9,7,4,4,3
walking,FI,42,female,7,housework,decile_7,5,1,4,8,5,3,4,4
bicycle,FI,65,male,2,paid_work,decile_7,5,2,3,5,10,4,4,1
walking,FI,66,female,7,paid_work,decile_10,5,1,5,9,9,5,5,2
gasoline_car,FI,60,male,6,paid_work,decile_7,5,2,3,7,8,2,5,5
walking,FI,36,male,6,education,decile_7,5,2,3,6,10,3,5,3
gasoline_car,FI,55,male,5,paid_work,decile_10,5,2,2,9,5,4,5,4
walking,FI,75,male,6,retired,decile_6,5,2,4,10,4,5,6,3
bicycle,FI,37,female,7,housework,decile_9,5,2,4,6,9,5,5,1
gasoline_car,FI,59,female,5,paid_work,decile_9,5,2,3,9,6,5,5,2
walking,FI,80,male,4,retired,decile_2,5,2,4,9,8,4,3,4
electric_car,FI,24,male,4,education,decile_1,5,2,2,7,8,4,4,3
electric_car,FI,39,male,6,paid_work,decile_8,5,1,4,9,9,4,5,2
electric_car,FI,33,male,6,paid_work,decile_5,5,1,3,7,5,4,6,2
gasoline_car,FI,72,male,4,retired,decile_5,3,2,2,2,5,4,4,4
gasoline_car,FI,48,male,7,paid_work,decile_9,5,2,3,6,1,4,5,3
walking,FI,79,female,5,retired,decile_3,5,2,4,9,7,4,5,3
gasoline_car,FI,37,male,7,paid_work,decile_8,5,2,4,7,9,3,5,2
gasoline_car,FI,41,male,6,paid_work,decile_7,5,2,2,5,5,2,2,5
public_transport,FI,57,female,6,paid_work,decile_9,5,2,4,7,8,3,4,2
walking,FI,81,female,4,retired,decile_5,5,2,3,7,0,6,6,4
public_transport,FI,80,female,4,retired,decile_5,4,2,4,6,10,4,5,2
gasoline_car,FI,34,female,7,paid_work,decile_6,5,1,3,5,2,4,2,3
gasoline_car,FI,59,female,4,paid_work,decile_3,5,2,3,4,0,2,3,4
gasoline_car,FI,38,female,7,paid_work,decile_9,5,1,4,8,7,4,5,1
walking,FI,55,female,5,paid_work,decile_8,5,2,4,8,3,5,5,2
walking,FI,81,female,7,retired,decile_4,5,1,5,10,10,2,6,1
bicycle,FI,44,female,7,paid_work,decile_7,5,2,4,6,7,3,5,2
public_transport,FI,28,female,6,paid_work,decile_5,5,1,3,7,9,5,4,2
walking,FI,38,male,6,paid_work,decile_8,5,1,3,7,2,6,6,3
walking,FI,43,male,7,paid_work,decile_10,5,1,5,6,7,4,5,2
electric_car,FI,45,male,6,housework,decile_6,5,2,2,0,6,2,1,5
gasoline_car,FI,58,female,5,paid_work,decile_6,5,4,3,5,8,4,4,3
gasoline_car,FI,25,male,4,paid_work,decile_6,5,1,1,2,2,4,6,1
walking,FI,70,female,5,retired,decile_6,5,2,5,5,9,1,3,2
walking,FI,81,female,1,retired,decile_4,5,1,3,3,5,3,4,3
gasoline_car,FI,81,female,2,retired,decile_2,3,2,4,8,3,4,4,3
walking,FI,83,male,4,paid_work,decile_3,5,2,3,6,9,2,2,2
bicycle,FI,53,male,7,paid_work,decile_8,5,1,4,8,8,4,5,2
electric_car,FI,71,female,5,retired,decile_8,5,2,3,5,8,2,5,3
bicycle,FI,44,male,4,paid_work,decile_8,5,2,3,5,5,4,3,1
gasoline_car,FI,34,female,7,paid_work,decile_5,5,1,4,8,6,4,5,2
gasoline_car,FI,65,female,7,paid_work,decile_10,5,1,3,10,0,5,6,1
electric_car,FI,80,female,7,retired,decile_9,4,1,3,8,6,4,5,3
gasoline_car,FI,42,female,4,housework,decile_6,5,1,5,8,4,3,5,2
electric_car,FI,55,male,5,paid_work,decile_9,5,1,3,4,6,4,4,3
electric_car,FI,33,female,6,unemployed_looking,decile_1,5,2,3,7,3,4,3,3
gasoline_car,FI,67,female,7,housework,decile_4,5,2,4,8,8,4,5,2
public_transport,FI,30,female,7,paid_work,decile_5,5,2,3,6,10,2,5,3
electric_car,FI,66,male,2,paid_work,decile_5,5,2,4,8,8,4,5,3
walking,FI,87,male,7,retired,decile_8,5,1,4,9,9,4,6,1
gasoline_car,FI,41,female,6,paid_work,decile_8,5,2,2,1,8,3,4,5
gasoline_car,FI,62,male,4,paid_work,decile_7,5,2,3,1,2,5,4,3
electric_car,FI,39,male,4,paid_work,decile_10,5,1,2,2,8,3,5,5
walking,FI,43,male,6,paid_work,decile_9,5,2,2,3,2,6,5,4
electric_car,FI,65,male,7,paid_work,decile_9,5,2,3,8,7,1,5,3
walking,FI,74,female,2,retired,decile_4,5,1,5,9,8,4,5,4
gasoline_car,FI,61,male,5,paid_work,decile_5,5,2,2,2,5,2,5,5
public_transport,FI,41,male,6,unemployed_not_looking,decile_1,5,2,4,7,7,2,3,4
bicycle,FI,69,female,5,retired,decile_2,5,2,3,6,4,4,3,2
bicycle,FI,50,female,6,paid_work,decile_6,5,2,4,8,3,4,4,3
gasoline_car,FI,73,female,7,retired,decile_8,5,1,3,5,8,3,5,2
walking,FI,75,female,5,retired,decile_8,5,2,4,8,9,4,4,3
walking,FI,46,male,7,paid_work,decile_10,5,2,4,6,7,4,4,3
gasoline_car,FI,38,female,7,paid_work,decile_10,5,2,3,9,6,3,4,2
gasoline_car,FI,64,male,4,retired,decile_1,5,2,3,3,8,4,5,3
public_transport,FI,51,female,4,paid_work,decile_8,5,1,4,8,8,3,4,2
walking,FI,65,female,5,paid_work,decile_7,4,1,5,8,9,5,5,1
electric_car,FI,56,female,7,paid_work,decile_10,5,1,4,8,7,6,6,3
gasoline_car,FI,76,male,4,retired,decile_5,5,2,3,6,7,4,4,3
gasoline_car,FI,55,female,5,paid_work,decile_9,5,1,3,5,5,4,5,3
gasoline_car,FI,61,female,4,paid_work,decile_5,5,2,4,8,1,5,2,3
gasoline_car,FI,58,female,4,paid_work,decile_3,5,2,4,3,3,4,3,4
walking,FI,59,male,5,paid_work,decile_9,5,1,3,1,9,3,4,4
electric_car,FI,48,female,7,paid_work,decile_8,5,2,5,10,7,5,3,2
gasoline_car,FI,56,male,7,paid_work,decile_9,5,1,4,9,9,4,5,2
gasoline_car,FI,57,female,5,paid_work,decile_9,5,2,3,8,3,3,6,3
public_transport,FI,35,female,4,housework,decile_1,5,1,3,5,10,0,5,5
public_transport,FI,28,male,4,education,decile_1,5,2,4,9,8,2,3,3
walking,FI,76,female,7,retired,decile_8,5,1,3,7,8,3,4,2
gasoline_car,FI,74,male,4,retired,decile_4,5,2,3,3,0,2,3,3
gasoline_car,FI,22,female,2,education,decile_1,5,2,3,3,2,3,4,4
gasoline_car,FR,36,female,6,paid_work,decile_10,5,3,3,6,4,0,4,4
gasoline_car,FR,67,male,3,retired,decile_2,5,2,2,2,6,5,5,2
public_transport,FR,55,male,2,paid_work,decile_10,5,2,4,8,9,3,4,2
bicycle,FR,42,male,7,paid_work,decile_10,4,1,3,7,10,3,5,3
gasoline_car,FR,49,male,7,paid_work,decile_10,5,1,3,5,4,2,4,3
electric_car,FR,40,male,5,paid_work,decile_9,5,1,2,6,7,4,5,4
gasoline_car,FR,22,female,4,education,decile_4,5,1,3,7,8,4,5,2
public_transport,FR,54,male,7,paid_work,decile_10,5,1,5,7,8,2,4,4
gasoline_car,FR,66,female,3,retired,decile_5,3,2,3,8,3,2,2,2
gasoline_car,FR,48,female,7,paid_work,decile_10,5,2,3,5,5,2,5,2
walking,FR,28,male,4,paid_work,decile_1,5,2,3,6,7,3,3,3
bicycle,FR,23,female,4,education,decile_7,4,2,3,4,6,4,4,4
gasoline_car,FR,52,female,3,paid_work,decile_9,5,1,3,7,5,4,5,4
gasoline_car,FR,34,male,6,paid_work,decile_10,5,1,4,7,6,4,5,2
gasoline_car,FR,31,male,7,paid_work,decile_9,5,1,3,3,5,4,2,4
gasoline_car,FR,64,male,5,paid_work,decile_10,5,1,5,9,7,4,5,3
walking,FR,68,female,4,retired,decile_9,5,1,4,9,7,4,4,2
gasoline_car,FR,24,male,4,education,decile_10,5,1,5,3,7,3,5,1
gasoline_car,FR,41,male,4,paid_work,decile_2,5,3,5,10,0,0,6,1
gasoline_car,FR,74,female,2,retired,decile_7,4,1,2,4,0,4,4,3
gasoline_car,FR,51,male,4,paid_work,decile_9,5,1,4,9,5,2,4,3
gasoline_car,FR,60,male,3,paid_work,decile_6,5,2,3,8,5,3,4,3
walking,FR,33,male,5,education,decile_4,5,2,2,4,7,4,4,4
electric_car,FR,69,male,2,retired,decile_2,5,2,4,10,0,5,6,5
gasoline_car,FR,67,male,3,retired,decile_4,5,2,2,5,8,0,6,5
gasoline_car,FR,61,male,5,paid_work,decile_10,5,1,3,7,5,3,4,3
electric_car,FR,50,female,5,paid_work,decile_8,4,2,3,8,2,5,5,4
electric_car,FR,53,male,4,paid_work,decile_10,5,1,2,5,6,3,2,3
public_transport,FR,24,male,4,education,decile_10,5,1,4,6,8,4,4,2
electric_car,FR,51,female,5,paid_work,decile_10,5,1,4,7,7,4,4,2
gasoline_car,FR,70,female,4,retired,decile_7,5,3,5,10,10,4,1,4
walking,FR,55,male,5,paid_work,decile_9,5,1,2,8,8,3,6,2
gasoline_car,FR,39,male,5,paid_work,decile_4,5,2,4,8,0,4,3,3
gasoline_car,FR,73,female,4,retired,decile_10,5,1,3,8,8,5,6,3
bicycle,FR,22,male,3,unemployed_not_looking,decile_3,5,2,5,10,8,5,6,2
electric_car,FR,42,male,7,paid_work,decile_9,5,1,3,9,4,2,5,3
walking,FR,49,male,6,paid_work,decile_5,5,1,2,4,3,3,2,4
bicycle,FR,57,male,7,paid_work,decile_10,5,1,4,9,8,3,5,2
gasoline_car,FR,62,male,7,paid_work,decile_7,4,3,4,7,7,2,5,2
electric_car,FR,51,female,2,paid_work,decile_9,5,2,4,10,9,3,4,4
gasoline_car,FR,62,female,4,paid_work,decile_10,5,1,2,5,8,4,6,4
walking,FR,25,male,2,paid_work,decile_1,5,2,3,7,7,5,5,2
gasoline_car,FR,79,male,7,retired,decile_10,5,1,3,7,8,4,4,3
gasoline_car,FR,56,male,3,paid_work,decile_5,5,3,3,6,5,4,4,4
gasoline_car,FR,70,female,5,retired,decile_10,5,1,3,7,5,2,3,2
walking,FR,53,female,2,paid_work,decile_4,5,2,2,5,3,3,5,4
gasoline_car,FR,45,male,6,paid_work,decile_10,5,1,5,8,7,3,5,1
public_transport,FR,54,female,6,paid_work,decile_8,5,1,2,5,5,3,4,3
gasoline_car,FR,45,female,5,paid_work,decile_6,5,1,2,5,9,4,5,3
gasoline_car,FR,77,male,4,retired,decile_5,5,2,3,6,0,3,5,3
public_transport,FR,47,female,5,paid_work,decile_5,5,2,3,6,4,1,3,3
walking,FR,47,male,5,paid_work,decile_3,5,2,4,6,4,3,3,3
electric_car,FR,69,male,3,retired,decile_2,4,2,3,5,0,3,4,4
walking,FR,77,male,1,retired,decile_6,2,1,4,8,10,0,4,4
gasoline_car,FR,63,female,7,paid_work,decile_5,5,2,4,10,4,4,5,2
gasoline_car,FR,57,female,2,paid_work,decile_8,2,2,2,5,5,3,3,4
electric_car,FR,61,female,4,paid_work,decile_10,5,1,3,9,2,3,5,2
gasoline_car,FR,53,male,4,paid_work,decile_10,3,1,4,7,0,4,5,4
gasoline_car,FR,52,female,5,paid_work,decile_7,5,2,3,5,0,0,3,3
gasoline_car,FR,42,female,3,paid_work,decile_5,5,2,3,7,1,4,4,3
gasoline_car,FR,37,female,3,paid_work,decile_2,5,4,4,9,0,3,3,5
gasoline_car,FR,47,female,7,paid_work,decile_8,5,2,3,4,6,2,3,4
walking,FR,63,female,3,paid_work,decile_2,5,2,5,10,5,3,2,3
gasoline_car,FR,45,female,7,paid_work,decile_10,5,3,4,6,1,2,2,5
public_transport,FR,40,female,7,paid_work,decile_10,3,1,2,3,8,0,3,4
electric_car,FR,57,female,5,paid_work,decile_10,5,1,3,6,5,5,4,2
gasoline_car,FR,61,male,7,paid_work,decile_10,5,1,1,0,8,5,4,4
public_transport,FR,27,female,6,unemployed_looking,decile_1,5,3,5,7,0,2,4,4
walking,FR,37,female,2,housework,decile_4,5,2,2,6,8,4,3,3
gasoline_car,FR,72,male,6,retired,decile_5,5,2,4,7,5,3,4,3
bicycle,FR,53,female,3,paid_work,decile_5,5,2,3,7,5,2,4,4
electric_car,FR,39,female,5,paid_work,decile_8,5,1,2,2,7,2,5,3
walking,FR,69,male,3,retired,decile_5,4,2,3,8,5,4,4,3
walking,FR,32,female,3,paid_work,decile_7,5,3,3,0,0,0,0,5
gasoline_car,FR,64,female,4,retired,decile_7,3,2,5,10,5,3,4,3
gasoline_car,FR,68,female,4,retired,decile_5,5,2,3,8,4,4,5,3
public_transport,FR,37,female,7,paid_work,decile_10,5,1,4,8,6,3,6,2
walking,FR,34,male,7,paid_work,decile_9,5,1,4,2,8,2,3,1
walking,FR,28,female,4,paid_work,decile_2,5,3,3,7,5,2,3,3
walking,FR,56,male,3,paid_work,decile_9,5,2,3,7,8,3,4,2
electric_car,FR,73,male,5,retired,decile_10,5,1,4,7,7,3,3,3
gasoline_car,FR,64,male,4,paid_work,decile_9,5,1,4,8,6,3,5,3
gasoline_car,FR,57,female,3,paid_work,decile_8,5,2,4,8,4,1,4,2
walking,FR,82,female,7,retired,decile_4,4,2,3,5,7,4,3,3
gasoline_car,FR,67,male,5,retired,decile_6,4,2,3,8,4,4,4,3
walking,FR,73,male,5,retired,decile_10,5,1,4,9,7,3,5,2
gasoline_car,FR,57,female,4,paid_work,decile_10,5,2,3,8,5,4,4,4
walking,FR,61,female,4,sick_disabled,decile_7,5,1,3,7,5,2,5,2
public_transport,FR,77,male,3,retired,decile_7,5,2,2,8,10,2,3,3
gasoline_car,FR,45,female,3,paid_work,decile_5,5,4,4,8,5,1,0,4
gasoline_car,FR,47,female,5,paid_work,decile_8,5,2,4,7,2,5,4,4
gasoline_car,FR,57,male,5,paid_work,decile_10,5,2,4,5,8,3,4,3
gasoline_car,FR,43,male,2,paid_work,decile_5,5,1,4,10,4,4,5,2
walking,FR,40,female,7,paid_work,decile_10,5,1,3,7,8,4,6,3
gasoline_car,FR,48,female,4,paid_work,decile_4,5,2,3,6,9,4,5,2
bicycle,FR,24,male,5,paid_work,decile_4,5,1,3,7,2,5,5,3
gasoline_car,FR,71,male,3,retired,decile_7,4,2,4,8,0,4,4,3
gasoline_car,FR,57,male,3,paid_work,decile_5,4,2,2,5,10,4,3,3
gasoline_car,FR,42,male,7,paid_work,decile_10,5,1,4,10,6,4,5,3
public_transport,FR,34,male,5,paid_work,decile_5,5,1,4,1,9,4,6,2
walking,FR,50,female,1,housework,decile_3,5,1,5,10,7,2,2,3
bicycle,FR,73,male,6,retired,decile_1,4,2,1,6,8,5,5,1
gasoline_car,FR,71,male,5,retired,decile_4,5,3,2,5,2,3,3,5
gasoline_car,FR,46,female,3,paid_work,decile_4,5,2,3,5,6,3,5,3
public_transport,FR,25,female,6,education,decile_5,5,1,5,8,7,3,5,2
gasoline_car,FR,59,male,7,paid_work,decile_10,5,1,2,5,0,3,2,5
gasoline_car,FR,44,male,3,paid_work,decile_9,5,2,2,5,2,2,3,5
gasoline_car,FR,31,female,4,paid_work,decile_6,5,2,3,4,5,4,2,3
electric_car,FR,68,male,4,paid_work,decile_10,5,1,3,7,10,4,5,2
gasoline_car,FR,47,female,4,paid_work,decile_9,5,2,5,10,7,3,4,4
public_transport,FR,66,female,6,paid_work,decile_7,4,1,4,7,8,3,4,2
electric_car,FR,57,male,6,paid_work,decile_10,5,1,2,2,2,1,2,4
gasoline_car,FR,24,female,4,paid_work,decile_2,5,2,3,6,4,4,4,3
gasoline_car,FR,22,female,4,education,decile_7,5,2,3,6,2,3,2,4
public_transport,FR,69,male,7,retired,decile_10,5,1,4,7,6,5,5,2
gasoline_car,FR,65,female,6,paid_work,decile_8,5,3,3,5,6,2,4,3
electric_car,FR,29,male,6,paid_work,decile_10,5,1,2,2,5,3,5,4
gasoline_car,FR,29,female,3,other,decile_10,5,2,3,6,8,1,3,3
electric_car,FR,64,female,4,paid_work,decile_7,5,1,3,7,1,4,5,3
gasoline_car,FR,50,male,5,paid_work,decile_10,5,1,4,9,9,0,1,3
gasoline_car,FR,61,female,4,paid_work,decile_7,5,2,4,10,10,4,0,3
electric_car,FR,46,female,3,housework,decile_10,5,2,3,7,7,2,3,3
gasoline_car,FR,38,female,5,paid_work,decile_8,5,2,3,8,0,3,2,5
gasoline_car,FR,63,male,3,paid_work,decile_5,5,2,3,5,6,0,4,3
gasoline_car,FR,54,male,3,paid_work,decile_8,5,3,2,5,3,3,5,2
gasoline_car,FR,34,female,4,education,decile_6,5,2,3,7,3,3,4,3
gasoline_car,FR,57,male,5,paid_work,decile_10,5,1,3,6,6,4,4,3
gasoline_car,FR,45,male,3,paid_work,decile_2,4,3,3,5,3,1,2,4
electric_car,FR,60,female,5,paid_work,decile_8,5,2,4,8,5,2,4,4
gasoline_car,FR,57,male,7,paid_work,decile_9,5,3,5,10,2,0,1,4
gasoline_car,FR,39,female,3,paid_work,decile_9,5,2,4,10,5,4,4,3
walking,FR,51,female,4,paid_work,decile_3,5,2,4,5,5,2,5,3
public_transport,FR,61,male,6,paid_work,decile_7,5,2,5,9,8,2,3,3
gasoline_car,FR,55,female,7,unemployed_looking,decile_9,5,1,3,7,8,2,5,4
gasoline_car,FR,34,female,5,paid_work,decile_4,5,1,5,10,1,3,1,4
walking,FR,37,female,3,paid_work,decile_8,5,1,4,7,5,3,4,4
gasoline_car,FR,64,male,3,paid_work,decile_5,5,1,2,4,5,3,4,3
public_transport,FR,50,female,7,paid_work,decile_10,5,1,3,4,5,3,4,2
electric_car,FR,50,female,5,sick_disabled,decile_2,5,3,4,3,0,4,1,2
gasoline_car,FR,73,female,4,retired,decile_6,4,1,2,5,5,3,4,4
gasoline_car,FR,70,male,3,retired,decile_3,5,1,4,8,5,5,5,4
gasoline_car,FR,30,female,7,paid_work,decile_10,5,1,5,10,5,2,5,3
gasoline_car,FR,72,female,5,retired,decile_9,5,1,4,8,4,4,6,2
walking,FR,75,male,5,retired,decile_5,5,1,5,10,8,5,6,2
gasoline_car,FR,41,male,3,paid_work,decile_9,5,2,3,5,5,3,3,3
electric_car,FR,62,female,3,paid_work,decile_9,3,1,4,8,8,4,5,3
gasoline_car,FR,51,female,4,paid_work,decile_8,5,2,3,8,8,3,5,2
walking,FR,62,male,4,paid_work,decile_10,5,2,2,7,5,2,6,4
electric_car,FR,59,male,7,paid_work,decile_10,5,1,4,10,7,5,5,2
gasoline_car,FR,46,female,4,paid_work,decile_8,5,2,5,8,0,3,3,3
walking,FR,56,female,7,paid_work,decile_10,5,1,4,8,5,3,3,2
gasoline_car,FR,69,female,5,retired,decile_7,5,2,3,8,9,3,3,3
gasoline_car,FR,77,male,5,retired,decile_5,5,2,4,7,0,4,3,3
electric_car,FR,45,male,7,paid_work,decile_10,5,1,5,7,8,3,4,2
gasoline_car,FR,78,female,6,retired,decile_4,5,3,3,8,5,2,5,3
electric_car,FR,69,male,3,retired,decile_9,5,1,3,7,4,3,3,3
walking,FR,46,female,7,paid_work,decile_6,5,2,3,7,10,4,4,3
gasoline_car,FR,67,male,7,retired,decile_10,5,2,3,7,5,2,4,3
walking,FR,73,female,7,retired,decile_10,5,1,3,5,7,4,5,2
public_transport,FR,44,male,3,unemployed_looking,decile_7,5,3,2,4,10,3,4,2
gasoline_car,FR,45,female,6,paid_work,decile_8,5,2,4,8,4,4,6,3
gasoline_car,FR,47,female,4,paid_work,decile_1,5,2,4,10,3,3,4,5
gasoline_car,FR,57,female,5,paid_work,decile_2,5,2,4,8,4,1,3,2
gasoline_car,FR,31,female,5,paid_work,decile_7,4,1,3,6,5,6,6,2
gasoline_car,FR,30,female,7,paid_work,decile_10,5,1,3,7,5,2,5,4
gasoline_car,FR,71,female,5,retired,decile_10,5,1,4,8,5,2,5,4
gasoline_car,FR,70,male,2,retired,decile_8,2,1,2,5,5,3,6,3
gasoline_car,FR,36,female,5,education,decile_4,5,2,2,6,5,3,3,2
bicycle,FR,54,male,7,paid_work,decile_10,5,1,3,4,7,2,5,4
electric_car,FR,58,female,7,paid_work,decile_4,5,1,5,10,3,4,5,2
public_transport,FR,54,female,7,paid_work,decile_10,5,2,3,9,7,4,6,2
walking,FR,65,male,5,unemployed_looking,decile_1,5,2,3,4,4,4,6,2
public_transport,FR,37,male,7,paid_work,decile_6,5,1,5,10,6,4,4,2
gasoline_car,FR,76,male,2,retired,decile_8,2,1,5,8,5,5,5,3
electric_car,FR,62,male,7,retired,decile_10,5,2,2,3,6,2,3,3
bicycle,FR,37,male,5,paid_work,decile_10,5,1,5,6,8,2,3,2
gasoline_car,FR,64,male,3,retired,decile_7,5,2,2,3,5,0,6,3
electric_car,FR,56,male,5,paid_work,decile_10,5,2,3,7,8,4,4,3
gasoline_car,FR,54,female,4,paid_work,decile_7,3,1,4,8,10,3,3,3
gasoline_car,FR,33,female,5,paid_work,decile_5,5,1,2,5,4,4,4,2
electric_car,FR,71,male,4,retired,decile_10,5,1,3,7,9,4,5,3
gasoline_car,FR,39,female,5,paid_work,decile_7,5,2,3,5,6,2,3,4
gasoline_car,FR,58,male,3,paid_work,decile_6,5,2,2,5,8,5,2,3
walking,FR,72,female,7,retired,decile_10,5,1,3,7,8,4,5,3
gasoline_car,FR,30,male,6,paid_work,decile_3,5,2,1,0,1,2,2,5
gasoline_car,FR,58,male,4,paid_work,decile_3,5,2,3,8,5,4,5,3
gasoline_car,FR,54,male,4,paid_work,decile_8,5,1,3,6,0,0,4,2
gasoline_car,FR,47,female,7,paid_work,decile_10,5,2,4,7,6,4,3,3
electric_car,FR,42,male,4,paid_work,decile_9,5,2,4,7,3,4,4,4
gasoline_car,FR,75,male,6,retired,decile_9,5,1,3,5,7,4,4,3
electric_car,FR,37,female,5,paid_work,decile_9,5,2,4,8,4,4,3,3
electric_car,FR,70,male,6,retired,decile_10,5,1,3,10,5,2,5,2
gasoline_car,FR,45,female,6,paid_work,decile_10,5,1,4,9,7,3,4,4
bicycle,FR,66,male,3,retired,decile_7,4,1,3,10,1,0,6,2
walking,FR,34,female,7,paid_work,decile_6,5,1,5,9,7,4,2,3
gasoline_car,FR,36,female,3,paid_work,decile_5,5,4,3,8,5,3,5,3
public_transport,FR,33,female,7,education,decile_2,5,3,3,6,5,4,3,5
electric_car,FR,55,female,3,paid_work,decile_9,5,2,3,7,3,3,4,3
electric_car,FR,69,male,6,retired,decile_10,5,1,3,8,5,3,1,1
gasoline_car,FR,57,male,3,sick_disabled,decile_6,5,2,2,5,5,2,3,3
gasoline_car,FR,46,female,6,paid_work,decile_5,5,3,4,8,8,3,3,2
gasoline_car,FR,40,female,4,paid_work,decile_7,5,2,1,0,2,4,3,1
gasoline_car,FR,47,male,4,paid_work,decile_10,5,1,1,0,10,2,4,5
bicycle,FR,49,male,7,paid_work,decile_10,5,1,5,10,6,3,2,3
gasoline_car,FR,42,male,5,paid_work,decile_4,5,3,3,5,5,4,3,3
walking,FR,46,female,4,paid_work,decile_2,5,2,4,8,7,1,3,3
gasoline_car,FR,41,female,3,paid_work,decile_6,5,3,3,5,5,3,3,3
gasoline_car,FR,31,female,3,paid_work,decile_8,5,2,3,5,5,4,3,2
gasoline_car,FR,50,male,3,paid_work,decile_4,4,1,5,10,5,3,3,3
walking,FR,55,male,3,paid_work,decile_6,4,2,4,9,2,4,5,3
gasoline_car,FR,48,female,4,paid_work,decile_9,5,1,3,6,1,1,4,1
gasoline_car,FR,36,male,7,paid_work,decile_9,5,2,3,8,0,2,1,5
bicycle,FR,45,female,5,paid_work,decile_10,5,2,3,7,8,1,4,2
bicycle,FR,80,male,1,retired,decile_2,5,2,2,0,10,6,6,5
gasoline_car,FR,62,female,4,paid_work,decile_4,5,2,4,5,8,2,3,2
bicycle,FR,49,female,3,paid_work,decile_8,5,2,3,5,10,3,6,3
walking,FR,58,male,5,unemployed_not_looking,decile_6,5,2,4,9,8,2,5,3
bicycle,FR,55,male,7,paid_work,decile_8,5,2,5,9,3,2,3,4
gasoline_car,FR,79,female,3,retired,decile_9,5,1,3,5,2,4,4,2
gasoline_car,FR,52,male,7,paid_work,decile_10,5,1,5,10,8,0,6,5
walking,FR,59,male,7,paid_work,decile_10,5,1,3,7,5,2,5,2
gasoline_car,FR,55,female,6,paid_work,decile_7,5,3,5,10,5,4,5,4
gasoline_car,FR,46,male,7,paid_work,decile_10,5,1,3,3,4,4,3,3
gasoline_car,FR,49,female,7,paid_work,decile_10,5,1,5,10,5,2,4,4
gasoline_car,FR,64,female,4,paid_work,decile_8,4,3,4,10,7,4,4,3
walking,FR,63,female,6,paid_work,decile_3,5,2,3,10,5,2,4,2
gasoline_car,FR,50,female,5,paid_work,decile_8,5,2,3,7,8,0,6,2
bicycle,FR,80,male,7,retired,decile_10,4,1,2,9,8,4,4,3
gasoline_car,FR,77,female,7,retired,decile_5,4,1,4,7,5,4,6,3
gasoline_car,FR,40,female,7,paid_work,decile_10,5,1,4,7,3,4,5,2
gasoline_car,FR,68,male,3,retired,decile_3,5,3,2,3,2,3,4,3
gasoline_car,FR,41,female,6,paid_work,decile_10,5,2,5,10,5,5,4,2
electric_car,FR,38,male,6,paid_work,decile_5,5,1,3,6,2,4,5,3
bicycle,FR,64,male,4,sick_disabled,decile_6,5,3,4,6,0,4,2,1
gasoline_car,FR,49,male,4,paid_work,decile_2,5,2,5,8,4,3,3,3
gasoline_car,FR,54,female,4,paid_work,decile_10,5,2,3,5,5,1,3,4
walking,FR,57,female,6,paid_work,decile_10,5,1,2,7,5,4,6,2
gasoline_car,FR,46,male,7,paid_work,decile_9,5,2,2,3,7,4,6,3
walking,FR,66,female,4,retired,decile_9,5,1,4,8,7,3,5,2
gasoline_car,FR,49,male,7,paid_work,decile_10,5,1,2,8,8,4,4,3
gasoline_car,FR,75,male,4,retired,decile_10,5,1,2,2,8,3,5,2
walking,FR,73,female,6,retired,decile_9,5,1,4,9,9,4,4,3
bicycle,FR,62,female,5,paid_work,decile_10,5,1,3,8,8,5,6,3
gasoline_car,FR,79,female,5,retired,decile_8,5,1,3,4,7,3,3,3
gasoline_car,FR,56,male,4,paid_work,decile_10,5,1,3,5,3,5,5,4
walking,FR,55,female,6,paid_work,decile_9,5,1,4,7,2,4,5,1
gasoline_car,FR,53,male,7,paid_work,decile_7,5,2,5,10,5,0,0,5
walking,FR,76,female,3,retired,decile_1,5,3,2,0,0,0,4,5
gasoline_car,FR,32,female,6,paid_work,decile_7,5,2,2,5,7,3,4,3
gasoline_car,FR,46,female,5,paid_work,decile_3,5,2,2,0,0,3,4,5
public_transport,FR,58,female,4,paid_work,decile_2,5,2,5,7,4,1,4,1
bicycle,FR,56,male,7,paid_work,decile_8,5,1,5,10,7,4,5,2
gasoline_car,FR,68,female,4,retired,decile_7,4,2,3,7,8,5,5,2
gasoline_car,FR,70,female,3,paid_work,decile_6,4,3,4,4,7,2,3,3
gasoline_car,FR,54,male,7,paid_work,decile_10,4,1,1,0,5,0,5,2
gasoline_car,FR,48,female,6,paid_work,decile_5,5,2,4,7,7,1,2,4
electric_car,FR,48,male,5,paid_work,decile_7,5,2,4,7,8,3,3,2
gasoline_car,FR,45,female,6,paid_work,decile_4,5,1,4,8,5,4,4,2
gasoline_car,FR,45,male,7,paid_work,decile_7,5,1,4,8,7,3,5,3
bicycle,FR,59,female,1,paid_work,decile_7,5,2,3,8,8,6,6,3
gasoline_car,FR,37,male,4,paid_work,decile_9,5,2,3,8,5,5,4,1
walking,FR,81,male,3,retired,decile_10,5,1,3,6,5,4,5,3
gasoline_car,FR,54,female,3,paid_work,decile_2,4,2,3,7,8,2,5,2
gasoline_car,FR,24,female,4,paid_work,decile_10,5,1,3,7,5,4,3,3
gasoline_car,FR,34,female,4,paid_work,decile_2,3,2,3,8,0,3,4,3
gasoline_car,FR,42,male,7,paid_work,decile_7,5,1,5,8,5,3,5,2
electric_car,FR,53,male,7,paid_work,decile_10,5,1,4,8,5,3,6,2
public_transport,FR,58,male,7,paid_work,decile_10,5,1,2,4,3,3,5,3
public_transport,FR,68,male,7,retired,decile_9,5,1,4,9,7,4,5,3
gasoline_car,FR,62,female,4,paid_work,decile_2,5,2,4,8,1,4,6,3
electric_car,FR,25,male,5,education,decile_8,5,1,3,5,9,2,5,1
gasoline_car,FR,45,male,5,paid_work,decile_4,5,2,2,3,8,4,5,3
electric_car,FR,75,male,7,retired,decile_10,5,1,3,7,5,3,6,2
gasoline_car,FR,33,male,6,paid_work,decile_2,5,2,3,7,7,2,4,1
gasoline_car,FR,57,female,5,paid_work,decile_10,5,1,3,9,6,3,5,2
gasoline_car,FR,35,female,5,paid_work,decile_1,5,4,2,5,0,1,3,1
gasoline_car,FR,77,female,4,retired,decile_7,5,2,3,7,1,1,2,4
public_transport,FR,49,female,7,paid_work,decile_4,5,3,4,8,7,3,4,3
gasoline_car,FR,66,male,4,paid_work,decile_10,4,1,4,8,2,3,5,3
gasoline_car,FR,52,male,3,paid_work,decile_7,5,3,3,6,2,5,3,2
walking,FR,70,male,7,retired,decile_6,2,1,4,10,0,4,5,4
gasoline_car,FR,40,female,3,education,decile_6,5,2,3,8,5,3,5,3
public_transport,FR,55,female,7,paid_work,decile_10,5,1,4,8,6,3,5,2
gasoline_car,FR,59,male,3,paid_work,decile_10,4,2,3,7,7,0,5,4
gasoline_car,FR,74,male,3,retired,decile_4,5,1,3,8,0,3,5,2
gasoline_car,FR,74,male,1,retired,decile_7,5,2,3,7,8,2,4,3
gasoline_car,FR,64,male,3,sick_disabled,decile_4,5,3,4,7,8,2,4,2
gasoline_car,FR,72,male,4,retired,decile_4,4,2,2,1,1,1,1,3
gasoline_car,FR,39,female,3,paid_work,decile_5,4,1,3,5,5,0,3,3
bicycle,FR,30,female,7,paid_work,decile_10,5,1,5,10,8,2,5,3
gasoline_car,FR,63,female,6,paid_work,decile_9,5,2,3,5,3,0,2,3
gasoline_car,FR,36,male,7,paid_work,decile_10,5,1,3,5,7,2,5,3
walking,FR,55,male,3,paid_work,decile_5,5,4,4,9,4,1,4,3
public_transport,FR,78,male,6,retired,decile_10,5,1,4,7,6,4,5,3
public_transport,FR,38,female,6,paid_work,decile_6,5,1,4,8,8,4,4,3
electric_car,FR,77,male,7,retired,decile_10,5,1,2,7,4,5,5,2
gasoline_car,FR,55,female,4,paid_work,decile_2,5,3,3,6,5,3,3,4
public_transport,FR,41,female,7,paid_work,decile_10,5,1,4,10,7,3,3,2
electric_car,FR,79,male,7,retired,decile_8,5,1,4,9,6,5,6,3
gasoline_car,FR,44,female,5,paid_work,decile_10,5,2,3,8,8,3,5,2
gasoline_car,FR,52,female,3,paid_work,decile_5,5,2,3,6,5,3,2,3
gasoline_car,FR,76,female,7,retired,decile_2,3,3,3,7,4,3,3,3
gasoline_car,FR,39,female,2,paid_work,decile_7,5,2,5,9,0,3,2,4
gasoline_car,FR,46,female,5,paid_work,decile_10,5,3,3,6,5,3,3,4
gasoline_car,FR,70,female,1,retired,decile_2,4,3,4,10,8,3,5,3
electric_car,FR,51,female,5,paid_work,decile_10,5,1,3,8,5,0,5,3
gasoline_car,FR,59,female,3,unemployed_not_looking,decile_3,5,3,3,10,0,5,6,1
gasoline_car,FR,45,female,5,paid_work,decile_6,5,1,3,4,6,3,5,2
gasoline_car,FR,62,male,2,paid_work,decile_5,5,2,2,5,5,3,4,3
walking,FR,49,female,2,sick_disabled,decile_4,4,1,5,7,5,0,1,3
gasoline_car,FR,45,male,6,paid_work,decile_9,5,2,3,8,7,3,4,3
gasoline_car,FR,40,male,3,paid_work,decile_7,5,2,3,6,2,5,5,4
gasoline_car,FR,62,female,4,paid_work,decile_6,5,2,3,7,9,3,2,3
walking,FR,75,female,4,retired,decile_4,5,2,3,8,8,3,1,4
gasoline_car,FR,55,female,5,paid_work,decile_10,5,1,3,6,0,3,5,5
walking,FR,52,female,7,paid_work,decile_10,5,1,4,5,7,3,3,4
gasoline_car,FR,58,male,7,paid_work,decile_6,5,2,3,8,4,2,4,3
gasoline_car,FR,56,female,5,paid_work,decile_10,5,1,2,6,3,1,5,5
public_transport,FR,42,female,7,paid_work,decile_10,5,1,4,10,9,3,6,3
bicycle,FR,56,female,1,paid_work,decile_3,5,2,3,5,2,0,6,3
gasoline_car,FR,57,male,3,paid_work,decile_7,5,1,3,5,2,0,5,4
gasoline_car,FR,68,male,7,retired,decile_6,5,1,3,7,5,5,4,3
bicycle,FR,80,female,5,retired,decile_10,5,1,5,8,7,4,2,3
electric_car,FR,55,female,6,paid_work,decile_9,5,1,4,8,2,4,5,2
gasoline_car,FR,72,female,2,retired,decile_6,5,1,3,8,5,1,0,2
gasoline_car,FR,37,female,4,paid_work,decile_10,5,2,3,8,5,1,4,2
public_transport,FR,46,male,4,paid_work,decile_8,4,2,5,10,6,3,5,2
gasoline_car,FR,42,male,3,other,decile_5,5,2,3,7,5,3,3,1
gasoline_car,FR,78,female,3,retired,decile_3,5,1,2,5,8,2,5,3
gasoline_car,FR,33,female,3,unemployed_not_looking,decile_2,5,2,3,5,7,3,3,2
gasoline_car,FR,57,female,4,paid_work,decile_9,5,2,3,5,5,3,4,3
gasoline_car,FR,40,female,4,paid_work,decile_7,5,3,4,8,8,4,3,3
public_transport,FR,35,female,7,paid_work,decile_10,5,1,5,6,7,3,4,2
electric_car,FR,63,male,4,paid_work,decile_9,5,1,3,10,9,5,5,3
gasoline_car,FR,32,female,4,paid_work,decile_9,5,2,3,7,3,4,4,2
bicycle,FR,57,female,1,unemployed_looking,decile_2,4,3,3,7,3,0,2,3
bicycle,FR,48,male,6,paid_work,decile_3,5,3,4,9,6,4,2,2
gasoline_car,FR,37,male,7,paid_work,decile_10,5,1,3,6,4,3,5,3
gasoline_car,FR,69,female,4,retired,decile_8,5,2,3,9,9,1,4,3
gasoline_car,FR,36,male,4,education,decile_6,5,2,3,3,4,4,2,4
walking,FR,83,male,7,retired,decile_10,5,1,3,8,9,4,5,2
electric_car,FR,44,female,5,paid_work,decile_6,5,2,4,6,6,3,5,2
walking,FR,55,female,5,paid_work,decile_8,5,2,4,6,3,0,3,4
gasoline_car,FR,70,male,3,paid_work,decile_5,5,1,2,5,8,1,3,4
gasoline_car,FR,28,female,5,paid_work,decile_4,5,2,5,7,7,0,4,3
public_transport,FR,58,female,7,paid_work,decile_10,5,1,4,8,10,6,5,2
public_transport,FR,65,female,3,paid_work,decile_10,5,1,3,8,10,4,5,3
gasoline_car,FR,83,male,2,retired,decile_2,4,2,3,7,5,4,2,3
electric_car,FR,69,male,2,retired,decile_6,5,1,3,7,3,4,3,3
gasoline_car,FR,41,male,4,paid_work,decile_9,5,2,3,7,5,4,4,4
walking,FR,63,male,4,retired,decile_9,5,2,3,7,5,4,3,3
bicycle,FR,75,male,6,retired,decile_10,5,1,3,8,7,4,5,2
gasoline_car,FR,25,female,5,paid_work,decile_10,5,1,3,8,2,3,6,2
walking,FR,58,female,7,paid_work,decile_5,5,3,3,7,8,4,4,2
gasoline_car,FR,38,male,4,paid_work,decile_7,5,2,3,6,5,2,4,3
walking,FR,61,female,1,housework,decile_3,5,2,5,10,9,3,6,2
gasoline_car,FR,40,female,3,paid_work,decile_6,5,3,3,10,0,3,5,5
electric_car,FR,47,female,4,paid_work,decile_5,5,3,3,6,5,0,0,5
gasoline_car,FR,52,male,5,paid_work,decile_10,5,1,2,7,5,4,5,2
gasoline_car,FR,57,male,5,paid_work,decile_5,5,2,5,10,3,5,5,2
gasoline_car,FR,35,male,4,paid_work,decile_3,5,2,3,8,7,4,6,4
electric_car,FR,52,male,4,paid_work,decile_4,5,2,4,7,4,0,1,4
gasoline_car,FR,64,male,3,paid_work,decile_10,5,2,2,3,8,4,4,2
gasoline_car,FR,71,female,3,retired,decile_5,2,3,3,8,1,3,3,3
walking,FR,66,female,1,retired,decile_1,5,3,4,8,4,3,5,3
public_transport,FR,25,female,4,education,decile_4,5,1,3,2,7,3,3,3
gasoline_car,FR,68,male,3,retired,decile_6,4,2,3,8,7,1,1,3
public_transport,FR,52,female,7,paid_work,decile_10,5,1,5,6,5,2,3,2
gasoline_car,FR,44,female,6,paid_work,decile_6,5,2,4,8,8,2,2,2
walking,FR,72,female,5,retired,decile_4,5,2,3,9,0,3,5,3
gasoline_car,FR,44,male,4,paid_work,decile_9,5,1,3,7,6,2,4,2
gasoline_car,FR,83,female,4,retired,decile_8,3,1,4,8,4,2,4,2
walking,FR,83,female,7,retired,decile_3,5,2,5,9,9,4,3,3
gasoline_car,FR,40,female,5,paid_work,decile_10,5,1,3,3,5,3,2,3
gasoline_car,FR,43,female,7,unemployed_not_looking,decile_4,5,1,5,8,1,5,4,2
gasoline_car,FR,42,female,3,paid_work,decile_8,5,2,3,8,4,3,4,4
gasoline_car,FR,62,male,6,paid_work,decile_10,5,2,3,7,7,3,6,3
walking,FR,26,female,4,education,decile_8,5,1,5,7,7,4,4,3
gasoline_car,FR,43,male,3,paid_work,decile_4,5,3,4,10,3,5,3,4
gasoline_car,FR,61,female,5,paid_work,decile_3,5,2,5,10,9,5,5,3
gasoline_car,FR,52,male,5,paid_work,decile_9,5,1,3,8,5,6,4,4
gasoline_car,FR,60,male,3,paid_work,decile_8,5,1,3,8,5,4,5,3
gasoline_car,FR,39,female,2,paid_work,decile_7,5,2,2,5,5,4,4,3
gasoline_car,FR,63,male,3,paid_work,decile_10,5,2,2,2,5,2,4,4
electric_car,FR,68,female,3,retired,decile_3,5,2,4,5,5,3,5,3
walking,FR,53,male,3,education,decile_1,5,3,4,10,0,0,0,5
gasoline_car,FR,49,male,7,paid_work,decile_10,5,1,4,8,2,4,4,2
bicycle,FR,67,female,1,retired,decile_1,5,3,3,8,1,3,4,3
gasoline_car,FR,37,female,3,paid_work,decile_8,5,2,2,4,5,5,5,3
walking,FR,40,female,5,paid_work,decile_10,5,2,3,5,9,4,5,4
gasoline_car,FR,78,male,1,other,decile_3,5,3,5,10,6,3,4,4
walking,FR,23,female,4,education,decile_4,5,2,4,5,4,4,4,2
gasoline_car,FR,75,female,5,retired,decile_4,5,1,3,7,5,5,5,3
public_transport,FR,46,female,7,paid_work,decile_10,5,1,4,8,3,3,5,3
gasoline_car,FR,42,female,4,paid_work,decile_10,5,1,2,3,0,5,4,3
public_transport,FR,65,female,4,paid_work,decile_6,5,2,4,8,9,4,6,3
gasoline_car,FR,42,male,7,paid_work,decile_10,5,1,4,9,2,4,5,2
electric_car,FR,58,male,3,paid_work,decile_9,5,2,4,10,5,2,5,2
gasoline_car,FR,41,female,4,paid_work,decile_8,5,2,4,8,5,2,0,3
walking,FR,52,female,5,paid_work,decile_10,5,2,3,5,9,5,5,3
gasoline_car,FR,46,female,7,paid_work,decile_7,5,2,5,8,0,2,3,2
gasoline_car,FR,22,female,4,paid_work,decile_9,5,2,4,5,5,4,3,3
bicycle,FR,47,male,7,paid_work,decile_10,5,1,3,7,7,4,4,2
gasoline_car,FR,37,male,4,unemployed_looking,decile_4,5,2,1,2,5,0,3,4
gasoline_car,FR,79,male,4,retired,decile_10,5,1,3,8,7,4,4,2
electric_car,FR,58,male,7,paid_work,decile_10,5,1,3,5,7,4,4,2
gasoline_car,FR,34,female,7,paid_work,decile_9,5,1,5,9,0,5,5,2
gasoline_car,FR,25,female,4,paid_work,decile_1,5,2,4,9,5,4,4,4
gasoline_car,FR,46,male,4,paid_work,decile_10,5,1,4,9,3,4,4,4
gasoline_car,FR,66,male,3,sick_disabled,decile_4,5,4,2,5,0,4,6,5
electric_car,FR,29,female,6,paid_work,decile_8,5,2,3,6,7,2,2,4
walking,FR,36,female,5,paid_work,decile_7,5,2,4,7,5,6,3,3
public_transport,FR,53,female,5,paid_work,decile_6,5,2,3,8,7,3,4,3
gasoline_car,FR,22,male,4,education,decile_6,5,2,3,8,0,5,4,4
gasoline_car,FR,42,female,4,unemployed_not_looking,decile_4,5,2,3,7,5,2,3,3
walking,FR,68,male,2,retired,decile_5,5,2,5,10,2,3,3,5
gasoline_car,FR,74,female,3,paid_work,decile_10,5,1,4,8,8,0,3,3
gasoline_car,FR,45,male,5,paid_work,decile_10,5,1,2,1,5,0,3,2
electric_car,FR,50,male,7,paid_work,decile_10,5,1,3,5,6,4,5,3
electric_car,FR,38,female,4,paid_work,decile_5,5,2,4,7,1,4,5,3
gasoline_car,FR,50,male,4,paid_work,decile_10,5,1,3,5,5,4,4,3
gasoline_car,FR,47,female,7,paid_work,decile_6,5,2,4,8,3,4,6,2
electric_car,FR,68,female,5,retired,decile_9,5,1,3,8,5,0,3,3
bicycle,FR,44,male,7,paid_work,decile_10,5,2,5,8,2,3,5,4
public_transport,FR,68,female,7,paid_work,decile_10,4,1,4,8,5,2,5,2
gasoline_car,FR,49,male,7,paid_work,decile_7,5,2,4,7,8,4,4,2
gasoline_car,FR,70,female,4,retired,decile_9,5,1,3,8,8,4,5,2
gasoline_car,FR,27,female,7,unemployed_looking,decile_6,5,1,3,7,1,1,4,4
gasoline_car,FR,43,female,4,paid_work,decile_5,3,2,3,6,6,3,2,3
gasoline_car,FR,48,female,3,paid_work,decile_8,5,2,4,8,8,2,1,5
gasoline_car,FR,54,male,4,paid_work,decile_6,4,2,3,6,5,3,3,3
gasoline_car,FR,63,female,7,paid_work,decile_10,5,1,5,8,0,3,3,3
gasoline_car,FR,35,female,4,housework,decile_7,5,1,5,10,10,3,6,2
gasoline_car,FR,54,female,2,paid_work,decile_7,5,2,3,5,0,3,3,2
walking,FR,58,male,4,paid_work,decile_4,5,2,4,8,3,2,3,4
public_transport,FR,37,female,5,paid_work,decile_9,5,1,3,7,7,4,5,3
electric_car,FR,47,female,4,paid_work,decile_9,5,2,4,8,8,4,4,3
gasoline_car,FR,48,male,3,paid_work,decile_8,2,2,2,5,5,2,3,5
public_transport,FR,39,female,4,paid_work,decile_8,5,2,2,6,6,4,5,3
gasoline_car,FR,77,female,7,retired,decile_9,5,1,3,3,8,2,2,4
walking,FR,59,female,3,paid_work,decile_5,5,2,3,8,6,2,5,2
gasoline_car,FR,43,female,7,paid_work,decile_8,5,2,3,8,5,5,4,2
electric_car,FR,64,male,5,paid_work,decile_8,5,1,2,7,0,0,6,5
walking,FR,47,female,5,paid_work,decile_3,5,1,4,7,5,4,4,3
gasoline_car,FR,70,male,5,retired,decile_10,5,1,3,5,7,5,4,2
public_transport,GB,68,female,2,paid_work,decile_4,1,1,2,5,0,2,5,4
electric_car,GB,90,male,5,retired,decile_5,4,1,3,10,7,5,5,3
gasoline_car,GB,61,male,2,retired,decile_9,5,1,3,6,2,3,4,4
gasoline_car,GB,71,female,2,paid_work,decile_4,5,4,2,4,5,3,4,4
walking,GB,41,male,6,paid_work,decile_5,5,2,4,6,8,1,3,3
bicycle,GB,31,male,4,paid_work,decile_7,5,3,4,0,5,2,2,3
gasoline_car,GB,56,female,2,paid_work,decile_3,4,3,3,5,5,3,2,4
walking,GB,81,female,4,retired,decile_1,5,1,4,9,8,4,5,3
gasoline_car,GB,32,female,7,paid_work,decile_5,5,1,3,8,8,2,4,3
public_transport,GB,32,male,6,paid_work,decile_9,5,1,2,7,7,3,3,3
public_transport,GB,62,male,1,sick_disabled,decile_2,5,2,5,10,0,0,0,2
gasoline_car,GB,34,female,6,unemployed_looking,decile_3,5,2,5,7,9,3,0,3
public_transport,GB,57,female,4,paid_work,decile_3,5,2,4,10,10,4,4,4
gasoline_car,GB,76,female,7,retired,decile_5,4,1,5,8,3,5,6,2
electric_car,GB,48,male,7,paid_work,decile_8,5,1,4,8,7,4,4,2
walking,GB,56,male,6,paid_work,decile_8,5,1,2,5,7,3,4,3
gasoline_car,GB,67,female,6,retired,decile_1,4,3,4,7,7,4,3,4
gasoline_car,GB,48,female,1,paid_work,decile_1,3,2,3,7,1,4,4,4
bicycle,GB,90,male,5,retired,decile_9,5,1,4,8,5,3,5,4
gasoline_car,GB,50,female,4,paid_work,decile_3,5,2,3,7,8,5,5,3
gasoline_car,GB,41,female,4,housework,decile_7,5,3,3,5,4,2,3,2
public_transport,GB,74,male,3,retired,decile_1,4,3,2,0,7,3,5,2
gasoline_car,GB,78,male,5,retired,decile_7,5,1,2,6,8,3,4,2
gasoline_car,GB,66,female,4,retired,decile_4,5,1,3,8,8,4,5,3
gasoline_car,GB,56,female,5,housework,decile_6,5,2,2,5,3,4,2,4
gasoline_car,GB,53,female,6,paid_work,decile_10,5,1,3,7,5,4,6,2
public_transport,GB,78,male,5,retired,decile_8,5,1,5,9,7,4,6,3
gasoline_car,GB,68,male,7,retired,decile_8,5,1,4,8,6,4,4,3
gasoline_car,GB,52,male,4,paid_work,decile_6,5,1,2,2,5,4,3,2
electric_car,GB,59,male,4,paid_work,decile_10,5,1,3,8,5,4,3,3
walking,GB,80,female,7,retired,decile_6,5,1,3,9,0,6,6,3
public_transport,GB,70,male,2,retired,decile_5,5,1,3,7,7,5,5,3
gasoline_car,GB,61,female,4,paid_work,decile_9,5,1,2,0,8,0,5,1
electric_car,GB,66,female,5,housework,decile_8,5,1,5,7,5,6,5,3
walking,GB,56,female,3,housework,decile_6,4,2,4,5,4,3,3,3
public_transport,GB,44,male,6,paid_work,decile_9,5,1,1,0,8,5,4,5
gasoline_car,GB,43,female,7,paid_work,decile_3,5,2,4,8,3,5,3,3
walking,GB,56,female,7,paid_work,decile_9,5,1,4,10,7,5,4,2
gasoline_car,GB,56,male,7,paid_work,decile_8,5,1,4,8,7,2,2,2
public_transport,GB,33,female,6,paid_work,decile_6,5,2,5,7,5,2,3,5
walking,GB,35,male,6,paid_work,decile_4,5,2,3,5,4,1,2,3
walking,GB,44,female,7,paid_work,decile_9,5,1,2,5,7,0,0,4
gasoline_car,GB,57,male,7,retired,decile_10,5,1,3,5,6,4,6,3
walking,GB,83,female,5,retired,decile_6,4,1,4,8,9,5,4,4
public_transport,GB,67,female,4,housework,decile_3,5,2,3,7,5,1,3,4
gasoline_car,GB,29,male,6,paid_work,decile_6,5,1,3,2,5,3,3,2
walking,GB,74,male,1,retired,decile_10,5,1,3,7,9,4,3,4
public_transport,GB,51,male,7,unemployed_not_looking,decile_7,5,1,5,7,6,5,4,4
walking,GB,74,female,2,retired,decile_1,5,2,5,10,6,2,0,3
electric_car,GB,79,female,7,retired,decile_7,5,1,4,8,6,4,4,4
gasoline_car,GB,81,female,5,retired,decile_2,5,1,3,6,8,5,3,2
gasoline_car,GB,75,female,4,paid_work,decile_1,2,3,5,8,9,2,3,3
gasoline_car,GB,55,female,7,paid_work,decile_10,5,1,3,8,8,4,3,4
electric_car,GB,73,male,5,retired,decile_3,4,2,1,0,5,0,5,5
bicycle,GB,52,male,1,paid_work,decile_8,4,1,3,7,0,4,0,5
gasoline_car,GB,71,female,6,retired,decile_2,5,1,4,7,0,3,5,3
walking,GB,42,female,7,paid_work,decile_5,5,2,3,7,8,6,6,2
gasoline_car,GB,64,male,4,paid_work,decile_7,5,1,2,3,2,2,2,3
gasoline_car,GB,50,female,6,paid_work,decile_6,3,1,3,10,0,3,4,2
gasoline_car,GB,74,female,1,retired,decile_1,5,3,3,5,10,4,3,2
walking,GB,44,female,6,paid_work,decile_4,5,2,4,8,2,4,5,3
gasoline_car,GB,25,female,3,paid_work,decile_4,5,1,4,8,7,3,4,3
gasoline_car,GB,56,male,6,paid_work,decile_10,5,1,4,8,8,4,5,3
gasoline_car,GB,65,male,5,retired,decile_4,5,1,2,10,5,2,5,3
gasoline_car,GB,43,female,4,paid_work,decile_7,5,2,3,8,6,4,4,4
gasoline_car,GB,73,female,6,retired,decile_2,5,2,4,8,6,5,5,3
gasoline_car,GB,57,male,2,paid_work,decile_7,5,1,2,0,5,2,3,4
gasoline_car,GB,66,male,6,paid_work,decile_6,5,1,3,5,9,5,6,1
walking,GB,58,female,5,paid_work,decile_2,5,2,3,5,5,3,3,3
gasoline_car,GB,57,female,7,paid_work,decile_8,5,1,2,1,1,4,6,4
gasoline_car,GB,71,male,7,retired,decile_9,5,1,3,7,5,5,6,3
public_transport,GB,60,female,5,paid_work,decile_5,5,2,3,8,0,6,5,3
gasoline_car,GB,56,male,7,paid_work,decile_9,5,2,5,10,7,6,2,1
public_transport,GB,61,male,1,sick_disabled,decile_2,5,2,2,2,4,4,4,4
walking,GB,72,male,2,retired,decile_5,5,1,4,7,5,3,5,3
gasoline_car,GB,42,female,1,housework,decile_1,5,4,3,5,5,3,0,2
walking,GB,69,male,3,retired,decile_1,4,1,2,3,9,5,5,4
gasoline_car,GB,72,male,4,retired,decile_4,5,2,3,8,8,3,5,3
gasoline_car,GB,42,female,4,housework,decile_2,5,2,3,5,2,3,2,4
electric_car,GB,88,female,7,retired,decile_9,5,1,4,3,4,6,4,3
gasoline_car,GB,55,male,7,paid_work,decile_8,5,1,3,10,5,3,4,3
walking,GB,78,male,3,retired,decile_6,5,1,2,0,9,3,5,4
gasoline_car,GB,41,female,2,housework,decile_4,5,2,2,8,8,5,5,3
walking,GB,29,female,6,paid_work,decile_5,5,4,4,6,0,1,2,4
gasoline_car,GB,32,female,3,paid_work,decile_4,5,3,2,4,5,5,3,5
walking,GB,70,male,7,retired,decile_2,4,1,2,3,0,3,3,4
gasoline_car,GB,54,male,2,paid_work,decile_9,5,1,1,0,5,0,3,4
gasoline_car,GB,51,male,7,paid_work,decile_9,5,1,3,8,2,1,2,2
gasoline_car,GB,70,male,7,retired,decile_3,5,2,3,5,6,1,5,3
gasoline_car,GB,38,female,2,paid_work,decile_5,5,2,5,10,6,4,4,3
walking,GB,47,male,6,paid_work,decile_10,5,1,5,10,0,2,5,2
bicycle,GB,41,male,6,paid_work,decile_10,5,1,2,3,4,2,4,5
walking,GB,77,male,6,retired,decile_3,5,2,5,9,8,3,3,3
public_transport,GB,72,male,3,retired,decile_5,5,1,3,8,7,2,3,4
gasoline_car,GB,28,female,7,paid_work,decile_4,5,2,3,7,0,2,3,4
gasoline_car,GB,47,female,6,paid_work,decile_5,5,1,3,6,4,3,5,4
walking,GB,47,female,5,housework,decile_1,5,2,3,5,0,2,2,4
gasoline_car,GB,23,female,5,paid_work,decile_5,5,2,3,4,0,5,5,5
walking,GB,70,male,4,paid_work,decile_10,5,2,5,10,3,6,6,2
electric_car,GB,66,male,6,retired,decile_6,5,1,2,2,6,3,5,3
gasoline_car,GB,63,male,1,paid_work,decile_3,5,2,5,8,5,4,4,4
public_transport,GB,78,female,7,education,decile_5,5,2,3,8,7,0,5,2
public_transport,GB,78,female,6,other,decile_2,5,2,3,8,7,4,4,3
gasoline_car,GB,68,female,7,paid_work,decile_8,5,2,2,1,1,5,5,3
gasoline_car,GB,73,female,7,retired,decile_4,5,2,4,8,5,4,4,3
gasoline_car,GB,56,female,6,paid_work,decile_5,5,2,3,3,8,4,3,3
gasoline_car,GB,75,male,3,retired,decile_6,5,1,2,4,2,3,4,2
public_transport,GB,81,male,6,retired,decile_9,5,1,3,8,3,4,4,2
gasoline_car,GB,73,male,7,retired,decile_6,5,2,3,5,0,4,5,4
electric_car,GB,60,male,6,paid_work,decile_10,5,1,3,9,2,2,6,3
walking,GB,58,female,2,paid_work,decile_4,5,2,3,5,4,3,4,3
walking,GB,33,female,3,housework,decile_2,5,3,3,5,7,3,2,3
gasoline_car,GB,58,female,4,housework,decile_4,5,4,3,5,0,0,2,3
gasoline_car,GB,58,male,1,paid_work,decile_8,5,2,4,8,4,3,3,3
walking,GB,40,female,4,paid_work,decile_4,5,2,3,5,2,4,5,5
walking,GB,74,male,5,retired,decile_5,5,1,5,8,8,5,3,2
gasoline_car,GB,49,female,6,paid_work,decile_5,5,1,3,5,1,3,3,3
electric_car,GB,72,male,4,retired,decile_4,5,1,2,2,2,1,1,4
gasoline_car,GB,67,male,5,paid_work,decile_8,5,1,3,7,7,3,5,2
gasoline_car,GB,49,male,4,paid_work,decile_7,5,1,3,6,5,3,4,2
gasoline_car,GB,55,female,6,housework,decile_10,5,2,4,7,6,4,4,3
gasoline_car,GB,51,female,7,sick_disabled,decile_2,4,2,4,10,7,5,3,4
gasoline_car,GB,55,female,3,paid_work,decile_6,4,2,2,8,5,3,3,3
walking,GB,38,female,4,paid_work,decile_4,5,2,3,5,5,4,3,3
walking,GB,79,female,6,retired,decile_2,4,2,4,6,7,4,3,3
gasoline_car,GB,70,female,5,retired,decile_6,5,1,3,5,9,3,5,2
walking,GB,22,female,2,education,decile_3,5,2,4,7,0,2,3,4
gasoline_car,GB,74,female,5,retired,decile_4,5,2,3,8,5,6,6,3
gasoline_car,GB,47,female,4,paid_work,decile_8,5,2,2,4,5,2,4,3
gasoline_car,GB,75,male,1,retired,decile_8,5,1,2,1,2,4,2,4
public_transport,GB,64,female,1,sick_disabled,decile_1,4,2,4,6,5,5,3,4
gasoline_car,GB,81,female,7,retired,decile_4,5,1,3,7,5,5,5,3
electric_car,GB,76,male,7,retired,decile_10,5,1,5,10,7,6,6,1
public_transport,GB,73,male,6,retired,decile_3,5,1,4,10,7,6,5,2
gasoline_car,GB,62,male,2,paid_work,decile_5,5,1,1,0,8,4,6,4
gasoline_car,GB,70,female,6,retired,decile_7,5,2,3,8,6,4,4,3
public_transport,GB,67,male,1,paid_work,decile_8,5,2,5,10,10,3,3,3
gasoline_car,GB,73,female,5,housework,decile_7,5,1,3,6,8,6,6,3
electric_car,GB,73,female,5,retired,decile_8,5,1,3,5,8,6,6,3
gasoline_car,GB,35,male,7,paid_work,decile_9,5,1,4,5,3,3,3,3
public_transport,GB,59,female,2,sick_disabled,decile_1,5,2,2,5,3,3,4,3
gasoline_car,GB,73,male,7,retired,decile_9,5,1,5,8,2,5,6,2
gasoline_car,GB,58,male,5,sick_disabled,decile_1,5,3,3,10,5,2,3,4
gasoline_car,GB,40,female,6,paid_work,decile_5,5,2,5,8,0,6,6,3
gasoline_car,GB,73,male,4,paid_work,decile_9,5,1,3,6,7,5,5,4
gasoline_car,GB,59,male,6,paid_work,decile_10,5,1,3,7,3,4,2,3
walking,GB,72,female,1,retired,decile_10,5,2,5,10,10,4,6,4
gasoline_car,GB,75,male,1,retired,decile_4,5,1,2,3,5,2,4,2
gasoline_car,GB,47,male,4,paid_work,decile_8,5,2,3,10,5,1,4,5
electric_car,GB,42,male,6,paid_work,decile_10,5,1,3,7,5,4,5,3
public_transport,GB,59,male,6,paid_work,decile_10,5,1,4,8,8,3,5,3
gasoline_car,GB,58,female,6,paid_work,decile_6,5,3,4,6,7,4,4,4
gasoline_car,GB,57,female,2,paid_work,decile_4,5,4,3,6,10,2,1,5
walking,GB,70,male,5,retired,decile_3,4,1,2,3,10,4,5,3
gasoline_car,GB,69,female,7,paid_work,decile_5,5,1,4,7,6,5,6,3
gasoline_car,GB,70,female,5,retired,decile_6,5,2,2,4,10,5,5,3
public_transport,GB,80,female,1,retired,decile_1,5,1,3,10,7,6,6,5
gasoline_car,GB,82,male,1,retired,decile_6,3,1,4,10,10,3,2,5
walking,GB,57,male,6,paid_work,decile_10,5,1,5,8,8,4,5,3
electric_car,GB,69,male,5,retired,decile_6,5,1,3,8,5,5,4,3
electric_car,GB,38,male,6,paid_work,decile_10,5,1,5,8,8,6,5,1
gasoline_car,GB,62,female,5,paid_work,decile_8,5,1,5,10,2,2,5,4
gasoline_car,GB,78,female,1,retired,decile_4,5,1,4,8,0,4,4,5
gasoline_car,GB,51,female,7,paid_work,decile_7,5,2,3,8,5,4,4,3
gasoline_car,GB,84,male,3,retired,decile_2,3,1,3,3,7,4,4,3
gasoline_car,GB,65,male,4,paid_work,decile_7,5,2,2,5,0,3,4,3
electric_car,GB,43,female,5,paid_work,decile_5,5,2,5,10,10,3,5,2
public_transport,GB,75,female,4,retired,decile_3,5,1,3,4,8,3,5,3
gasoline_car,GB,74,male,6,paid_work,decile_5,5,1,5,7,0,4,3,4
gasoline_car,GB,57,female,4,sick_disabled,decile_4,5,4,2,3,0,5,2,3
gasoline_car,GB,70,female,4,retired,decile_4,5,1,4,8,4,5,6,2
gasoline_car,GB,62,male,1,sick_disabled,decile_3,1,3,1,0,2,2,2,5
gasoline_car,GB,48,female,4,housework,decile_1,5,2,3,8,2,5,4,2
electric_car,GB,42,male,6,paid_work,decile_10,5,1,3,5,5,3,5,2
gasoline_car,GB,77,female,4,retired,decile_5,5,2,2,10,10,5,6,3
gasoline_car,GB,54,female,3,paid_work,decile_9,4,2,3,7,8,5,5,2
gasoline_car,GB,62,male,4,paid_work,decile_10,4,1,3,7,6,3,5,2
gasoline_car,GB,64,female,5,paid_work,decile_9,5,1,3,7,5,4,5,4
gasoline_car,GB,36,female,4,paid_work,decile_3,5,2,3,3,7,2,1,3
walking,GB,68,male,7,retired,decile_7,5,1,3,7,8,5,5,2
public_transport,GB,36,female,5,paid_work,decile_9,5,1,4,9,9,3,5,3
gasoline_car,GB,79,female,5,retired,decile_3,5,1,4,9,4,4,5,3
walking,GB,76,male,6,retired,decile_4,5,2,2,5,7,2,5,4
walking,GB,72,female,2,housework,decile_9,5,1,3,7,0,6,6,2
gasoline_car,GB,60,female,7,paid_work,decile_6,5,2,5,7,9,6,5,2
gasoline_car,GB,78,female,5,retired,decile_5,4,1,2,2,7,3,6,4
gasoline_car,GB,61,female,4,housework,decile_7,5,1,3,7,0,1,0,5
electric_car,GB,62,female,4,paid_work,decile_5,5,2,3,8,3,6,6,2
gasoline_car,GB,57,male,7,paid_work,decile_10,5,1,4,8,2,5,4,3
gasoline_car,GB,62,male,6,retired,decile_5,5,1,3,4,7,4,3,3
gasoline_car,GB,90,female,1,retired,decile_4,1,2,3,5,4,2,4,3
public_transport,GB,71,female,6,retired,decile_5,5,1,5,8,10,4,6,1
electric_car,GB,54,male,6,paid_work,decile_10,5,1,4,6,5,2,4,3
public_transport,GB,61,female,7,unemployed_looking,decile_1,1,3,4,5,5,3,3,4
gasoline_car,GB,58,male,7,paid_work,decile_8,5,1,4,8,8,3,4,3
gasoline_car,GB,59,male,7,paid_work,decile_8,5,1,3,7,0,4,5,3
electric_car,GB,63,female,6,paid_work,decile_10,5,1,4,8,3,6,6,2
gasoline_car,GB,64,female,6,paid_work,decile_4,5,3,2,1,2,3,4,4
walking,GB,89,female,2,retired,decile_3,5,1,4,6,5,4,2,2
gasoline_car,GB,36,female,6,paid_work,decile_4,5,1,5,6,0,4,5,2
walking,GB,78,female,2,housework,decile_3,5,1,4,8,9,3,4,3
electric_car,GB,35,male,4,paid_work,decile_5,5,1,3,3,10,5,4,5
gasoline_car,GB,34,male,5,paid_work,decile_8,5,1,1,0,5,3,3,2
gasoline_car,GB,65,female,4,paid_work,decile_8,4,2,3,10,0,4,6,4
electric_car,GB,62,female,5,paid_work,decile_10,5,1,4,8,1,4,4,3
gasoline_car,GB,54,female,5,paid_work,decile_10,5,1,3,5,8,3,5,4
electric_car,GB,54,male,5,paid_work,decile_10,5,1,3,6,3,3,5,4
gasoline_car,GB,57,male,7,paid_work,decile_8,5,1,3,7,4,4,4,3
electric_car,GB,66,female,5,housework,decile_5,5,1,3,8,6,5,4,4
gasoline_car,GB,60,female,3,paid_work,decile_6,5,2,4,6,5,4,3,4
electric_car,GB,50,female,7,paid_work,decile_10,5,1,4,8,6,5,5,2
gasoline_car,GB,57,male,7,paid_work,decile_9,5,1,4,7,2,4,5,5
walking,GB,70,female,5,retired,decile_8,5,1,3,6,2,3,5,3
walking,GB,59,female,5,paid_work,decile_5,5,1,3,8,5,5,5,1
gasoline_car,GB,31,female,6,paid_work,decile_1,5,2,4,5,5,5,5,4
gasoline_car,GB,53,female,5,paid_work,decile_7,5,3,4,10,0,5,3,4
walking,GB,59,female,2,housework,decile_4,5,2,4,8,2,3,5,3
gasoline_car,GB,69,male,1,retired,decile_5,5,3,1,5,5,3,1,5
gasoline_car,GB,41,male,4,paid_work,decile_5,4,1,2,7,7,2,4,4
gasoline_car,GB,36,male,7,paid_work,decile_8,5,1,4,9,8,2,6,2
gasoline_car,GB,71,female,6,retired,decile_5,5,1,2,2,3,5,6,2
gasoline_car,GB,76,male,6,retired,decile_4,4,1,4,9,2,4,1,3
gasoline_car,GB,43,female,7,paid_work,decile_9,5,1,3,6,6,3,5,4
walking,GB,59,female,1,paid_work,decile_1,5,3,3,8,9,3,3,5
gasoline_car,GB,35,male,6,paid_work,decile_4,5,2,3,6,7,2,5,3
gasoline_car,GB,26,female,6,paid_work,decile_3,5,2,3,4,0,3,4,4
gasoline_car,GB,63,male,6,retired,decile_4,5,1,4,3,7,4,4,2
bicycle,GB,67,male,6,paid_work,decile_7,5,1,5,2,6,5,3,3
bicycle,GB,65,male,7,retired,decile_8,5,1,4,8,1,6,5,2
electric_car,GB,62,female,7,paid_work,decile_2,4,2,3,5,3,3,5,3
electric_car,GB,38,male,6,paid_work,decile_9,5,1,2,6,7,2,3,2
electric_car,GB,67,female,7,housework,decile_3,4,2,3,8,8,4,4,3
gasoline_car,GB,63,female,6,paid_work,decile_3,5,1,3,7,7,5,5,3
walking,GB,42,female,5,unemployed_looking,decile_2,5,3,3,6,9,0,1,4
gasoline_car,GB,56,female,5,housework,decile_2,5,2,3,7,9,5,4,3
gasoline_car,GB,44,female,6,paid_work,decile_8,5,1,3,7,9,4,3,3
gasoline_car,GB,78,female,7,retired,decile_3,5,2,4,8,10,5,4,3
gasoline_car,GB,68,female,5,retired,decile_6,5,2,5,9,0,4,4,4
walking,GB,38,female,7,paid_work,decile_4,5,3,3,9,5,4,5,3
gasoline_car,GB,67,male,4,paid_work,decile_5,5,3,5,7,7,3,3,4
gasoline_car,GB,72,male,3,retired,decile_7,5,1,3,5,0,3,2,3
gasoline_car,GB,51,male,7,paid_work,decile_6,5,2,4,8,3,3,5,2
gasoline_car,GB,29,female,3,paid_work,decile_8,5,2,2,2,2,3,3,3
gasoline_car,GB,49,female,4,housework,decile_1,4,2,3,5,5,3,2,3
gasoline_car,GB,85,female,3,retired,decile_8,4,1,4,9,8,6,6,3
walking,GB,66,female,6,paid_work,decile_5,5,1,4,10,5,3,5,3
gasoline_car,GB,48,male,6,paid_work,decile_7,5,3,3,7,7,3,4,3
public_transport,GB,41,female,6,paid_work,decile_8,5,2,3,5,4,3,4,3
walking,GB,49,female,4,paid_work,decile_6,5,3,3,8,9,4,4,3
gasoline_car,GB,52,male,4,paid_work,decile_5,5,3,3,5,3,2,3,3
gasoline_car,GB,80,female,7,education,decile_2,5,2,3,7,6,6,5,3
gasoline_car,GB,68,male,5,retired,decile_2,2,3,2,0,3,1,3,4
electric_car,GB,69,male,4,retired,decile_1,4,2,2,5,7,2,2,4
gasoline_car,GB,48,female,6,paid_work,decile_10,5,1,3,7,7,4,6,3
walking,GB,72,male,6,retired,decile_9,5,1,3,7,4,5,5,3
public_transport,GB,56,female,7,paid_work,decile_10,5,1,5,10,8,4,6,1
gasoline_car,GB,49,female,7,housework,decile_10,5,1,4,8,6,4,4,2
gasoline_car,GB,85,male,3,retired,decile_4,3,1,5,7,0,4,6,2
gasoline_car,GB,45,male,6,paid_work,decile_9,5,1,3,6,4,3,4,3
gasoline_car,GB,56,male,7,sick_disabled,decile_3,5,2,4,6,6,4,5,3
gasoline_car,GB,39,male,5,paid_work,decile_10,5,1,1,0,5,3,0,5
electric_car,GB,71,female,7,paid_work,decile_10,5,1,5,10,9,6,6,3
gasoline_car,GB,59,male,6,paid_work,decile_8,5,2,2,7,0,4,5,5
gasoline_car,GB,33,female,7,paid_work,decile_10,5,2,3,4,2,3,3,3
public_transport,GB,81,male,7,retired,decile_9,5,1,5,10,7,5,5,2
gasoline_car,GB,64,male,6,paid_work,decile_8,5,1,3,8,5,3,3,3
gasoline_car,GB,66,female,7,retired,decile_5,5,2,4,8,3,3,4,3
public_transport,GB,34,female,6,paid_work,decile_4,5,1,5,7,6,3,2,3
public_transport,GB,59,female,5,paid_work,decile_6,5,1,3,5,10,3,5,3
gasoline_car,GB,58,male,3,paid_work,decile_9,5,1,4,8,5,4,4,2
gasoline_car,GB,50,female,4,paid_work,decile_2,5,2,3,6,8,4,6,4
walking,GB,76,male,2,retired,decile_4,4,1,3,5,4,3,4,3
electric_car,GB,75,male,4,paid_work,decile_9,5,2,4,7,2,4,3,3
gasoline_car,GB,67,male,5,unemployed_not_looking,decile_1,5,2,2,3,7,4,3,4
walking,GB,82,female,1,retired,decile_5,5,1,5,7,5,5,5,3
gasoline_car,GB,88,female,1,paid_work,decile_3,5,2,3,8,3,5,5,2
public_transport,GB,58,female,2,paid_work,decile_4,5,2,3,10,10,5,6,4
gasoline_car,GB,37,female,7,paid_work,decile_4,5,1,5,10,2,1,6,5
electric_car,GB,26,female,6,unemployed_not_looking,decile_1,5,3,5,10,3,2,2,2
gasoline_car,GB,74,male,7,paid_work,decile_7,5,1,3,7,9,4,5,2
walking,GB,70,female,5,paid_work,decile_6,5,1,3,5,5,3,4,3
public_transport,GB,73,female,5,retired,decile_6,4,1,2,0,8,2,2,4
gasoline_car,GB,48,male,4,paid_work,decile_6,5,2,5,7,8,3,2,4
public_transport,GB,84,male,6,paid_work,decile_4,5,1,5,8,7,4,4,2
gasoline_car,GB,81,female,6,retired,decile_8,5,1,5,9,10,4,6,2
public_transport,GB,71,female,4,retired,decile_1,5,2,5,10,9,4,3,3
electric_car,GB,64,male,7,paid_work,decile_10,4,1,2,6,5,3,4,5
gasoline_car,GB,78,female,1,retired,decile_2,5,3,3,6,8,3,0,4
gasoline_car,GB,42,female,4,paid_work,decile_1,5,2,2,3,7,2,4,4
walking,GB,55,female,2,paid_work,decile_5,5,2,3,6,5,3,5,3
walking,GB,60,female,7,paid_work,decile_10,5,1,5,10,2,6,5,1
gasoline_car,GB,29,female,6,paid_work,decile_7,5,1,4,7,8,5,4,3
gasoline_car,GB,79,female,1,housework,decile_2,5,1,3,8,9,5,4,3
electric_car,GB,64,female,5,paid_work,decile_6,4,1,3,5,6,5,5,3
walking,GB,49,female,6,paid_work,decile_7,5,2,2,5,6,3,3,3
walking,GB,49,female,7,paid_work,decile_10,5,1,5,10,10,3,2,2
public_transport,GB,60,female,3,paid_work,decile_4,5,2,3,5,10,0,3,4
gasoline_car,GB,48,male,5,unemployed_looking,decile_3,5,4,1,0,5,2,0,4
gasoline_car,GB,53,female,6,paid_work,decile_10,5,2,3,7,3,5,5,3
walking,GB,68,male,1,paid_work,decile_6,5,2,2,2,6,5,5,3
gasoline_car,GB,48,female,6,paid_work,decile_8,5,2,3,10,5,4,4,5
public_transport,GB,45,female,6,sick_disabled,decile_1,5,3,4,8,4,2,2,3
gasoline_car,GB,54,female,6,sick_disabled,decile_1,5,2,3,8,2,4,4,5
gasoline_car,GB,62,male,4,paid_work,decile_8,5,1,1,0,7,3,3,5
gasoline_car,GB,45,female,5,paid_work,decile_7,5,2,3,5,2,5,4,4
gasoline_car,GB,66,female,6,paid_work,decile_10,5,1,3,8,6,4,4,3
gasoline_car,GB,61,female,6,retired,decile_8,5,1,3,8,4,2,5,3
gasoline_car,GB,36,female,6,housework,decile_8,5,1,3,6,4,4,4,4
electric_car,GB,52,male,4,paid_work,decile_7,5,1,4,6,6,4,5,4
gasoline_car,GB,58,female,1,paid_work,decile_4,5,2,3,6,4,3,5,3
gasoline_car,GB,68,male,4,paid_work,decile_4,5,2,2,5,5,2,3,4
walking,GB,63,male,6,paid_work,decile_9,5,1,5,10,4,3,2,1
electric_car,GB,81,male,1,retired,decile_10,4,1,4,5,7,3,5,3
gasoline_car,GB,53,male,6,paid_work,decile_9,5,2,3,6,3,5,5,4
walking,GB,44,female,5,paid_work,decile_10,5,1,5,9,8,4,5,2
electric_car,GB,44,male,7,paid_work,decile_7,5,2,4,8,9,4,4,3
walking,GB,77,female,7,retired,decile_1,5,3,5,8,10,6,3,3
public_transport,GB,54,male,2,paid_work,decile_6,5,2,3,7,6,4,4,3
gasoline_car,GB,56,male,4,paid_work,decile_4,4,2,3,5,4,1,3,3
gasoline_car,GB,39,female,6,paid_work,decile_9,5,2,3,5,6,3,3,3
gasoline_car,GB,34,female,7,paid_work,decile_7,5,2,4,10,7,6,4,3
gasoline_car,GB,72,female,6,housework,decile_1,5,3,2,4,7,3,4,4
gasoline_car,GB,59,male,5,paid_work,decile_9,5,1,4,8,7,6,5,2
public_transport,GB,27,female,6,paid_work,decile_9,5,1,4,7,7,3,5,2
gasoline_car,GB,59,female,6,paid_work,decile_7,5,1,3,5,5,6,6,3
electric_car,GB,38,male,7,paid_work,decile_10,5,1,3,7,8,4,4,2
gasoline_car,GB,76,male,2,retired,decile_2,5,1,3,5,8,4,5,2
gasoline_car,GB,36,male,6,unemployed_looking,decile_2,5,3,3,6,7,0,0,5
gasoline_car,GB,83,female,1,retired,decile_1,4,2,3,5,7,4,4,3
gasoline_car,GB,81,male,7,retired,decile_7,1,1,1,0,3,4,5,4
walking,GB,74,male,5,retired,decile_8,5,1,3,8,7,3,4,3
gasoline_car,GB,43,male,6,paid_work,decile_5,5,2,3,8,5,4,5,3
walking,GB,73,male,4,retired,decile_1,5,2,4,7,5,1,2,3
gasoline_car,GB,76,female,4,retired,decile_2,4,1,4,9,8,3,5,2
walking,GB,64,male,4,retired,decile_2,4,2,2,5,4,2,3,4
gasoline_car,GB,62,male,2,paid_work,decile_3,4,1,3,7,3,2,3,3
gasoline_car,GB,36,female,6,paid_work,decile_10,5,1,5,6,2,4,4,4
gasoline_car,GB,69,male,3,paid_work,decile_7,5,1,3,8,4,3,5,3
walking,GB,48,female,2,housework,decile_9,5,2,5,6,0,4,5,4
gasoline_car,GB,55,female,4,paid_work,decile_5,5,1,3,8,10,4,6,2
walking,GB,61,male,1,unemployed_looking,decile_5,2,4,3,8,6,4,3,4
gasoline_car,GB,53,female,3,paid_work,decile_4,5,1,4,10,6,4,3,4
walking,GB,58,male,2,paid_work,decile_6,5,1,4,8,4,4,5,2
gasoline_car,GB,61,male,4,sick_disabled,decile_2,4,3,3,7,6,1,1,2
gasoline_car,GB,32,female,6,housework,decile_10,5,1,3,8,8,5,5,3
gasoline_car,GB,55,female,5,paid_work,decile_3,5,2,2,5,5,4,4,4
gasoline_car,GB,73,male,5,retired,decile_6,5,1,2,5,8,3,6,4
walking,GB,60,male,2,paid_work,decile_4,5,1,2,5,7,5,6,3
electric_car,GB,61,female,7,paid_work,decile_9,5,1,3,6,4,0,2,4
public_transport,GB,85,male,7,retired,decile_6,5,1,5,10,5,3,3,3
walking,GB,62,male,4,paid_work,decile_5,5,2,3,7,9,3,3,3
gasoline_car,GB,67,female,6,retired,decile_6,5,1,4,7,2,4,3,3
gasoline_car,GB,73,female,7,retired,decile_5,4,1,3,6,9,5,3,2
walking,GB,45,female,7,paid_work,decile_3,5,1,5,10,6,4,2,2
gasoline_car,GB,33,male,5,paid_work,decile_7,5,2,3,7,8,2,5,3
gasoline_car,GB,67,female,7,housework,decile_5,5,1,1,0,0,4,5,4
gasoline_car,GB,71,female,2,retired,decile_5,5,2,4,8,8,5,2,4
gasoline_car,GB,65,female,6,paid_work,decile_6,5,1,3,8,8,4,4,2
gasoline_car,GB,59,female,2,sick_disabled,decile_1,5,3,3,7,5,5,2,4
gasoline_car,GB,58,male,6,paid_work,decile_5,4,2,3,3,0,4,4,2
walking,GB,75,female,6,retired,decile_4,5,2,5,8,4,6,2,3
walking,GB,62,female,7,paid_work,decile_6,5,2,4,8,8,4,5,3
gasoline_car,GB,82,male,1,retired,decile_9,5,1,1,4,7,3,3,3
gasoline_car,GB,70,male,7,paid_work,decile_9,5,1,2,0,5,1,4,1
gasoline_car,GB,31,female,6,paid_work,decile_5,5,1,4,9,2,3,4,4
gasoline_car,GB,38,female,7,paid_work,decile_4,5,1,4,8,3,2,4,4
electric_car,GB,51,male,5,paid_work,decile_8,5,2,3,4,5,1,2,3
electric_car,GB,64,female,4,unemployed_not_looking,decile_9,5,2,3,7,5,4,3,4
gasoline_car,GB,33,female,7,unemployed_looking,decile_5,5,2,3,4,1,2,4,3
walking,GB,68,female,5,retired,decile_1,5,2,3,5,2,5,5,3
electric_car,GB,43,female,6,education,decile_7,5,3,3,6,3,3,2,3
gasoline_car,GB,65,male,1,paid_work,decile_2,5,1,3,10,2,6,0,5
public_transport,GB,52,male,7,paid_work,decile_9,5,2,4,8,5,5,4,3
gasoline_car,HU,63,male,5,paid_work,decile_7,3,2,4,8,8,4,4,2
bicycle,HU,60,male,2,paid_work,decile_4,4,2,4,5,4,2,2,3
public_transport,HU,35,female,4,other,decile_6,4,3,3,6,10,3,4,3
bicycle,HU,55,female,4,paid_work,decile_9,4,1,3,1,4,4,3,2
walking,HU,33,male,3,paid_work,decile_2,5,3,3,5,5,3,3,3
public_transport,HU,36,female,2,housework,decile_2,5,3,3,4,3,0,3,4
gasoline_car,HU,70,male,3,retired,decile_5,4,2,3,8,8,4,6,5
public_transport,HU,46,male,3,paid_work,decile_8,2,2,4,10,2,3,2,3
gasoline_car,HU,53,female,5,paid_work,decile_7,5,2,4,0,5,5,3,3
public_transport,HU,46,female,3,paid_work,decile_8,4,2,2,10,10,5,5,3
gasoline_car,HU,40,female,3,housework,decile_6,4,2,4,7,8,4,6,3
bicycle,HU,62,female,5,paid_work,decile_8,5,2,4,7,4,3,3,4
bicycle,HU,63,male,3,paid_work,decile_6,5,3,3,5,7,0,5,3
bicycle,HU,52,male,4,unemployed_looking,decile_7,2,1,3,6,6,3,4,3
walking,HU,71,female,6,retired,decile_2,3,2,4,8,8,3,5,3
bicycle,HU,43,female,4,paid_work,decile_6,5,2,4,6,6,4,5,3
bicycle,HU,53,female,4,paid_work,decile_8,5,2,3,7,3,0,3,3
public_transport,HU,45,female,6,paid_work,decile_10,5,2,3,5,4,3,2,2
walking,HU,57,female,3,paid_work,decile_4,5,2,4,9,7,5,6,4
gasoline_car,HU,47,female,3,paid_work,decile_8,4,1,3,7,5,3,4,3
bicycle,HU,53,female,3,paid_work,decile_1,5,2,1,3,9,3,6,3
public_transport,HU,51,male,6,paid_work,decile_4,5,2,3,7,7,1,4,3
gasoline_car,HU,74,female,3,retired,decile_2,5,2,3,4,8,4,5,2
walking,HU,39,male,5,paid_work,decile_10,5,2,4,7,7,1,1,5
walking,HU,37,female,3,paid_work,decile_8,5,2,3,6,10,3,5,3
gasoline_car,HU,38,male,4,paid_work,decile_3,5,2,5,10,0,6,5,4
gasoline_car,HU,59,male,5,paid_work,decile_5,5,2,2,5,6,6,5,2
walking,HU,49,female,2,sick_disabled,decile_5,4,3,2,10,10,0,0,4
walking,HU,80,female,7,retired,decile_5,5,2,4,9,8,4,5,3
public_transport,HU,57,female,4,paid_work,decile_2,5,4,5,10,5,4,3,3
walking,HU,41,female,4,paid_work,decile_7,5,2,4,10,10,3,3,3
gasoline_car,HU,60,male,7,paid_work,decile_10,5,1,2,1,9,5,4,2
gasoline_car,HU,23,male,4,education,decile_8,4,2,3,10,0,2,6,3
gasoline_car,HU,39,female,4,paid_work,decile_3,5,2,3,4,7,2,6,4
walking,HU,34,female,4,paid_work,decile_3,5,2,3,5,5,2,3,4
walking,HU,38,female,5,other,decile_6,5,2,4,10,8,4,5,4
bicycle,HU,51,female,4,paid_work,decile_3,5,3,4,10,4,5,2,4
walking,HU,32,female,2,other,decile_3,5,2,3,6,4,3,4,3
public_transport,HU,61,female,4,retired,decile_1,5,2,4,10,8,2,4,3
bicycle,HU,53,female,3,paid_work,decile_8,5,2,5,10,8,4,5,3
gasoline_car,HU,54,female,5,paid_work,decile_10,5,2,4,8,0,2,5,3
public_transport,HU,76,male,5,retired,decile_4,5,2,4,5,8,3,5,3
gasoline_car,HU,42,female,3,housework,decile_7,5,2,3,5,7,5,6,3
electric_car,HU,41,male,6,paid_work,decile_10,5,2,5,10,0,0,4,3
walking,HU,60,male,3,paid_work,decile_8,5,1,3,6,3,2,4,3
public_transport,HU,27,male,4,education,decile_5,5,2,3,7,9,5,5,2
bicycle,HU,57,female,3,paid_work,decile_4,5,3,4,5,5,1,5,3
gasoline_car,HU,37,female,7,other,decile_8,5,2,4,7,4,4,4,4
public_transport,HU,67,female,2,paid_work,decile_4,5,3,3,7,8,4,4,2
electric_car,HU,52,male,6,paid_work,decile_8,5,1,4,5,4,5,5,3
gasoline_car,HU,57,female,5,paid_work,decile_10,5,2,3,5,5,4,6,3
bicycle,HU,37,male,6,paid_work,decile_10,5,1,4,8,7,2,4,5
public_transport,HU,71,female,5,retired,decile_2,5,2,4,6,6,2,4,2
public_transport,HU,51,female,4,paid_work,decile_10,5,2,1,6,3,3,4,3
gasoline_car,HU,60,male,4,paid_work,decile_4,5,3,4,9,5,4,4,3
walking,HU,69,male,4,paid_work,decile_6,3,2,4,7,7,2,4,4
gasoline_car,HU,57,male,7,paid_work,decile_4,5,2,4,7,6,2,5,3
bicycle,HU,23,male,4,education,decile_2,5,2,5,5,4,3,3,4
bicycle,HU,74,female,4,retired,decile_3,5,2,5,6,5,6,4,3
public_transport,HU,68,female,3,retired,decile_6,5,2,2,3,8,6,5,3
gasoline_car,HU,50,female,7,paid_work,decile_10,5,1,5,5,7,3,2,5
walking,HU,38,male,4,paid_work,decile_10,5,2,3,7,3,5,4,3
gasoline_car,HU,62,male,3,paid_work,decile_8,5,2,3,7,3,0,3,3
gasoline_car,HU,49,female,7,paid_work,decile_8,5,2,3,7,2,2,3,3
walking,HU,70,female,3,retired,decile_5,4,2,4,5,8,3,5,4
gasoline_car,HU,45,female,4,paid_work,decile_6,5,2,4,9,9,4,4,3
walking,HU,26,female,3,unemployed_looking,decile_8,5,2,3,5,5,4,4,3
electric_car,HU,50,female,6,paid_work,decile_9,5,1,3,8,8,4,5,4
gasoline_car,HU,54,female,4,paid_work,decile_7,5,2,4,10,8,4,4,3
gasoline_car,HU,25,female,4,education,decile_8,5,2,4,1,2,6,4,4
public_transport,HU,28,female,4,paid_work,decile_7,5,2,3,6,10,5,4,3
bicycle,HU,79,male,3,retired,decile_2,1,3,4,8,5,4,5,4
walking,HU,51,female,5,paid_work,decile_10,5,2,4,7,7,4,3,3
public_transport,HU,39,female,6,paid_work,decile_8,2,1,4,7,8,4,6,3
gasoline_car,HU,48,male,5,paid_work,decile_8,5,2,3,5,5,2,5,4
public_transport,HU,22,male,2,education,decile_6,5,2,2,3,8,2,3,2
gasoline_car,HU,45,female,4,paid_work,decile_10,5,2,4,8,8,3,1,3
gasoline_car,HU,72,female,5,retired,decile_3,4,3,2,4,8,0,3,4
walking,HU,77,female,4,retired,decile_1,2,3,4,10,8,3,3,3
gasoline_car,HU,62,female,3,paid_work,decile_2,3,2,3,7,5,3,4,3
public_transport,HU,49,female,3,paid_work,decile_7,5,3,4,5,3,2,3,4
walking,HU,57,female,4,paid_work,decile_6,3,1,4,7,5,3,6,2
gasoline_car,HU,43,female,7,paid_work,decile_4,5,2,5,8,4,3,4,2
gasoline_car,HU,25,female,4,paid_work,decile_8,5,2,3,5,4,3,3,3
walking,HU,65,female,5,retired,decile_1,5,4,4,8,5,4,4,4
electric_car,IS,72,male,7,paid_work,decile_7,5,1,1,8,7,3,6,4
electric_car,IS,78,female,2,retired,decile_2,5,2,2,7,6,4,4,2
electric_car,IS,44,female,5,paid_work,decile_9,5,3,1,2,0,4,3,1
gasoline_car,IS,31,female,2,paid_work,decile_4,5,2,3,6,8,4,4,5
electric_car,IS,80,male,6,retired,decile_7,5,1,3,7,4,5,5,2
gasoline_car,IS,74,female,2,retired,decile_1,5,1,3,5,5,5,6,3
walking,IS,67,female,5,paid_work,decile_3,5,1,3,6,9,4,5,2
walking,IS,36,female,4,housework,decile_4,5,2,2,6,7,2,6,4
gasoline_car,IS,64,male,2,paid_work,decile_6,5,1,1,5,5,4,6,4
walking,IS,59,female,3,paid_work,decile_5,5,1,2,5,8,3,6,2
electric_car,IS,51,female,7,sick_disabled,decile_4,5,1,4,5,6,5,6,3
gasoline_car,IS,59,male,3,paid_work,decile_5,5,1,3,8,5,4,4,2
bicycle,IS,44,male,7,paid_work,decile_5,5,1,3,6,7,3,4,3
walking,IS,32,male,3,paid_work,decile_4,5,1,1,0,7,5,6,4
gasoline_car,IS,51,female,4,sick_disabled,decile_2,5,1,2,3,0,3,2,2
gasoline_car,IS,35,male,3,paid_work,decile_4,5,2,3,7,2,4,5,2
electric_car,IS,63,male,7,paid_work,decile_9,5,1,1,0,7,4,5,4
gasoline_car,IS,66,male,5,paid_work,decile_3,4,1,3,8,5,3,3,3
electric_car,IS,77,male,2,housework,decile_4,4,1,2,2,6,5,6,1
gasoline_car,IS,50,female,6,paid_work,decile_8,5,1,4,9,9,6,6,1
electric_car,IS,46,male,6,paid_work,decile_7,5,2,3,2,6,3,2,4
electric_car,IS,42,female,7,paid_work,decile_9,5,1,4,9,6,2,6,2
electric_car,IS,71,female,7,housework,decile_7,5,1,3,5,3,2,5,3
electric_car,IS,75,male,7,retired,decile_7,4,1,3,2,5,3,6,3
electric_car,IS,46,female,5,paid_work,decile_9,5,2,2,7,5,3,3,3
gasoline_car,IS,59,male,3,paid_work,decile_6,5,1,4,7,5,4,5,2
gasoline_car,IS,57,male,2,paid_work,decile_2,5,1,3,5,6,3,5,4
gasoline_car,IS,78,female,7,retired,decile_3,5,1,3,5,1,4,6,3
gasoline_car,IS,52,female,6,paid_work,decile_8,5,2,4,10,2,4,5,3
electric_car,IS,59,male,3,paid_work,decile_7,5,2,4,3,4,3,4,2
bicycle,IS,34,male,4,education,decile_1,5,3,4,2,2,2,2,5
gasoline_car,IS,39,female,4,education,decile_4,5,1,3,7,2,4,4,3
electric_car,IS,65,female,7,paid_work,decile_8,5,1,4,7,6,4,5,1
electric_car,IS,60,female,7,paid_work,decile_4,5,2,3,7,2,5,5,4
electric_car,IS,78,male,3,retired,decile_3,3,2,3,5,5,5,5,3
gasoline_car,IS,62,female,3,paid_work,decile_4,5,1,2,7,4,3,5,3
electric_car,IS,85,male,5,retired,decile_4,5,1,3,8,5,4,5,2
walking,IS,69,female,2,paid_work,decile_6,2,1,3,5,8,4,5,3
bicycle,IS,77,male,5,retired,decile_5,5,1,4,5,5,3,6,3
walking,IS,74,female,2,retired,decile_1,5,1,2,8,9,1,5,2
gasoline_car,IS,39,male,7,paid_work,decile_7,5,2,3,4,9,3,4,2
electric_car,IS,58,male,3,paid_work,decile_9,5,1,2,5,0,5,6,5
gasoline_car,IS,50,male,5,paid_work,decile_10,5,1,2,2,5,3,5,4
gasoline_car,IS,58,female,3,paid_work,decile_6,5,1,2,2,4,3,5,4
electric_car,IS,43,female,7,paid_work,decile_7,5,3,4,10,6,1,4,3
electric_car,IS,79,male,3,retired,decile_3,5,1,3,8,5,5,6,4
electric_car,IS,67,female,6,sick_disabled,decile_5,5,1,5,8,5,5,6,1
electric_car,IS,47,female,5,paid_work,decile_9,5,1,3,5,5,5,2,3
gasoline_car,IS,84,male,3,retired,decile_5,4,1,4,5,7,4,5,2
public_transport,IS,69,female,2,paid_work,decile_3,5,2,3,0,9,4,6,5
gasoline_car,IS,27,female,4,education,decile_10,5,1,5,8,7,3,5,3
gasoline_car,IS,32,female,6,paid_work,decile_6,5,1,3,5,3,2,2,3
gasoline_car,IS,57,female,6,paid_work,decile_7,5,1,2,7,5,4,6,3
electric_car,IS,28,female,6,paid_work,decile_4,5,1,2,3,3,4,5,2
gasoline_car,IS,63,female,6,paid_work,decile_3,5,2,3,5,5,3,3,2
gasoline_car,IS,45,female,7,paid_work,decile_4,5,1,3,5,5,3,5,2
gasoline_car,IS,50,male,5,unemployed_looking,decile_1,5,2,1,5,10,2,4,4
gasoline_car,IS,54,female,3,paid_work,decile_5,4,2,3,5,5,5,3,3
electric_car,IS,49,male,7,paid_work,decile_9,5,1,2,1,5,2,5,1
bicycle,IS,41,male,5,paid_work,decile_6,5,1,3,2,5,4,6,4
gasoline_car,IS,78,male,5,retired,decile_2,5,2,3,7,7,4,6,3
electric_car,IS,67,male,2,paid_work,decile_7,5,1,1,1,5,1,5,3
electric_car,IS,37,female,6,paid_work,decile_7,5,2,3,6,2,3,4,4
electric_car,IS,66,male,5,sick_disabled,decile_4,5,2,3,10,7,5,6,3
gasoline_car,IS,38,male,3,paid_work,decile_8,5,1,3,0,0,0,4,5
gasoline_car,IS,76,male,5,paid_work,decile_4,4,1,2,7,8,5,6,3
gasoline_car,IS,45,male,3,paid_work,decile_4,5,1,2,5,5,6,3,4
gasoline_car,IS,81,male,5,retired,decile_4,5,1,3,6,5,5,6,3
gasoline_car,IS,62,female,1,paid_work,decile_7,5,1,3,5,3,3,5,3
gasoline_car,IS,41,female,7,paid_work,decile_8,5,3,4,8,1,3,5,2
electric_car,IS,62,male,6,paid_work,decile_5,2,1,4,7,8,4,5,2
walking,IS,60,male,3,paid_work,decile_2,5,1,2,1,3,1,5,4
gasoline_car,IS,46,female,7,paid_work,decile_10,5,1,4,7,2,5,5,3
electric_car,IS,83,male,5,retired,decile_4,4,2,3,7,5,3,4,3
gasoline_car,IS,44,female,5,paid_work,decile_8,5,2,5,7,9,5,0,4
walking,IS,84,male,5,retired,decile_6,4,1,2,8,5,5,5,2
electric_car,IS,52,female,7,paid_work,decile_8,5,1,4,9,6,5,6,3
gasoline_car,IS,70,male,6,paid_work,decile_4,5,1,4,10,2,5,6,1
gasoline_car,IS,36,female,6,paid_work,decile_5,5,2,4,8,4,4,5,2
electric_car,IS,50,female,7,paid_work,decile_10,5,2,4,7,5,3,2,3
gasoline_car,IS,26,male,4,education,decile_9,5,1,4,5,4,5,6,1
gasoline_car,IS,41,male,7,paid_work,decile_6,5,1,3,1,5,4,4,1
gasoline_car,IS,37,female,4,paid_work,decile_6,5,1,3,6,3,3,4,3
gasoline_car,IS,48,female,7,paid_work,decile_2,5,2,2,5,5,4,4,3
electric_car,IS,40,female,6,paid_work,decile_6,5,1,2,2,6,5,6,2
gasoline_car,IS,53,male,3,paid_work,decile_3,5,1,2,6,9,3,2,4
gasoline_car,IS,49,male,6,paid_work,decile_9,5,1,3,7,6,4,5,2
gasoline_car,IS,69,male,2,paid_work,decile_6,5,1,2,1,8,5,5,1
gasoline_car,IS,64,male,2,paid_work,decile_3,5,2,2,5,5,2,5,3
electric_car,IS,60,male,7,paid_work,decile_7,5,2,5,9,3,4,6,1
gasoline_car,IS,59,male,5,paid_work,decile_4,5,1,4,8,4,4,5,2
gasoline_car,IS,60,male,2,paid_work,decile_7,5,1,1,0,0,6,2,5
electric_car,IS,64,female,6,paid_work,decile_9,5,1,3,9,7,5,6,2
bicycle,IS,47,male,2,paid_work,decile_8,5,1,2,3,4,5,5,4
electric_car,IS,40,male,6,paid_work,decile_7,5,1,3,8,1,5,5,5
electric_car,IS,46,female,6,paid_work,decile_3,5,1,4,6,10,3,5,3
walking,IS,40,female,7,paid_work,decile_7,5,1,4,7,5,4,5,3
gasoline_car,IS,83,female,3,housework,decile_2,5,3,2,0,6,4,6,4
walking,IS,88,female,6,retired,decile_2,5,1,4,10,7,5,5,1
gasoline_car,IS,62,male,6,paid_work,decile_2,5,2,4,3,1,4,6,3
electric_car,IS,63,male,6,paid_work,decile_7,5,1,3,8,5,5,5,3
gasoline_car,IS,52,male,6,paid_work,decile_6,4,1,3,5,2,4,5,4
electric_car,IS,62,female,6,paid_work,decile_3,5,3,2,6,1,4,4,3
gasoline_car,IS,63,female,2,paid_work,decile_4,5,2,2,7,2,3,5,3
gasoline_car,IS,62,male,7,paid_work,decile_3,5,2,3,5,4,5,3,3
bicycle,IS,42,male,7,paid_work,decile_8,5,1,3,5,2,2,4,2
walking,IS,63,male,4,sick_disabled,decile_6,3,1,3,5,7,3,3,3
electric_car,IS,47,male,5,paid_work,decile_7,5,3,2,3,8,5,5,3
walking,IS,42,female,7,paid_work,decile_9,5,1,5,8,5,4,5,2
gasoline_car,IS,54,female,7,paid_work,decile_7,5,1,3,3,3,3,5,3
gasoline_car,IS,64,female,6,paid_work,decile_4,4,1,3,7,7,4,5,2
electric_car,IS,41,male,5,paid_work,decile_9,5,1,3,7,4,5,4,3
gasoline_car,IS,47,female,2,paid_work,decile_5,5,4,3,7,0,2,2,4
electric_car,IS,67,female,4,paid_work,decile_10,5,1,3,1,5,4,5,3
gasoline_car,IS,60,female,7,paid_work,decile_3,5,2,3,8,8,5,6,2
gasoline_car,IS,67,male,2,unemployed_looking,decile_3,5,2,2,2,7,5,5,4
electric_car,IS,64,male,6,paid_work,decile_9,5,1,1,0,4,5,5,5
gasoline_car,IS,61,female,3,paid_work,decile_3,5,3,3,7,7,4,3,3
electric_car,IS,75,female,7,retired,decile_6,4,1,5,10,8,4,5,2
electric_car,IS,24,female,4,education,decile_5,5,1,4,6,6,3,3,3
electric_car,IS,33,female,6,paid_work,decile_6,5,1,3,3,3,5,6,3
electric_car,IS,62,female,6,paid_work,decile_7,5,1,3,7,7,6,5,2
gasoline_car,IS,61,male,7,paid_work,decile_8,5,1,4,5,7,5,3,2
gasoline_car,IS,69,male,5,paid_work,decile_4,5,2,4,10,3,4,6,3
gasoline_car,IS,66,female,5,paid_work,decile_7,5,1,2,10,9,4,6,2
gasoline_car,IS,70,male,2,paid_work,decile_6,5,1,3,5,8,6,6,3
bicycle,IS,58,female,7,paid_work,decile_6,5,1,3,9,4,4,5,5
gasoline_car,IS,44,female,3,paid_work,decile_4,5,2,3,7,0,4,4,4
electric_car,IS,73,male,3,paid_work,decile_6,5,1,3,5,4,4,5,3
electric_car,IS,38,female,7,paid_work,decile_4,5,1,5,7,3,6,6,2
electric_car,IS,52,female,7,paid_work,decile_6,5,1,3,8,10,4,2,5
gasoline_car,IS,38,male,4,paid_work,decile_8,5,1,3,3,6,4,6,2
electric_car,IS,56,female,6,paid_work,decile_7,5,1,3,6,5,4,5,3
gasoline_car,IS,58,female,4,paid_work,decile_4,5,3,3,9,5,3,5,3
gasoline_car,IS,71,male,6,sick_disabled,decile_5,5,1,3,3,5,3,6,1
electric_car,IS,63,male,7,paid_work,decile_8,5,1,3,7,2,4,5,3
electric_car,IS,46,male,7,paid_work,decile_8,5,2,1,0,5,3,6,5
electric_car,IS,67,female,3,paid_work,decile_5,5,1,2,8,8,5,6,2
walking,IS,35,male,6,education,decile_6,5,1,3,6,2,5,5,2
gasoline_car,IS,37,male,4,paid_work,decile_4,5,2,5,8,0,3,4,3
electric_car,IS,65,male,2,paid_work,decile_5,5,1,2,0,6,3,5,5
gasoline_car,IS,29,male,6,paid_work,decile_4,5,1,1,4,3,5,5,5
walking,IS,55,female,7,paid_work,decile_7,5,1,4,8,2,4,6,2
electric_car,IS,87,male,6,retired,decile_6,5,1,4,7,8,5,4,3
electric_car,IS,44,male,7,paid_work,decile_4,5,1,3,6,5,5,5,3
electric_car,IS,54,female,6,paid_work,decile_7,5,1,4,10,5,5,6,3
electric_car,IS,64,female,7,paid_work,decile_4,5,1,3,7,7,4,6,2
gasoline_car,IS,48,female,2,housework,decile_7,4,1,3,5,4,2,5,4
electric_car,IS,50,female,2,paid_work,decile_5,5,2,3,8,6,3,5,3
gasoline_car,IS,40,female,2,education,decile_4,5,3,4,4,8,2,4,4
gasoline_car,IS,39,female,2,housework,decile_2,5,3,2,5,4,5,5,5
bicycle,IS,43,male,4,paid_work,decile_3,5,2,5,10,3,4,4,1
electric_car,IS,38,female,7,paid_work,decile_4,5,2,3,8,5,3,5,3
walking,IS,43,female,6,paid_work,decile_3,5,1,4,8,8,3,6,2
electric_car,IS,49,female,7,paid_work,decile_7,5,1,3,8,3,5,5,3
gasoline_car,IS,49,male,7,paid_work,decile_9,5,1,4,8,7,4,5,1
gasoline_car,IS,55,female,4,paid_work,decile_9,5,1,3,8,0,5,5,5
electric_car,IS,44,male,6,paid_work,decile_5,5,1,5,8,5,4,6,2
bicycle,IS,47,female,7,paid_work,decile_4,5,2,3,7,5,5,5,3
electric_car,IS,60,male,6,paid_work,decile_9,5,1,2,7,6,4,5,2
electric_car,IS,47,female,7,paid_work,decile_9,5,2,3,7,5,3,5,2
walking,IS,78,female,6,retired,decile_5,5,1,3,0,0,3,6,3
gasoline_car,IS,51,female,7,paid_work,decile_8,5,2,4,9,8,4,6,3
gasoline_car,IS,83,male,7,retired,decile_3,5,2,3,8,2,3,5,2
electric_car,IS,54,female,7,paid_work,decile_5,5,1,4,9,5,4,3,3
electric_car,IS,74,male,2,paid_work,decile_8,5,1,2,5,8,5,5,3
walking,IS,54,female,6,paid_work,decile_3,5,2,4,3,1,5,2,5
electric_car,IS,47,male,6,paid_work,decile_7,5,2,2,8,1,5,6,3
bicycle,IS,65,female,6,paid_work,decile_7,5,1,3,10,5,6,6,1
walking,IS,63,male,6,paid_work,decile_6,5,1,3,7,7,1,5,2
gasoline_car,IS,27,female,4,education,decile_4,5,1,2,4,5,1,5,4
gasoline_car,IS,54,female,6,paid_work,decile_8,5,1,3,7,5,3,5,2
electric_car,IS,59,female,7,paid_work,decile_4,5,1,3,8,3,5,6,2
gasoline_car,IS,31,male,4,paid_work,decile_8,4,1,4,6,0,4,4,2
gasoline_car,IS,81,female,2,retired,decile_3,5,1,3,8,9,5,6,2
public_transport,IS,37,female,6,paid_work,decile_5,5,2,4,5,6,4,5,2
electric_car,IS,53,male,6,paid_work,decile_9,5,1,4,7,8,3,4,3
gasoline_car,IS,41,female,4,housework,decile_3,5,2,2,3,0,2,4,4
gasoline_car,IS,82,female,6,retired,decile_4,4,1,4,5,0,5,6,3
electric_car,IS,56,female,6,paid_work,decile_7,5,1,3,9,7,5,6,2
gasoline_car,IS,62,female,3,paid_work,decile_4,4,2,2,3,4,5,2,4
electric_car,IS,75,male,2,sick_disabled,decile_4,5,2,3,5,5,3,4,3
electric_car,IS,71,male,5,paid_work,decile_9,5,1,3,8,5,4,6,4
gasoline_car,IS,37,female,5,paid_work,decile_7,5,1,1,5,5,6,6,2
gasoline_car,IS,38,male,2,paid_work,decile_9,5,1,1,0,0,3,6,5
gasoline_car,IS,45,female,7,paid_work,decile_4,5,2,4,10,1,3,4,3
walking,IS,57,female,6,paid_work,decile_7,5,1,2,3,6,5,5,3
public_transport,IS,70,female,4,housework,decile_3,5,1,1,5,8,2,6,3
gasoline_car,IS,60,female,2,paid_work,decile_2,5,2,3,2,3,3,2,4
gasoline_car,IS,48,female,7,paid_work,decile_9,5,1,4,7,7,6,5,3
electric_car,IS,67,male,7,sick_disabled,decile_6,5,1,4,8,7,5,5,4
gasoline_car,IS,55,female,7,paid_work,decile_8,5,1,3,3,4,1,6,4
gasoline_car,IS,56,male,5,paid_work,decile_4,5,1,3,5,4,3,5,5
walking,IS,58,female,7,paid_work,decile_10,5,2,3,7,5,6,6,2
electric_car,IS,73,male,5,unemployed_looking,decile_6,5,1,2,2,3,6,6,4
electric_car,IS,50,female,7,paid_work,decile_10,5,1,4,5,3,4,6,2
electric_car,IS,69,female,4,paid_work,decile_3,5,2,3,8,7,5,5,3
gasoline_car,IS,34,female,5,unemployed_looking,decile_9,5,1,3,5,5,2,3,4
gasoline_car,IS,43,female,6,paid_work,decile_3,5,3,3,4,5,2,4,2
electric_car,IS,33,male,4,paid_work,decile_7,5,1,4,5,2,4,5,4
gasoline_car,IS,76,male,3,retired,decile_4,3,1,1,0,5,3,6,1
electric_car,IS,55,female,7,sick_disabled,decile_1,5,3,4,9,7,4,4,2
gasoline_car,IS,71,male,3,housework,decile_2,5,1,2,8,4,3,5,5
electric_car,IS,69,male,3,paid_work,decile_4,5,1,3,8,5,5,6,1
walking,IS,52,female,2,paid_work,decile_6,4,1,3,7,5,4,4,4
walking,IS,26,female,3,paid_work,decile_7,5,1,4,7,9,5,4,2
electric_car,IS,70,male,6,paid_work,decile_10,5,1,5,9,6,5,6,1
walking,IS,72,female,7,paid_work,decile_2,5,2,4,8,5,1,3,3
gasoline_car,IS,56,male,6,paid_work,decile_7,5,1,3,7,5,2,4,3
electric_car,IS,67,female,2,sick_disabled,decile_10,5,1,1,6,9,4,6,3
gasoline_car,IS,35,female,4,paid_work,decile_5,5,1,3,8,6,5,4,3
electric_car,IS,53,female,6,paid_work,decile_8,5,1,5,7,5,3,3,3
walking,IS,71,female,7,retired,decile_6,3,1,4,9,5,5,4,2
bicycle,IS,48,female,7,paid_work,decile_7,5,1,5,2,7,4,4,2
bicycle,IS,35,male,7,paid_work,decile_7,5,1,3,5,7,4,6,2
bicycle,IS,54,female,6,paid_work,decile_8,5,1,4,7,7,4,5,3
bicycle,IS,64,male,7,paid_work,decile_8,5,1,1,0,5,3,6,5
electric_car,IS,54,female,2,paid_work,decile_5,5,2,3,8,1,3,6,3
gasoline_car,IS,57,male,7,paid_work,decile_10,5,1,1,0,5,6,6,4
gasoline_car,IS,50,male,3,paid_work,decile_6,5,1,3,7,1,5,5,4
electric_car,IS,55,male,2,sick_disabled,decile_5,5,1,4,7,4,3,3,2
gasoline_car,IS,50,male,2,paid_work,decile_5,5,1,2,0,0,0,6,3
gasoline_car,IS,52,female,6,paid_work,decile_5,5,1,3,7,5,3,5,3
walking,IS,55,female,4,paid_work,decile_8,5,1,3,7,3,5,5,2
electric_car,IS,48,male,6,paid_work,decile_9,5,1,4,8,4,4,6,3
gasoline_car,IS,45,female,6,paid_work,decile_7,5,2,3,6,5,5,5,2
electric_car,IS,63,male,7,paid_work,decile_10,5,1,4,10,4,5,6,2
gasoline_car,IS,27,male,4,education,decile_3,5,1,5,7,5,4,2,3
electric_car,IS,42,female,7,paid_work,decile_7,5,1,4,8,6,5,5,3
gasoline_car,IS,54,female,6,housework,decile_7,5,1,3,8,5,3,6,3
gasoline_car,IS,62,male,6,unemployed_looking,decile_1,5,3,1,0,5,1,0,5
gasoline_car,IS,83,female,7,retired,decile_6,5,1,4,7,8,4,5,3
gasoline_car,IS,72,female,2,housework,decile_6,5,1,2,5,5,4,5,3
gasoline_car,IS,58,male,5,paid_work,decile_10,5,4,1,0,5,5,5,4
electric_car,IS,70,male,2,retired,decile_3,5,2,2,2,7,3,4,4
public_transport,IS,35,male,6,paid_work,decile_5,5,2,4,4,9,2,5,2
gasoline_car,IS,59,female,3,paid_work,decile_4,4,1,3,4,8,4,5,2
electric_car,IS,57,male,2,paid_work,decile_6,5,1,2,5,0,3,5,5
gasoline_car,IS,53,male,6,paid_work,decile_3,5,1,2,5,3,3,5,2
bicycle,IS,34,female,7,education,decile_3,5,1,4,8,8,5,5,2
gasoline_car,IS,56,female,6,paid_work,decile_7,5,1,2,3,4,2,4,4
electric_car,IS,76,male,5,retired,decile_5,5,1,1,0,2,4,5,5
gasoline_car,IS,73,male,5,other,decile_2,5,1,1,0,3,3,5,4
walking,IS,46,female,4,paid_work,decile_7,5,1,4,5,7,5,5,3
electric_car,IS,68,female,6,paid_work,decile_7,5,1,4,7,6,5,6,2
electric_car,IS,59,female,6,paid_work,decile_4,5,1,3,5,5,4,5,4
gasoline_car,IS,73,female,2,retired,decile_4,5,1,2,4,5,3,5,3
electric_car,IS,54,female,7,paid_work,decile_5,5,1,3,6,4,4,6,3
gasoline_car,IS,33,male,3,paid_work,decile_9,5,1,2,3,5,6,3,3
gasoline_car,IS,63,female,2,sick_disabled,decile_5,5,1,3,6,5,4,6,3
electric_car,IS,28,male,6,unemployed_looking,decile_10,5,1,3,0,3,4,1,4
electric_car,IS,55,female,6,paid_work,decile_5,5,2,3,6,1,3,0,2
gasoline_car,IS,73,male,5,retired,decile_6,5,1,2,5,5,3,5,3
bicycle,IS,47,male,6,paid_work,decile_8,5,2,3,7,8,5,4,2
walking,IS,80,female,7,retired,decile_3,5,1,4,8,7,4,6,3
gasoline_car,IS,51,female,7,paid_work,decile_7,5,2,3,4,2,4,5,3
electric_car,IS,77,female,7,retired,decile_5,5,1,2,8,5,5,5,2
public_transport,IS,44,male,7,unemployed_looking,decile_2,5,1,4,9,9,5,5,2
bicycle,IS,27,male,4,paid_work,decile_5,5,2,2,0,6,1,2,2
electric_car,IS,36,female,7,housework,decile_7,5,1,3,7,9,4,5,3
electric_car,IS,56,female,7,paid_work,decile_9,5,1,4,8,2,5,5,2
gasoline_car,IS,77,male,1,retired,decile_3,2,1,2,0,0,4,6,4
bicycle,IS,39,female,7,paid_work,decile_6,5,1,3,7,5,4,4,3
gasoline_car,IS,68,male,3,sick_disabled,decile_5,5,1,3,6,3,3,3,3
public_transport,IS,70,male,3,paid_work,decile_9,5,1,3,5,4,3,6,2
gasoline_car,IS,34,female,6,paid_work,decile_4,5,1,3,7,5,3,6,2
gasoline_car,IS,63,male,5,paid_work,decile_5,5,1,1,0,2,4,5,5
gasoline_car,IS,69,female,5,paid_work,decile_4,5,3,3,5,3,2,6,5
electric_car,IS,72,male,5,housework,decile_4,5,1,3,6,5,5,4,2
electric_car,IS,68,male,5,paid_work,decile_7,4,1,4,8,2,4,5,2
bicycle,IS,48,male,3,paid_work,decile_6,5,1,2,6,7,3,3,3
gasoline_car,IS,86,male,5,retired,decile_7,5,1,2,3,10,3,4,2
electric_car,IS,80,female,6,retired,decile_8,5,1,3,7,5,6,5,3
gasoline_car,IS,52,female,7,paid_work,decile_4,5,2,3,2,2,3,3,3
electric_car,IS,57,female,3,paid_work,decile_8,5,1,2,8,7,3,6,3
electric_car,IS,44,female,3,paid_work,decile_8,5,1,3,5,1,4,4,3
electric_car,IS,81,male,5,retired,decile_5,5,1,1,5,5,0,6,2
gasoline_car,IS,82,female,2,retired,decile_4,5,1,1,5,2,3,6,4
electric_car,IS,80,female,4,retired,decile_3,5,2,3,8,1,1,3,2
walking,IS,53,male,3,paid_work,decile_6,3,1,3,7,7,4,6,3
electric_car,IS,78,male,6,retired,decile_5,5,1,3,3,8,4,5,2
gasoline_car,IS,47,male,2,sick_disabled,decile_3,5,4,3,5,0,3,0,4
walking,IS,60,female,7,paid_work,decile_7,5,1,3,6,5,3,6,2
gasoline_car,IS,71,male,6,retired,decile_6,2,1,3,5,5,3,5,2
gasoline_car,IS,63,male,7,paid_work,decile_8,5,1,2,7,7,5,6,5
electric_car,IS,68,male,3,paid_work,decile_4,5,1,2,5,5,4,5,3
walking,IS,65,female,6,paid_work,decile_7,5,1,4,9,8,6,6,2
gasoline_car,IS,48,female,6,paid_work,decile_6,5,1,3,7,0,4,6,2
electric_car,IS,40,male,7,paid_work,decile_7,5,1,4,5,5,5,6,3
gasoline_car,IS,45,female,6,paid_work,decile_3,5,2,3,5,3,3,6,3
electric_car,IS,63,male,7,sick_disabled,decile_5,5,1,3,4,5,2,4,3
walking,IS,35,female,6,paid_work,decile_9,5,1,3,6,9,3,4,2
electric_car,IS,52,female,7,paid_work,decile_10,5,1,3,7,8,4,5,4
electric_car,IS,81,male,5,retired,decile_2,5,2,2,5,4,1,4,2
electric_car,IS,68,male,7,paid_work,decile_4,5,1,4,8,5,4,5,2
electric_car,IS,50,male,7,paid_work,decile_9,5,1,2,2,2,3,3,3
electric_car,IS,47,female,7,paid_work,decile_10,5,1,4,8,2,5,6,2
gasoline_car,IS,58,female,4,paid_work,decile_1,5,3,4,8,1,3,5,3
electric_car,IS,51,female,3,paid_work,decile_10,5,1,3,7,4,4,5,3
walking,IS,42,male,7,paid_work,decile_4,5,1,4,6,2,4,4,3
gasoline_car,IS,32,female,4,paid_work,decile_4,5,1,4,9,2,4,5,4
bicycle,IS,60,male,7,paid_work,decile_7,5,2,3,8,8,4,6,3
electric_car,IS,70,male,5,paid_work,decile_4,5,1,3,7,6,4,5,3
electric_car,IS,35,female,7,housework,decile_6,5,1,2,2,6,5,5,2
electric_car,IS,56,female,7,paid_work,decile_10,5,2,3,5,3,3,2,2
walking,IS,73,female,3,retired,decile_1,5,2,3,7,6,0,1,2
gasoline_car,IS,57,male,3,paid_work,decile_4,5,3,3,9,7,3,4,2
bicycle,IS,63,female,7,paid_work,decile_10,5,1,4,10,9,5,5,1
gasoline_car,IS,51,male,6,paid_work,decile_9,5,1,2,7,5,5,6,3
gasoline_car,IS,70,female,2,retired,decile_3,4,2,3,7,5,5,6,3
gasoline_car,IS,44,female,6,paid_work,decile_3,5,2,2,1,1,4,4,4
bicycle,IS,50,male,6,paid_work,decile_5,5,2,2,6,7,5,6,4
electric_car,IS,56,female,7,paid_work,decile_10,5,1,2,5,4,4,5,3
electric_car,IS,52,female,7,paid_work,decile_8,5,1,4,8,6,5,6,2
electric_car,IS,54,female,6,paid_work,decile_7,5,1,4,9,8,3,4,1
electric_car,IS,33,female,7,paid_work,decile_6,5,1,4,4,6,3,5,2
electric_car,IS,68,female,6,sick_disabled,decile_5,5,1,4,9,5,5,4,4
gasoline_car,IS,68,female,3,housework,decile_6,5,1,3,5,2,4,6,3
gasoline_car,IS,52,male,6,paid_work,decile_6,5,1,2,7,2,2,5,2
electric_car,IS,43,female,5,paid_work,decile_6,5,2,3,6,6,3,4,4
electric_car,IS,74,male,7,retired,decile_9,4,1,4,7,6,5,5,2
electric_car,IS,76,female,6,retired,decile_8,4,1,3,7,8,5,5,2
gasoline_car,IS,47,female,7,housework,decile_5,5,3,2,4,7,5,4,2
gasoline_car,IS,44,female,7,paid_work,decile_2,5,2,3,2,2,3,4,3
electric_car,IS,58,female,7,paid_work,decile_10,5,1,5,10,1,3,3,2
bicycle,IS,58,female,5,paid_work,decile_8,5,1,3,6,8,4,6,3
gasoline_car,IS,58,male,2,sick_disabled,decile_2,5,2,2,4,5,6,5,1
gasoline_car,IS,48,male,2,paid_work,decile_7,5,1,3,6,0,2,5,4
gasoline_car,IS,46,female,7,paid_work,decile_5,5,2,4,7,6,5,5,3
electric_car,IS,54,male,2,paid_work,decile_6,5,1,2,5,1,3,4,3
gasoline_car,IS,54,male,7,paid_work,decile_9,5,1,3,8,8,5,4,4
gasoline_car,IS,26,female,4,paid_work,decile_8,5,1,4,8,7,5,5,4
electric_car,PT,30,female,4,paid_work,decile_5,5,2,3,5,0,4,2,3
walking,PT,38,male,4,paid_work,decile_5,5,4,4,7,2,3,4,5
gasoline_car,PT,52,male,7,paid_work,decile_6,5,2,3,4,7,1,3,4
public_transport,PT,72,female,6,retired,decile_1,5,3,4,8,8,4,4,2
gasoline_car,PT,41,female,4,unemployed_not_looking,decile_1,5,4,3,9,0,4,5,3
gasoline_car,PT,43,male,2,paid_work,decile_4,5,3,4,5,7,5,6,3
walking,PT,46,female,1,paid_work,decile_8,4,2,3,0,0,3,4,3
gasoline_car,PT,43,female,5,unemployed_not_looking,decile_6,3,1,3,7,5,5,3,3
gasoline_car,PT,70,male,4,retired,decile_6,5,2,2,7,8,4,4,3
gasoline_car,PT,49,male,4,paid_work,decile_6,5,2,4,10,0,0,5,3
electric_car,PT,36,male,4,sick_disabled,decile_4,4,3,3,5,5,3,4,4
gasoline_car,PT,45,female,4,paid_work,decile_4,5,3,3,7,4,4,3,3
gasoline_car,PT,57,male,2,paid_work,decile_7,3,3,4,2,0,1,1,3
gasoline_car,PT,39,female,1,paid_work,decile_5,5,3,5,10,2,4,3,4
gasoline_car,PT,41,male,4,paid_work,decile_9,5,1,2,5,2,2,4,2
gasoline_car,PT,54,male,2,unemployed_looking,decile_5,5,3,4,10,0,6,6,4
gasoline_car,PT,61,female,7,paid_work,decile_8,5,2,4,6,6,3,3,3
gasoline_car,PT,26,male,5,paid_work,decile_6,5,2,4,7,7,4,4,4
gasoline_car,PT,50,female,1,unemployed_not_looking,decile_3,3,4,3,5,3,2,2,5
gasoline_car,PT,42,female,4,paid_work,decile_3,3,3,3,5,1,4,4,3
public_transport,PT,37,female,7,paid_work,decile_3,5,4,4,6,10,4,4,3
public_transport,PT,53,female,4,housework,decile_4,5,3,4,10,1,3,3,3
gasoline_car,PT,77,male,1,retired,decile_3,5,2,3,5,4,4,5,3
gasoline_car,PT,31,female,4,unemployed_looking,decile_3,5,2,4,7,0,5,5,2
gasoline_car,PT,80,male,4,retired,decile_9,5,1,4,8,8,4,3,2
walking,PT,56,female,4,paid_work,decile_4,5,2,3,9,8,5,5,2
gasoline_car,PT,47,female,7,paid_work,decile_9,5,3,3,6,9,4,5,3
public_transport,PT,39,female,4,paid_work,decile_8,5,2,3,7,8,6,4,3
gasoline_car,PT,55,female,4,paid_work,decile_8,2,2,4,7,3,3,5,4
gasoline_car,PT,34,female,7,housework,decile_5,5,3,3,5,2,0,4,2
walking,PT,42,female,4,paid_work,decile_6,5,2,3,5,5,4,4,3
public_transport,PT,51,female,6,paid_work,decile_3,5,3,5,8,3,3,4,2
gasoline_car,PT,63,male,4,paid_work,decile_7,5,2,4,9,7,2,4,4
gasoline_car,PT,42,male,7,paid_work,decile_5,5,1,4,6,4,3,5,3
public_transport,PT,37,male,6,education,decile_6,5,2,2,4,4,2,2,2
walking,PT,37,female,6,paid_work,decile_7,5,2,3,1,6,4,5,3
gasoline_car,PT,53,male,2,sick_disabled,decile_5,5,3,3,4,7,3,3,3
public_transport,PT,49,male,2,unemployed_not_looking,decile_5,5,3,4,6,2,2,2,4
public_transport,PT,62,female,4,paid_work,decile_9,5,3,5,10,3,3,4,2
gasoline_car,PT,52,female,4,paid_work,decile_5,5,2,3,5,8,4,4,3
gasoline_car,PT,36,female,2,paid_work,decile_4,5,2,4,7,0,2,2,3
gasoline_car,PT,64,female,2,housework,decile_3,5,1,5,10,3,4,5,2
gasoline_car,PT,52,female,2,paid_work,decile_6,5,1,3,8,7,4,5,3
gasoline_car,PT,69,female,2,retired,decile_2,5,4,3,8,4,4,3,3
gasoline_car,PT,41,female,4,unemployed_looking,decile_6,5,2,2,5,7,3,5,3
electric_car,PT,61,male,7,paid_work,decile_5,5,2,3,8,3,4,5,2
gasoline_car,PT,27,female,4,paid_work,decile_4,5,2,3,7,8,4,4,1
walking,PT,42,female,4,paid_work,decile_5,5,3,3,7,10,2,0,4
walking,PT,38,female,4,unemployed_looking,decile_4,3,3,3,7,2,3,3,4
gasoline_car,PT,35,female,4,paid_work,decile_4,5,1,4,10,3,4,3,3
public_transport,PT,44,female,4,unemployed_looking,decile_4,5,2,4,7,1,1,3,1
walking,PT,71,male,7,retired,decile_9,5,2,5,8,7,4,5,4
gasoline_car,PT,41,female,2,unemployed_looking,decile_4,5,2,4,7,8,4,4,4
gasoline_car,PT,43,female,4,paid_work,decile_6,5,3,3,3,3,3,4,3
walking,PT,37,female,4,paid_work,decile_5,5,2,3,10,0,0,6,3
gasoline_car,PT,64,male,4,paid_work,decile_6,5,2,3,6,5,3,2,3
public_transport,PT,24,female,4,education,decile_4,5,1,4,6,5,3,3,3
gasoline_car,PT,31,male,4,paid_work,decile_8,5,2,3,3,5,5,4,3
electric_car,PT,37,male,7,paid_work,decile_10,5,1,3,7,0,2,3,3
gasoline_car,PT,57,female,2,unemployed_looking,decile_4,5,2,5,10,5,4,3,3
bicycle,PT,82,male,1,retired,decile_3,4,2,5,10,1,3,5,2
gasoline_car,PT,58,male,1,paid_work,decile_7,5,2,4,5,5,3,6,2
gasoline_car,PT,63,male,1,paid_work,decile_5,5,2,5,8,8,5,4,5
public_transport,PT,70,male,1,retired,decile_3,3,2,4,7,5,3,2,2
walking,PT,53,female,7,paid_work,decile_9,5,1,5,10,9,5,6,2
gasoline_car,PT,32,male,7,paid_work,decile_7,5,2,3,5,3,4,4,3
gasoline_car,PT,83,male,2,paid_work,decile_9,5,2,4,5,10,2,5,2
gasoline_car,PT,31,female,7,paid_work,decile_6,5,1,2,6,5,3,5,3
gasoline_car,PT,36,female,4,paid_work,decile_9,5,2,3,10,5,3,3,3
gasoline_car,PT,56,male,4,paid_work,decile_3,5,4,3,7,1,6,3,5
gasoline_car,PT,37,female,6,education,decile_4,5,2,5,10,3,5,4,3
electric_car,PT,69,male,7,retired,decile_9,5,1,5,10,7,3,6,2
gasoline_car,PT,27,female,4,paid_work,decile_10,5,1,3,8,3,4,5,3
gasoline_car,PT,43,male,5,paid_work,decile_6,5,3,3,6,7,3,4,2
walking,PT,36,female,6,paid_work,decile_6,5,2,3,8,2,5,5,4
gasoline_car,PT,40,female,4,paid_work,decile_2,5,2,4,8,5,6,6,3
gasoline_car,PT,46,male,6,paid_work,decile_8,5,2,4,5,5,5,5,3
public_transport,PT,76,female,6,retired,decile_7,2,1,3,7,4,0,0,4
gasoline_car,PT,53,male,1,paid_work,decile_9,5,2,3,5,10,1,3,3
gasoline_car,PT,28,female,7,paid_work,decile_5,5,1,5,7,4,4,4,4
gasoline_car,PT,68,female,4,paid_work,decile_6,5,2,3,7,5,3,3,3
gasoline_car,PT,55,male,2,paid_work,decile_9,5,3,3,7,2,2,3,3
public_transport,PT,23,female,4,education,decile_1,5,2,2,2,5,4,3,2
gasoline_car,PT,50,male,4,unemployed_looking,decile_4,5,4,5,10,0,6,2,5
gasoline_car,PT,64,female,7,paid_work,decile_4,5,1,4,8,2,2,5,2
public_transport,PT,72,female,5,paid_work,decile_6,5,3,4,6,3,1,4,3
gasoline_car,PT,30,male,7,paid_work,decile_8,5,2,3,6,5,3,4,2
gasoline_car,PT,66,female,2,retired,decile_9,5,2,3,6,3,2,4,3
walking,PT,50,female,5,paid_work,decile_5,5,1,3,2,10,2,4,2
public_transport,PT,64,female,4,paid_work,decile_2,4,3,3,10,0,0,1,5
gasoline_car,PT,47,female,4,paid_work,decile_2,3,2,4,7,5,2,4,3
gasoline_car,PT,34,male,7,paid_work,decile_8,5,1,4,8,8,3,4,2
public_transport,PT,59,female,1,unemployed_looking,decile_2,5,3,2,5,0,2,2,2
gasoline_car,PT,56,female,2,paid_work,decile_5,4,4,4,10,3,1,3,4
gasoline_car,PT,58,female,7,paid_work,decile_5,4,2,3,9,4,1,5,2
gasoline_car,PT,36,female,4,paid_work,decile_4,5,2,3,9,10,4,4,3
gasoline_car,PT,42,female,4,paid_work,decile_2,5,4,3,5,3,3,2,2
walking,PT,76,male,4,retired,decile_6,5,2,3,9,5,3,3,3
gasoline_car,PT,56,male,1,sick_disabled,decile_5,5,3,3,9,5,3,3,3
gasoline_car,PT,57,female,1,paid_work,decile_6,5,2,2,0,8,4,4,2
electric_car,PT,52,male,6,paid_work,decile_8,5,2,3,7,3,4,3,4
walking,PT,74,female,5,retired,decile_6,5,2,4,5,5,1,1,4
electric_car,PT,43,male,7,paid_work,decile_10,5,2,4,7,2,5,5,2
public_transport,PT,35,female,5,paid_work,decile_8,5,2,4,7,9,4,6,2
gasoline_car,PT,38,female,7,paid_work,decile_7,5,2,3,7,6,4,4,3
gasoline_car,PT,49,female,7,paid_work,decile_10,5,1,4,10,5,5,2,3
gasoline_car,PT,43,female,6,paid_work,decile_10,5,2,4,9,7,5,5,4
gasoline_car,PT,77,female,4,retired,decile_3,5,3,5,5,5,1,0,4
walking,PT,40,male,7,paid_work,decile_8,5,1,3,5,5,3,3,3
gasoline_car,PT,57,male,5,paid_work,decile_7,4,2,3,6,7,4,5,2
gasoline_car,PT,51,male,2,paid_work,decile_7,5,1,3,8,4,4,5,2
gasoline_car,PT,39,male,2,paid_work,decile_5,5,2,3,10,10,4,4,1
gasoline_car,PT,43,female,6,paid_work,decile_3,5,2,4,7,6,5,4,3
electric_car,PT,58,male,1,retired,decile_2,4,2,4,8,3,2,4,3
walking,PT,55,male,7,sick_disabled,decile_9,5,2,5,10,8,3,0,1
gasoline_car,PT,49,female,6,paid_work,decile_9,5,2,4,10,5,3,3,3
gasoline_car,PT,62,male,2,paid_work,decile_10,5,1,4,9,6,3,5,2
public_transport,PT,49,female,7,paid_work,decile_8,4,1,3,5,8,4,4,2
walking,PT,68,male,7,paid_work,decile_10,5,1,5,10,5,2,4,3
gasoline_car,PT,50,female,7,paid_work,decile_10,5,2,4,9,5,3,4,2
walking,PT,47,female,7,paid_work,decile_3,5,2,4,8,3,3,6,2
gasoline_car,PT,44,male,6,paid_work,decile_10,5,1,4,7,2,4,5,2
walking,PT,70,female,7,retired,decile_9,5,1,3,7,7,3,6,1
gasoline_car,PT,38,female,4,paid_work,decile_3,5,2,3,7,7,4,5,4
gasoline_car,PT,36,female,7,paid_work,decile_6,5,2,4,10,4,3,5,3
electric_car,PT,53,female,7,paid_work,decile_5,5,2,4,8,6,4,3,2
gasoline_car,PT,35,female,4,paid_work,decile_5,5,3,4,4,5,3,5,3
public_transport,PT,46,female,4,paid_work,decile_3,5,3,2,2,6,5,2,4
public_transport,PT,47,male,2,paid_work,decile_5,5,2,3,6,8,3,5,3
walking,PT,70,male,2,sick_disabled,decile_2,5,3,5,10,8,1,0,3
gasoline_car,PT,59,male,7,paid_work,decile_10,5,1,4,8,5,3,4,2
gasoline_car,PT,33,male,4,paid_work,decile_10,5,1,2,3,0,5,5,3
gasoline_car,PT,43,female,6,paid_work,decile_9,5,2,3,8,8,4,5,2
gasoline_car,PT,56,female,7,paid_work,decile_10,5,2,4,10,6,3,3,2
gasoline_car,PT,35,female,7,paid_work,decile_5,5,2,4,10,5,4,5,4
gasoline_car,PT,38,female,5,education,decile_6,5,2,3,7,1,2,2,3
gasoline_car,PT,43,female,2,paid_work,decile_7,5,2,2,6,3,4,6,4
gasoline_car,PT,44,female,2,paid_work,decile_5,5,3,5,5,10,3,3,3
gasoline_car,PT,25,female,6,education,decile_7,5,2,3,8,6,4,5,5
public_transport,PT,57,female,2,unemployed_looking,decile_9,5,3,3,5,3,2,2,5
gasoline_car,PT,64,female,1,paid_work,decile_3,2,2,4,6,5,3,3,2
gasoline_car,PT,77,male,2,retired,decile_7,2,2,4,7,6,3,4,3
gasoline_car,PT,60,male,4,paid_work,decile_5,5,2,5,10,9,5,4,3
gasoline_car,PT,34,male,6,paid_work,decile_10,5,1,5,9,9,5,5,2
gasoline_car,PT,53,female,7,unemployed_looking,decile_4,5,2,3,5,5,2,2,3
gasoline_car,PT,68,female,1,retired,decile_3,5,3,4,10,2,4,4,3
gasoline_car,PT,39,male,2,unemployed_looking,decile_6,5,3,1,0,2,2,0,3
walking,PT,65,female,4,retired,decile_6,5,2,3,5,5,1,5,3
walking,PT,36,female,4,paid_work,decile_5,5,2,4,8,4,2,5,3
public_transport,PT,53,male,7,paid_work,decile_10,5,1,4,10,6,4,6,3
gasoline_car,PT,44,male,5,paid_work,decile_6,5,2,4,7,3,4,5,2
gasoline_car,PT,49,female,7,paid_work,decile_6,5,2,3,8,3,5,5,3
gasoline_car,PT,48,female,7,paid_work,decile_5,5,2,5,9,6,4,5,2
electric_car,PT,49,female,4,paid_work,decile_8,5,1,5,8,1,6,4,1
public_transport,PT,61,male,2,paid_work,decile_9,5,3,5,6,5,1,3,3
gasoline_car,PT,27,female,6,paid_work,decile_6,5,3,3,6,3,2,3,3
gasoline_car,PT,44,female,7,paid_work,decile_10,5,1,4,8,1,4,6,4
gasoline_car,PT,34,female,6,paid_work,decile_8,5,2,4,5,2,2,4,3
gasoline_car,PT,28,female,7,paid_work,decile_5,5,2,4,10,3,4,5,1
gasoline_car,PT,42,female,4,paid_work,decile_7,5,2,3,6,5,4,4,3
bicycle,PT,43,female,7,other,decile_10,5,1,4,7,1,2,4,3
gasoline_car,PT,59,male,4,unemployed_looking,decile_7,5,2,2,4,5,3,3,3
gasoline_car,PT,51,male,2,paid_work,decile_7,5,2,4,8,6,4,5,3
walking,PT,26,male,7,education,decile_3,5,2,2,2,8,0,5,4
gasoline_car,PT,43,male,2,paid_work,decile_8,5,1,2,4,7,3,3,2
walking,PT,51,female,2,paid_work,decile_6,5,2,5,10,4,3,4,3
electric_car,PT,61,male,2,paid_work,decile_10,5,1,4,9,3,1,5,1
walking,PT,39,female,7,paid_work,decile_3,5,2,5,10,9,3,5,2
public_transport,PT,48,female,1,paid_work,decile_6,5,3,1,0,10,0,6,4
gasoline_car,PT,62,male,2,paid_work,decile_7,3,1,3,7,3,4,5,2
gasoline_car,PT,68,male,7,other,decile_7,4,2,5,8,4,2,4,3
electric_car,PT,27,female,4,paid_work,decile_8,5,2,5,8,6,3,5,3
gasoline_car,PT,57,female,4,paid_work,decile_7,5,2,5,8,4,6,5,5
walking,PT,51,female,7,paid_work,decile_8,5,2,4,10,9,5,5,3
public_transport,PT,60,female,6,paid_work,decile_5,4,2,3,6,5,4,3,4
public_transport,PT,57,female,7,paid_work,decile_6,5,2,3,9,6,4,4,2
gasoline_car,PT,57,female,4,paid_work,decile_8,5,1,4,8,6,3,4,4
gasoline_car,PT,55,female,4,paid_work,decile_8,5,1,4,3,8,0,5,2
gasoline_car,PT,45,male,4,paid_work,decile_7,5,3,5,8,8,4,4,3
walking,PT,59,male,4,paid_work,decile_8,5,3,3,5,5,1,5,3
gasoline_car,PT,54,female,1,unemployed_looking,decile_3,5,4,4,10,2,4,4,3
gasoline_car,PT,60,male,7,paid_work,decile_9,5,2,3,7,2,3,4,3
gasoline_car,PT,62,male,2,paid_work,decile_2,5,4,3,9,2,5,5,3
public_transport,PT,49,female,6,paid_work,decile_4,5,3,3,8,7,4,3,5
walking,PT,71,female,1,retired,decile_6,4,2,4,10,10,3,6,2
walking,PT,67,female,2,retired,decile_5,5,2,3,8,8,5,5,3
gasoline_car,PT,62,female,4,other,decile_6,4,2,3,7,7,2,6,3
electric_car,PT,81,male,1,retired,decile_5,5,1,5,10,4,0,3,2
gasoline_car,PT,45,female,4,paid_work,decile_6,5,2,3,5,7,3,5,3
gasoline_car,PT,43,male,1,paid_work,decile_2,5,2,3,5,0,2,4,3
gasoline_car,PT,71,male,2,retired,decile_4,2,2,2,3,6,6,6,1
gasoline_car,PT,48,female,6,paid_work,decile_10,5,2,3,7,5,5,4,4
gasoline_car,PT,35,female,2,paid_work,decile_5,5,2,3,6,8,5,5,3
gasoline_car,PT,70,male,5,paid_work,decile_7,5,2,4,8,9,5,5,3
walking,PT,80,male,1,retired,decile_3,5,2,4,10,4,6,3,3
walking,PT,40,female,4,paid_work,decile_6,5,1,4,8,2,3,2,3
gasoline_car,PT,56,male,4,paid_work,decile_7,5,2,3,9,6,4,5,2
walking,PT,42,female,7,paid_work,decile_8,5,1,3,5,4,3,3,4
gasoline_car,PT,77,male,6,retired,decile_10,5,1,3,7,5,3,1,3
gasoline_car,PT,58,male,1,unemployed_not_looking,decile_5,5,3,4,8,6,3,4,3
public_transport,PT,53,female,4,paid_work,decile_9,5,1,3,5,0,3,4,3
electric_car,PT,56,female,7,paid_work,decile_6,5,2,4,7,0,6,6,4
gasoline_car,PT,38,male,5,paid_work,decile_6,5,2,3,5,0,4,4,3
walking,PT,47,female,4,paid_work,decile_6,5,2,2,5,5,4,4,4
public_transport,PT,42,male,6,paid_work,decile_9,5,1,4,7,1,2,4,3
walking,PT,34,female,7,paid_work,decile_6,5,1,5,8,5,5,5,2
gasoline_car,PT,74,female,2,retired,decile_8,5,2,5,7,0,4,5,4
gasoline_car,PT,50,male,5,unemployed_not_looking,decile_4,5,2,3,5,5,2,2,3
gasoline_car,PT,68,male,7,paid_work,decile_10,5,2,3,8,3,3,5,3
walking,PT,49,male,7,paid_work,decile_10,5,1,4,8,4,4,5,3
gasoline_car,PT,49,female,6,unemployed_looking,decile_8,5,1,5,7,5,4,1,3
gasoline_car,PT,48,male,7,paid_work,decile_10,5,2,4,2,0,0,4,2
gasoline_car,PT,74,male,1,retired,decile_5,5,2,2,4,7,2,5,2
gasoline_car,PT,34,female,6,paid_work,decile_5,5,3,5,6,0,4,4,3
gasoline_car,PT,61,female,2,sick_disabled,decile_6,5,3,4,6,9,3,3,3
walking,PT,56,female,5,paid_work,decile_7,5,1,3,6,0,4,4,4
gasoline_car,PT,47,female,4,paid_work,decile_7,5,2,4,5,5,2,5,4
gasoline_car,PT,25,male,4,unemployed_not_looking,decile_3,5,2,4,7,4,3,4,2
gasoline_car,PT,36,male,6,paid_work,decile_8,5,2,3,6,4,5,6,3
gasoline_car,PT,49,male,4,paid_work,decile_3,2,2,5,3,5,2,4,4
gasoline_car,PT,28,male,6,unemployed_looking,decile_6,5,2,1,0,7,4,5,4
walking,PT,59,female,4,paid_work,decile_7,5,1,4,10,5,3,2,3
gasoline_car,PT,63,female,6,paid_work,decile_7,5,2,4,8,8,3,5,2
electric_car,SI,60,male,6,paid_work,decile_10,5,1,4,10,5,6,6,2
gasoline_car,SI,45,male,6,paid_work,decile_6,5,2,5,4,4,1,3,5
gasoline_car,SI,36,female,4,paid_work,decile_4,5,2,3,7,6,3,2,3
gasoline_car,SI,26,male,4,paid_work,decile_3,5,2,2,5,5,3,4,2
gasoline_car,SI,45,male,4,paid_work,decile_5,5,2,3,7,7,3,5,3
gasoline_car,SI,41,male,6,paid_work,decile_6,5,1,3,4,3,4,5,3
gasoline_car,SI,56,male,6,paid_work,decile_9,4,1,4,9,8,3,5,3
walking,SI,25,female,4,paid_work,decile_10,5,1,4,10,8,3,4,5
electric_car,SI,64,male,7,paid_work,decile_10,5,1,3,6,5,3,3,2
gasoline_car,SI,47,female,6,paid_work,decile_6,5,1,2,5,8,6,4,2
bicycle,SI,29,female,4,paid_work,decile_9,5,1,4,7,4,1,4,2
gasoline_car,SI,74,male,4,retired,decile_2,5,2,3,5,5,3,4,3
gasoline_car,SI,23,male,2,education,decile_9,5,1,3,5,7,5,4,2
gasoline_car,SI,59,male,2,paid_work,decile_3,5,1,3,7,0,2,6,4
gasoline_car,SI,43,female,6,paid_work,decile_8,5,1,3,7,3,2,5,3
gasoline_car,SI,36,female,7,paid_work,decile_3,5,2,3,6,6,6,6,2
gasoline_car,SI,41,female,5,paid_work,decile_6,5,2,3,5,1,3,4,4
bicycle,SI,51,male,6,paid_work,decile_8,5,1,3,6,2,2,5,3
gasoline_car,SI,57,male,6,paid_work,decile_10,5,1,3,5,8,2,5,3
public_transport,SI,30,female,6,paid_work,decile_3,5,1,3,7,6,4,6,2
gasoline_car,SI,48,male,4,paid_work,decile_3,5,2,3,6,5,5,4,3
gasoline_car,SI,76,female,5,housework,decile_4,3,1,4,2,2,4,5,3
gasoline_car,SI,75,female,5,retired,decile_6,5,1,3,8,4,4,5,3
gasoline_car,SI,29,female,6,education,decile_8,5,1,4,7,4,5,4,4
walking,SI,64,female,5,paid_work,decile_8,5,1,3,5,5,4,5,2
gasoline_car,SI,44,female,6,paid_work,decile_8,5,1,3,7,6,1,6,4
gasoline_car,SI,37,female,4,paid_work,decile_4,5,1,3,10,5,3,6,3
gasoline_car,SI,36,female,7,paid_work,decile_4,5,1,3,6,1,4,5,3
gasoline_car,SI,57,male,5,paid_work,decile_8,5,1,4,8,8,4,4,3
gasoline_car,SI,31,female,6,paid_work,decile_3,5,2,3,5,7,2,3,3
gasoline_car,SI,38,male,4,paid_work,decile_7,5,1,4,5,5,3,4,4
gasoline_car,SI,57,female,6,paid_work,decile_9,5,1,3,5,8,2,4,3
gasoline_car,SI,39,female,6,housework,decile_9,5,1,3,7,4,6,4,3
gasoline_car,SI,27,female,4,paid_work,decile_8,5,1,3,7,5,6,3,2
gasoline_car,SI,61,male,3,unemployed_looking,decile_1,2,1,2,7,9,5,5,3
gasoline_car,SI,61,male,4,paid_work,decile_7,5,2,5,3,9,2,5,3
gasoline_car,SI,51,female,6,paid_work,decile_6,5,2,4,7,3,3,5,3
gasoline_car,SI,27,female,4,housework,decile_9,5,2,4,7,2,4,5,3
gasoline_car,SI,86,female,5,retired,decile_2,5,1,3,6,6,3,6,3
gasoline_car,SI,28,female,4,education,decile_8,5,1,3,5,5,4,6,3
walking,SI,59,male,4,unemployed_looking,decile_1,5,3,4,2,0,0,6,5
gasoline_car,SI,25,male,4,education,decile_7,5,1,3,3,6,1,6,2
gasoline_car,SI,39,female,6,paid_work,decile_10,5,1,2,7,2,3,4,3
gasoline_car,SI,38,male,4,paid_work,decile_5,5,3,2,5,10,3,3,3
gasoline_car,SI,58,male,4,paid_work,decile_3,5,2,4,2,0,1,2,2
gasoline_car,SI,74,female,5,retired,decile_6,5,1,3,8,2,4,5,3
electric_car,SI,40,male,4,paid_work,decile_10,5,1,3,6,3,4,4,3
gasoline_car,SI,50,male,5,paid_work,decile_5,5,1,2,2,6,3,4,3
gasoline_car,SI,35,male,7,paid_work,decile_10,5,1,4,8,7,4,5,3
gasoline_car,SI,49,male,6,paid_work,decile_5,5,1,3,8,8,2,5,3
gasoline_car,SI,46,female,7,paid_work,decile_10,5,1,3,8,0,6,5,4
gasoline_car,SI,36,female,7,paid_work,decile_8,5,1,4,8,1,4,4,2
bicycle,SI,30,female,4,paid_work,decile_3,5,2,4,10,2,3,2,3
gasoline_car,SI,60,female,6,paid_work,decile_10,5,1,4,8,4,4,5,3
gasoline_car,SI,54,male,5,paid_work,decile_6,5,1,4,9,0,3,3,4
gasoline_car,SI,50,female,4,paid_work,decile_2,5,3,4,5,4,3,4,2
gasoline_car,SI,46,female,4,paid_work,decile_5,5,2,3,10,0,3,3,3
gasoline_car,SI,35,female,3,paid_work,decile_4,3,2,4,5,2,2,3,4
bicycle,SI,44,male,6,paid_work,decile_7,5,1,3,8,8,5,6,1
bicycle,SI,46,female,6,paid_work,decile_6,5,2,3,7,4,1,5,2
gasoline_car,SI,59,female,4,paid_work,decile_7,5,1,4,9,5,6,5,4
gasoline_car,SI,48,female,7,paid_work,decile_10,5,1,5,5,5,3,6,1
bicycle,SI,71,female,5,retired,decile_9,5,1,4,6,7,5,5,3
walking,SI,79,female,7,retired,decile_3,5,2,3,8,8,4,5,3
gasoline_car,SI,28,female,4,housework,decile_5,5,2,3,5,3,4,4,5
gasoline_car,SI,58,male,7,paid_work,decile_10,5,1,2,5,0,2,5,5
gasoline_car,SI,70,male,7,paid_work,decile_9,5,1,3,7,5,4,5,3
gasoline_car,SI,58,female,6,paid_work,decile_10,4,1,3,7,3,5,5,2
gasoline_car,SI,24,female,4,education,decile_9,5,1,3,5,5,3,3,3
public_transport,SI,70,female,6,paid_work,decile_5,5,1,4,9,7,5,5,3
gasoline_car,SI,63,male,4,paid_work,decile_4,5,1,3,5,0,6,5,3
public_transport,SI,60,female,2,paid_work,decile_4,3,2,5,10,5,0,3,4
gasoline_car,SI,24,male,4,education,decile_6,5,1,4,9,0,6,6,3
public_transport,SI,75,female,6,retired,decile_5,5,1,4,1,9,1,5,2
electric_car,SI,45,female,6,paid_work,decile_7,5,1,4,9,6,3,5,2
gasoline_car,SI,37,female,6,paid_work,decile_4,5,2,4,6,7,4,5,3
gasoline_car,SI,67,male,4,retired,decile_7,3,2,2,4,3,2,6,4
public_transport,SI,37,female,7,paid_work,decile_3,5,1,2,5,7,3,5,2
gasoline_car,SI,46,female,6,paid_work,decile_10,5,1,4,7,6,4,5,3
gasoline_car,SI,71,female,3,retired,decile_2,2,2,4,7,6,4,5,4
gasoline_car,SI,50,female,7,paid_work,decile_8,5,1,3,6,1,4,4,3
gasoline_car,SI,71,female,6,paid_work,decile_5,5,1,1,3,0,2,5,4
gasoline_car,SI,63,male,4,sick_disabled,decile_3,5,2,3,0,6,2,4,3
gasoline_car,SI,59,male,4,paid_work,decile_10,5,1,5,10,1,4,4,3
gasoline_car,SI,32,female,5,paid_work,decile_8,4,1,4,8,6,3,3,3
electric_car,SI,56,male,3,paid_work,decile_10,5,1,3,8,5,0,5,4
bicycle,SI,61,female,5,paid_work,decile_4,5,2,3,8,7,4,6,2
gasoline_car,SI,49,female,6,paid_work,decile_3,5,1,2,2,7,1,5,3
gasoline_car,SI,27,male,4,education,decile_1,5,1,3,6,0,1,3,3
gasoline_car,SI,63,female,6,paid_work,decile_3,5,1,4,8,5,4,6,3
gasoline_car,SI,62,male,4,paid_work,decile_7,5,1,4,6,0,2,5,3
gasoline_car,SI,63,male,6,paid_work,decile_10,5,1,2,6,3,3,4,3
walking,SI,64,male,4,paid_work,decile_8,5,2,2,3,6,3,4,3
walking,SI,49,female,4,unemployed_looking,decile_2,5,4,5,0,0,5,3,5
gasoline_car,SI,67,male,6,paid_work,decile_7,4,1,4,7,2,4,4,3
electric_car,SI,63,male,3,paid_work,decile_10,5,1,3,7,8,6,3,3
gasoline_car,SI,28,female,6,education,decile_3,5,1,4,9,6,4,4,3
gasoline_car,SI,37,female,6,paid_work,decile_3,5,2,4,3,4,5,5,4
public_transport,SI,50,male,4,paid_work,decile_8,5,1,2,3,2,4,4,4
gasoline_car,SI,49,female,5,paid_work,decile_10,5,2,4,8,5,2,5,4
gasoline_car,SI,49,male,4,paid_work,decile_3,5,2,3,8,8,4,5,3
gasoline_car,SI,66,male,3,paid_work,decile_6,5,1,3,10,10,5,6,3
gasoline_car,SI,78,female,3,retired,decile_6,2,1,3,5,7,3,6,2
walking,SI,55,female,6,paid_work,decile_7,5,2,3,7,8,5,5,4
bicycle,SI,65,male,6,paid_work,decile_7,5,2,4,8,4,3,3,3
bicycle,SI,64,male,3,paid_work,decile_4,3,1,4,6,8,5,6,3
walking,SI,42,female,4,paid_work,decile_3,5,2,4,8,7,3,4,3
gasoline_car,SI,29,female,4,housework,decile_5,5,1,3,5,7,5,4,3
gasoline_car,SI,61,male,3,paid_work,decile_6,5,2,1,3,10,4,6,1
gasoline_car,SI,40,female,7,paid_work,decile_7,5,1,3,6,6,5,5,3
gasoline_car,SI,53,female,7,paid_work,decile_10,5,1,4,7,3,4,5,3
gasoline_car,SI,63,female,5,paid_work,decile_8,5,1,4,3,3,3,6,3
gasoline_car,SI,57,male,6,housework,decile_6,5,1,3,5,3,5,6,3
gasoline_car,SI,46,female,6,paid_work,decile_10,5,1,2,9,5,4,4,3
public_transport,SI,54,female,3,paid_work,decile_4,5,2,3,5,8,1,4,3
gasoline_car,SI,31,female,6,housework,decile_6,5,1,3,6,7,3,3,4
walking,SI,51,female,4,paid_work,decile_2,5,2,2,0,5,4,3,4
gasoline_car,SI,50,female,4,paid_work,decile_3,4,2,3,8,5,3,5,4
gasoline_car,SI,71,female,4,retired,decile_5,5,1,3,5,6,3,5,4
walking,SI,66,female,4,paid_work,decile_8,5,1,5,10,0,4,3,3
gasoline_car,SI,46,female,4,paid_work,decile_7,5,1,3,3,4,5,5,3
public_transport,SI,86,female,4,retired,decile_3,5,1,4,7,10,5,6,3
gasoline_car,SI,28,male,4,education,decile_4,4,1,2,7,5,3,3,2
gasoline_car,SI,67,male,4,retired,decile_5,2,2,3,5,5,4,4,3
gasoline_car,SI,36,male,7,paid_work,decile_7,5,1,3,5,6,5,5,3
walking,SI,44,female,4,paid_work,decile_3,5,2,3,5,6,0,0,4
gasoline_car,SI,28,male,6,education,decile_7,3,1,3,7,1,3,3,3
gasoline_car,SI,54,female,4,paid_work,decile_6,5,2,4,5,6,0,3,4
gasoline_car,SI,41,female,6,paid_work,decile_10,5,1,3,7,7,5,4,3
walking,SI,69,male,4,retired,decile_4,5,1,3,10,5,1,6,1
gasoline_car,SI,37,female,6,paid_work,decile_4,4,2,2,10,5,6,5,5
gasoline_car,SI,43,female,5,paid_work,decile_10,5,1,3,5,3,1,2,3
public_transport,SI,57,male,4,paid_work,decile_7,2,1,3,4,5,1,5,3
public_transport,SI,29,male,4,paid_work,decile_9,5,1,3,1,4,3,4,3
gasoline_car,SI,51,female,4,paid_work,decile_6,5,2,4,8,2,3,4,3
public_transport,SI,75,male,6,retired,decile_2,5,2,2,5,5,4,4,3
gasoline_car,SI,56,male,6,paid_work,decile_10,5,1,3,10,4,1,6,3
gasoline_car,SI,45,male,5,paid_work,decile_8,5,1,2,0,8,2,5,5
electric_car,SI,69,male,6,retired,decile_9,5,1,3,6,5,4,6,2
gasoline_car,SI,63,female,7,housework,decile_6,5,1,3,5,4,4,5,3
gasoline_car,SI,36,male,4,paid_work,decile_5,5,1,3,4,8,4,5,3
gasoline_car,SI,24,male,3,paid_work,decile_10,5,1,4,6,6,5,4,4
walking,SI,77,female,4,retired,decile_1,5,3,4,10,9,0,6,3
gasoline_car,SI,29,female,4,housework,decile_10,5,1,3,4,2,0,2,2
gasoline_car,SI,47,female,7,paid_work,decile_2,5,1,4,6,7,0,3,4
gasoline_car,SI,23,female,3,unemployed_looking,decile_3,5,1,3,7,5,3,3,5
gasoline_car,SI,42,female,4,housework,decile_10,5,1,3,9,0,3,4,4
gasoline_car,SI,53,female,3,paid_work,decile_2,3,2,3,5,8,2,3,4
gasoline_car,SI,27,female,4,education,decile_8,5,1,4,6,3,4,5,3
gasoline_car,SI,41,female,2,paid_work,decile_7,5,1,3,6,10,1,1,4
gasoline_car,SI,49,female,4,paid_work,decile_3,5,2,5,10,5,6,4,4
gasoline_car,SI,77,male,4,housework,decile_7,5,2,5,6,4,0,6,2
electric_car,SI,54,male,6,paid_work,decile_10,5,1,3,3,5,4,5,3
gasoline_car,SI,52,female,7,paid_work,decile_7,5,2,4,2,0,3,2,4
gasoline_car,SI,43,male,4,paid_work,decile_6,3,1,4,10,10,4,4,3
gasoline_car,SI,47,male,6,paid_work,decile_6,5,2,3,6,9,1,5,2
bicycle,SI,41,female,7,paid_work,decile_8,5,1,4,8,4,3,5,2
gasoline_car,SI,38,female,3,paid_work,decile_6,5,1,3,5,1,4,3,2
gasoline_car,SI,66,female,4,retired,decile_8,5,2,4,3,3,3,4,3
gasoline_car,SI,38,male,6,paid_work,decile_8,4,1,4,7,8,4,4,3
gasoline_car,SI,41,male,4,paid_work,decile_6,5,1,3,3,2,2,5,3
gasoline_car,SI,30,male,4,paid_work,decile_10,5,1,3,5,8,6,6,2
gasoline_car,SI,61,male,4,paid_work,decile_7,5,1,4,2,5,5,5,3
bicycle,SI,29,male,2,paid_work,decile_7,5,1,4,7,8,2,5,2
gasoline_car,SI,23,female,4,education,decile_4,5,1,2,5,3,3,5,3
gasoline_car,SI,49,female,6,paid_work,decile_6,5,1,4,9,2,5,5,3
public_transport,SI,77,female,4,retired,decile_5,5,2,3,7,8,5,4,2
gasoline_car,SI,63,male,4,paid_work,decile_8,5,1,3,5,3,0,2,3
gasoline_car,SI,43,male,4,paid_work,decile_8,5,2,3,5,0,3,6,5
gasoline_car,SI,36,female,3,paid_work,decile_4,5,1,3,6,6,0,3,3
gasoline_car,SI,39,male,4,paid_work,decile_6,5,2,5,5,4,5,5,3
public_transport,SI,28,female,6,education,decile_9,5,1,3,3,6,4,5,2
walking,SI,68,female,4,housework,decile_7,5,1,3,4,7,2,5,4
gasoline_car,SI,75,male,2,retired,decile_2,5,1,3,7,5,5,6,3
gasoline_car,SI,69,male,6,retired,decile_10,5,1,4,2,0,6,6,1
gasoline_car,SI,33,male,4,paid_work,decile_7,5,1,4,4,3,3,3,3
gasoline_car,SI,46,female,6,paid_work,decile_7,5,1,4,8,5,4,6,3
bicycle,SI,36,female,7,housework,decile_6,5,1,3,8,5,5,4,2
walking,SI,33,female,6,paid_work,decile_10,5,1,4,7,4,3,4,2
gasoline_car,SI,35,female,7,housework,decile_7,5,1,5,8,7,4,4,4
gasoline_car,SI,35,male,6,paid_work,decile_9,5,1,4,5,5,5,5,2
walking,SI,25,male,4,education,decile_1,5,1,1,1,8,3,4,4
gasoline_car,SI,42,male,3,paid_work,decile_5,5,1,3,5,5,5,4,3
gasoline_car,SI,39,female,6,paid_work,decile_7,4,1,3,8,8,2,4,3
gasoline_car,SI,47,female,6,paid_work,decile_9,5,1,3,6,9,4,5,3
electric_car,SI,43,female,6,paid_work,decile_6,5,1,3,8,8,5,4,3
gasoline_car,SI,54,female,6,housework,decile_8,5,1,2,0,6,5,6,1
gasoline_car,SI,48,male,4,paid_work,decile_2,5,2,3,7,7,3,5,3
gasoline_car,SI,44,male,6,paid_work,decile_7,5,1,2,5,2,5,6,3
gasoline_car,SI,70,male,3,retired,decile_4,5,1,3,3,5,5,6,3
gasoline_car,SI,47,male,4,paid_work,decile_9,5,1,2,5,5,1,3,1
walking,SI,62,female,5,paid_work,decile_7,5,1,4,7,5,3,4,3
gasoline_car,SI,45,female,4,paid_work,decile_5,5,2,2,5,6,3,4,3
gasoline_car,SI,33,female,4,paid_work,decile_2,5,2,3,4,6,3,3,3
gasoline_car,SI,54,female,4,paid_work,decile_2,5,2,3,9,0,2,3,4
gasoline_car,SI,51,female,6,housework,decile_8,5,1,3,4,4,3,4,4
walking,SI,57,male,3,paid_work,decile_7,4,1,4,8,8,1,4,4
electric_car,SI,28,male,4,education,decile_8,5,1,3,9,6,6,4,2
gasoline_car,SI,50,female,4,paid_work,decile_5,5,1,3,9,1,5,5,3
gasoline_car,SI,31,male,6,paid_work,decile_8,5,1,4,8,3,3,6,3
gasoline_car,SI,41,male,6,paid_work,decile_9,5,1,2,7,0,4,5,3
bicycle,SI,57,female,6,paid_work,decile_7,5,1,3,6,7,4,5,2
gasoline_car,SI,24,female,4,education,decile_6,5,1,3,8,7,4,2,2
gasoline_car,SI,62,male,7,paid_work,decile_10,5,1,3,5,1,1,4,3
public_transport,SI,23,female,2,education,decile_8,5,1,3,5,0,6,3,2
gasoline_car,SI,83,male,4,retired,decile_8,1,2,3,5,7,2,4,2
gasoline_car,SI,39,female,7,paid_work,decile_4,5,1,4,8,0,4,6,3
walking,SI,35,female,6,paid_work,decile_10,5,1,4,8,1,3,6,3
gasoline_car,SI,59,male,4,paid_work,decile_9,5,1,5,10,2,4,4,4
gasoline_car,SI,63,male,4,paid_work,decile_7,3,2,4,8,6,4,4,2
gasoline_car,SI,51,male,6,paid_work,decile_7,5,1,2,5,4,4,4,3
gasoline_car,SI,36,female,6,paid_work,decile_6,3,1,4,5,3,4,3,3
walking,SI,70,female,6,retired,decile_8,5,1,4,7,5,1,3,4
walking,SI,41,male,4,paid_work,decile_5,5,1,3,7,7,4,6,1
public_transport,SI,25,female,3,education,decile_6,5,1,3,5,5,3,3,3
gasoline_car,SI,48,female,4,housework,decile_7,5,1,4,5,5,0,2,3
gasoline_car,SI,59,female,4,paid_work,decile_5,2,2,4,2,4,3,5,4
gasoline_car,SI,37,female,6,paid_work,decile_7,5,1,3,7,7,3,5,3
gasoline_car,SI,41,female,5,paid_work,decile_8,5,1,4,6,6,3,5,2
gasoline_car,SI,52,female,4,paid_work,decile_5,5,2,4,8,3,4,4,4
gasoline_car,SI,48,female,6,paid_work,decile_8,5,1,5,10,4,4,6,3
gasoline_car,SI,63,male,4,unemployed_not_looking,decile_4,4,2,3,7,9,4,4,4
walking,SI,34,male,6,education,decile_5,5,1,3,0,8,4,3,3
gasoline_car,SI,43,female,6,housework,decile_3,5,2,5,10,0,4,3,2
gasoline_car,SI,23,male,2,education,decile_5,5,2,5,7,6,4,5,4
gasoline_car,SI,68,male,7,retired,decile_10,5,1,2,9,5,5,2,4
gasoline_car,SI,55,male,3,paid_work,decile_6,4,2,4,4,5,3,5,4
gasoline_car,SI,36,male,6,paid_work,decile_5,5,2,4,5,5,2,2,4
walking,SI,45,female,6,paid_work,decile_2,5,3,3,5,0,0,5,3
gasoline_car,SI,41,male,4,paid_work,decile_2,5,2,2,5,7,4,4,4
gasoline_car,SI,56,female,6,paid_work,decile_5,5,2,3,7,5,4,5,4
gasoline_car,SI,48,female,4,paid_work,decile_10,5,1,3,5,5,4,5,3
electric_car,SI,80,female,6,retired,decile_4,5,1,4,10,8,4,4,2
gasoline_car,SI,54,female,5,paid_work,decile_8,5,2,3,4,10,4,5,3
gasoline_car,SI,31,female,4,paid_work,decile_10,5,1,3,5,4,4,6,2
gasoline_car,SI,39,male,4,paid_work,decile_5,5,1,2,6,8,4,5,3
gasoline_car,SI,76,male,3,housework,decile_4,5,2,3,6,0,0,2,4
bicycle,SI,72,male,5,retired,decile_5,5,2,3,8,8,3,5,2
gasoline_car,SI,72,male,4,retired,decile_6,3,1,3,5,2,4,6,3
gasoline_car,SI,59,female,4,housework,decile_3,4,2,4,5,2,3,3,4
gasoline_car,SI,44,male,3,paid_work,decile_7,5,1,3,5,10,5,6,3
walking,SI,80,male,4,retired,decile_4,5,1,3,8,5,4,6,3
bicycle,SI,38,female,6,paid_work,decile_6,5,1,4,7,1,3,5,3
walking,SI,42,male,6,paid_work,decile_8,5,1,3,8,6,3,3,3
gasoline_car,SI,79,male,4,retired,decile_5,5,2,3,3,8,5,5,3
gasoline_car,SI,34,male,3,paid_work,decile_6,5,1,2,0,4,4,4,5
gasoline_car,SI,50,male,4,paid_work,decile_9,5,1,3,3,2,3,5,3
gasoline_car,SI,60,female,5,paid_work,decile_9,5,1,3,10,7,5,5,2
public_transport,SI,24,female,4,education,decile_9,4,4,4,7,6,4,5,3
gasoline_car,SI,30,female,3,paid_work,decile_4,5,2,3,5,5,2,3,5
gasoline_car,SI,72,female,6,retired,decile_5,5,1,3,2,7,3,6,2
gasoline_car,SI,85,male,5,retired,decile_5,3,1,4,10,7,5,6,3
gasoline_car,SI,40,female,6,paid_work,decile_9,5,1,3,5,4,2,4,4
walking,SI,61,female,2,housework,decile_3,2,2,4,8,0,3,4,5
gasoline_car,SI,37,male,6,paid_work,decile_9,5,1,4,8,2,3,5,4
gasoline_car,SI,56,female,5,paid_work,decile_4,5,1,3,5,3,3,4,3
gasoline_car,SI,39,female,4,paid_work,decile_6,5,1,3,5,6,5,5,3
gasoline_car,SI,47,male,3,paid_work,decile_7,5,1,3,7,5,3,3,3
public_transport,SI,67,female,4,retired,decile_5,5,2,4,5,0,2,2,5
gasoline_car,SI,66,male,4,paid_work,decile_5,5,1,3,5,7,2,4,3
gasoline_car,SI,38,male,4,paid_work,decile_8,5,1,4,7,6,3,6,3
gasoline_car,SI,28,male,4,paid_work,decile_7,5,1,3,7,0,5,4,5
public_transport,SI,66,female,4,housework,decile_4,2,2,5,8,8,4,6,4
gasoline_car,SI,28,female,6,paid_work,decile_3,5,1,3,5,3,5,4,3
gasoline_car,SI,26,female,4,education,decile_9,5,1,4,3,3,5,4,4
walking,SI,68,male,4,retired,decile_6,5,1,4,5,7,4,6,2
gasoline_car,SI,37,female,6,paid_work,decile_10,5,1,3,3,0,4,4,4
electric_car,SI,43,male,6,paid_work,decile_9,5,1,3,6,4,4,4,2
gasoline_car,SI,42,female,7,housework,decile_8,3,1,3,8,5,3,5,2
gasoline_car,SI,49,female,6,paid_work,decile_4,5,3,3,5,0,4,5,1
bicycle,SI,57,male,4,retired,decile_4,5,1,3,6,0,3,5,1
electric_car,SI,46,female,4,paid_work,decile_8,5,1,4,1,1,4,5,4
electric_car,SI,69,male,6,housework,decile_8,5,1,2,5,8,5,6,2
gasoline_car,SI,67,female,4,retired,decile_7,5,1,5,10,7,3,5,2
walking,SI,83,male,4,retired,decile_6,5,1,3,3,8,4,5,1
public_transport,SI,24,female,4,education,decile_2,5,4,4,7,8,3,4,3
gasoline_car,SI,34,female,6,paid_work,decile_6,5,1,2,5,8,0,2,5
electric_car,SI,60,male,3,paid_work,decile_7,5,1,4,10,5,6,5,4
gasoline_car,SI,48,male,3,housework,decile_1,1,4,1,0,7,2,2,3
public_transport,SI,64,male,4,retired,decile_4,5,1,3,5,8,0,0,3
gasoline_car,SI,61,female,6,paid_work,decile_9,5,1,3,1,3,5,6,3
gasoline_car,SI,60,male,6,paid_work,decile_8,5,1,3,6,5,4,6,1
walking,SI,77,female,4,housework,decile_4,5,1,2,6,6,4,4,3
gasoline_car,SI,48,female,6,paid_work,decile_5,5,2,4,7,0,5,4,5
gasoline_car,SI,34,male,6,paid_work,decile_7,5,1,5,5,0,2,6,2
gasoline_car,SI,41,female,7,paid_work,decile_8,5,1,3,2,8,3,4,3
gasoline_car,SI,44,male,4,paid_work,decile_7,5,2,4,7,3,2,4,3
electric_car,SI,53,female,6,paid_work,decile_9,5,1,3,7,8,2,5,3
public_transport,SI,63,male,7,paid_work,decile_10,5,1,2,5,8,3,5,2
gasoline_car,SI,59,female,6,paid_work,decile_9,5,1,4,8,3,4,5,3
gasoline_car,SI,65,male,2,retired,decile_3,3,2,4,7,2,3,5,3
gasoline_car,SI,47,male,4,paid_work,decile_4,5,1,3,8,1,5,5,2
gasoline_car,SI,32,female,7,paid_work,decile_6,5,1,5,10,3,5,3,4
gasoline_car,SI,27,female,4,education,decile_6,5,1,5,8,3,4,4,5
bicycle,SI,24,male,4,education,decile_7,5,1,4,7,6,6,4,3
gasoline_car,SI,45,female,4,paid_work,decile_6,5,2,3,5,5,4,6,3
gasoline_car,SI,58,male,2,paid_work,decile_8,3,2,1,0,5,5,5,1
bicycle,SI,80,male,7,retired,decile_5,5,1,4,7,7,3,5,2
public_transport,SI,75,female,2,retired,decile_2,5,2,4,10,5,3,6,4
electric_car,SI,40,female,4,paid_work,decile_10,5,1,3,7,7,6,4,2
walking,SI,69,male,4,paid_work,decile_10,5,1,3,5,2,2,5,2
gasoline_car,SI,53,female,6,paid_work,decile_10,5,1,4,7,3,3,5,3
gasoline_car,SI,38,female,4,paid_work,decile_6,5,1,2,5,8,5,4,3
gasoline_car,SI,32,male,6,paid_work,decile_8,5,1,3,5,2,5,5,4
public_transport,SI,51,male,3,paid_work,decile_4,5,2,4,7,7,3,3,4
gasoline_car,SI,61,male,4,paid_work,decile_7,5,1,4,6,5,3,5,3
gasoline_car,SI,42,female,6,paid_work,decile_7,5,1,3,10,3,2,5,4
gasoline_car,SI,55,male,3,paid_work,decile_5,5,2,2,1,0,2,1,5
gasoline_car,SI,25,female,4,education,decile_8,5,1,4,7,7,2,1,5
walking,SI,23,female,2,education,decile_6,5,1,3,2,2,4,5,3
gasoline_car,SI,50,male,4,paid_work,decile_9,5,1,3,8,5,6,6,3
gasoline_car,SI,73,male,3,retired,decile_5,5,2,3,4,4,2,4,3
gasoline_car,SI,35,male,7,paid_work,decile_10,5,1,4,7,2,3,3,5
walking,SI,40,male,6,paid_work,decile_7,5,2,3,6,5,5,5,2
walking,SI,70,female,6,retired,decile_5,5,1,4,7,7,2,3,3
gasoline_car,SI,49,female,5,paid_work,decile_3,5,2,3,6,8,4,5,2
gasoline_car,SI,33,male,4,paid_work,decile_5,5,2,2,9,9,4,3,4
gasoline_car,SI,52,male,4,paid_work,decile_6,5,2,4,4,6,5,3,5
gasoline_car,SI,45,female,7,paid_work,decile_3,5,1,4,5,3,5,5,3
electric_car,SI,34,female,7,education,decile_9,5,1,3,4,9,3,2,4
gasoline_car,SI,34,male,4,paid_work,decile_6,5,2,3,5,5,5,4,3
gasoline_car,SI,52,male,6,paid_work,decile_10,5,1,2,3,4,2,5,4
gasoline_car,SI,32,male,7,paid_work,decile_10,5,1,2,0,7,5,5,3
electric_car,SI,71,female,4,retired,decile_4,5,2,4,9,0,4,4,3
gasoline_car,SI,48,female,6,paid_work,decile_9,5,2,2,5,3,5,4,5
bicycle,SI,45,female,6,paid_work,decile_6,5,1,5,9,7,3,5,3
gasoline_car,SI,38,female,4,paid_work,decile_4,5,2,4,8,3,2,3,4
gasoline_car,SI,29,female,4,paid_work,decile_5,5,3,4,5,5,5,5,5
gasoline_car,SI,65,male,4,paid_work,decile_5,4,2,2,5,5,4,5,3
walking,SI,83,female,6,retired,decile_7,5,1,4,6,3,3,6,3
gasoline_car,SI,55,female,5,paid_work,decile_5,5,2,4,10,5,5,6,4
public_transport,SI,28,female,4,education,decile_4,5,3,5,10,8,2,4,2
gasoline_car,SI,48,male,6,paid_work,decile_10,5,1,4,0,0,3,1,4
gasoline_car,SI,67,female,4,housework,decile_9,5,2,5,3,4,5,5,4
gasoline_car,SI,55,male,4,paid_work,decile_8,2,1,3,5,0,6,5,2
gasoline_car,SI,26,female,4,education,decile_6,5,1,4,7,2,3,5,5
bicycle,SI,47,female,5,paid_work,decile_4,5,2,4,10,8,5,4,2
gasoline_car,SI,59,female,7,paid_work,decile_9,5,1,3,6,0,3,2,5
gasoline_car,SI,84,male,4,retired,decile_7,5,1,3,3,6,5,6,2
public_transport,SI,54,female,4,paid_work,decile_5,5,1,3,4,1,5,5,4
walking,SI,51,female,6,paid_work,decile_5,5,2,3,7,5,5,5,2
gasoline_car,SI,59,female,6,paid_work,decile_6,5,1,3,5,5,3,6,2
gasoline_car,SI,59,female,3,paid_work,decile_2,5,1,3,5,0,4,3,5
gasoline_car,SI,58,female,3,paid_work,decile_8,5,2,4,5,2,4,5,4
public_transport,SI,41,female,5,unemployed_looking,decile_2,5,3,3,5,4,4,5,4
gasoline_car,SI,25,male,3,education,decile_1,5,3,3,6,6,4,4,3
bicycle,SI,71,male,6,retired,decile_6,5,1,3,3,10,4,4,4
walking,SI,62,male,4,unemployed_looking,decile_2,5,3,2,2,9,0,6,3
gasoline_car,SI,40,female,6,housework,decile_10,5,1,3,5,8,5,4,2
public_transport,SI,45,female,6,paid_work,decile_4,5,1,1,1,5,0,6,3
gasoline_car,SI,49,male,3,paid_work,decile_5,5,2,2,5,3,5,3,3
bicycle,SI,56,male,4,paid_work,decile_5,5,1,3,2,7,2,5,3
electric_car,SI,43,female,6,paid_work,decile_9,5,2,3,5,5,3,4,3
gasoline_car,SI,78,male,6,retired,decile_8,5,1,2,5,3,3,5,3
gasoline_car,SI,36,male,6,paid_work,decile_3,5,1,4,6,1,3,2,4
bicycle,SI,48,female,6,housework,decile_2,5,4,2,10,10,0,5,2
gasoline_car,SI,27,male,4,paid_work,decile_6,5,1,4,3,5,6,5,2
gasoline_car,SI,36,female,6,education,decile_6,5,1,4,8,10,5,4,3
gasoline_car,SI,54,female,4,paid_work,decile_2,5,2,3,6,10,6,6,3
walking,SI,54,female,3,paid_work,decile_6,5,1,1,0,5,3,3,3
walking,SI,59,male,5,paid_work,decile_6,5,1,3,5,4,4,6,4
gasoline_car,SI,61,female,5,paid_work,decile_6,5,1,3,5,2,3,5,3
gasoline_car,SI,69,female,4,housework,decile_3,5,1,3,7,7,4,4,3
gasoline_car,SI,47,female,6,paid_work,decile_7,5,1,4,7,4,6,6,4
gasoline_car,SI,75,female,6,retired,decile_7,5,2,4,7,4,4,5,3
gasoline_car,SI,31,male,4,paid_work,decile_6,5,1,3,6,5,4,2,3
walking,SI,80,female,6,housework,decile_8,5,1,3,10,10,4,6,3
gasoline_car,SI,70,female,5,retired,decile_4,2,1,3,3,2,3,3,3
bicycle,SI,70,male,3,retired,decile_7,5,1,4,6,7,3,4,3
gasoline_car,SI,40,female,6,paid_work,decile_10,5,1,2,6,8,4,5,3
gasoline_car,SI,33,female,6,housework,decile_6,5,1,3,6,7,3,3,4
walking,SI,61,male,4,housework,decile_1,5,3,3,8,5,2,5,3
gasoline_car,SI,55,male,4,paid_work,decile_5,5,1,3,5,5,3,5,3
gasoline_car,SI,80,male,4,retired,decile_3,5,2,2,5,5,4,5,2
gasoline_car,SI,43,male,4,paid_work,decile_5,2,2,3,5,6,3,3,3
gasoline_car,SI,37,female,6,paid_work,decile_8,5,1,3,5,5,3,5,2
gasoline_car,SI,48,male,6,paid_work,decile_7,5,2,4,8,7,2,2,4
gasoline_car,SI,47,female,6,paid_work,decile_5,5,1,3,6,8,5,6,3
gasoline_car,SI,72,female,3,retired,decile_6,5,2,4,9,5,3,5,3
public_transport,SI,56,female,6,paid_work,decile_8,3,1,3,6,8,3,4,3
public_transport,SI,58,female,6,unemployed_looking,decile_1,5,4,4,8,5,3,5,3
gasoline_car,SI,32,female,4,paid_work,decile_4,5,2,3,6,0,5,3,2
gasoline_car,SI,52,female,4,paid_work,decile_6,5,2,3,5,0,5,5,3
gasoline_car,SI,59,female,4,paid_work,decile_7,5,1,3,6,5,4,5,3
gasoline_car,SI,53,male,4,paid_work,decile_8,5,2,3,5,0,3,4,4
walking,SI,63,female,6,paid_work,decile_6,5,1,3,7,7,3,5,3
electric_car,SI,43,male,6,paid_work,decile_4,5,1,4,8,0,4,4,2
gasoline_car,SI,42,female,6,paid_work,decile_9,5,1,2,3,3,4,5,5
electric_car,SI,47,female,4,paid_work,decile_5,5,2,3,1,5,1,1,5
walking,SI,66,female,2,housework,decile_2,4,3,5,10,10,0,3,4
gasoline_car,SI,59,male,4,paid_work,decile_7,5,1,3,5,1,3,3,3
gasoline_car,SI,47,female,4,paid_work,decile_6,4,1,4,2,9,4,4,4
bicycle,SI,48,female,6,paid_work,decile_4,5,2,3,5,5,1,3,4
gasoline_car,SI,43,male,4,paid_work,decile_6,5,2,1,0,0,4,6,5
gasoline_car,SI,34,male,6,paid_work,decile_6,5,1,4,7,3,4,4,4
gasoline_car,SI,78,female,4,retired,decile_2,5,1,4,8,10,4,3,4
bicycle,SI,68,male,4,retired,decile_8,2,2,4,4,7,4,6,3
walking,SI,23,female,2,housework,decile_6,5,1,4,5,5,1,3,3
public_transport,SI,34,female,6,paid_work,decile_7,5,1,3,6,5,2,5,3
gasoline_car,SI,49,female,5,paid_work,decile_8,5,1,3,6,4,3,5,3
gasoline_car,SI,55,female,3,paid_work,decile_7,5,2,4,4,8,4,3,3
gasoline_car,SI,68,female,4,retired,decile_5,5,1,1,7,5,6,5,3
walking,SI,45,male,3,paid_work,decile_3,5,1,3,5,3,3,3,2
walking,SI,72,female,5,retired,decile_2,5,2,3,5,7,1,5,3
gasoline_car,SI,58,male,6,paid_work,decile_8,4,2,3,7,6,4,4,3
gasoline_car,SI,52,male,3,paid_work,decile_7,5,1,3,8,8,4,5,5
gasoline_car,SI,50,male,6,paid_work,decile_7,5,1,3,7,0,4,4,2
gasoline_car,SI,52,male,4,paid_work,decile_10,5,1,4,8,1,1,0,3
bicycle,SI,64,male,6,retired,decile_9,5,1,4,7,2,4,5,1
gasoline_car,SI,67,female,6,retired,decile_5,5,2,3,3,10,5,6,3
gasoline_car,SI,47,female,3,paid_work,decile_5,5,2,4,1,4,6,4,1
walking,SI,39,female,6,paid_work,decile_7,5,2,3,8,5,5,3,3
gasoline_car,SI,50,male,2,paid_work,decile_4,5,2,3,5,5,3,3,3
gasoline_car,SI,37,male,6,paid_work,decile_6,5,1,3,4,5,4,4,3
bicycle,SI,58,male,5,paid_work,decile_9,5,2,4,8,3,2,5,3
gasoline_car,SI,28,male,6,education,decile_6,5,1,3,6,0,4,5,5
gasoline_car,SI,62,female,4,paid_work,decile_6,5,1,5,5,5,3,4,2
gasoline_car,SI,44,male,6,paid_work,decile_8,5,1,2,5,7,1,3,4
gasoline_car,SI,25,male,4,paid_work,decile_7,5,2,3,5,0,3,4,3
gasoline_car,SI,31,female,6,housework,decile_6,2,1,4,3,1,4,5,3
walking,SI,64,female,3,unemployed_not_looking,decile_1,5,2,3,6,6,2,5,3
gasoline_car,SI,68,male,2,retired,decile_6,4,1,3,2,5,1,5,4
walking,SI,70,female,3,retired,decile_2,3,3,3,4,5,4,4,3
gasoline_car,SI,44,female,4,unemployed_looking,decile_4,5,2,4,6,7,2,4,3
gasoline_car,SI,25,female,4,education,decile_2,5,2,3,6,4,2,2,4
gasoline_car,SI,52,male,6,paid_work,decile_9,5,1,3,5,5,5,5,2
gasoline_car,SI,32,female,4,paid_work,decile_3,5,2,4,8,3,4,3,4
gasoline_car,SI,58,female,7,paid_work,decile_4,5,1,1,2,10,1,3,3
gasoline_car,SI,66,female,4,paid_work,decile_4,5,1,3,9,9,4,5,4
walking,SI,49,female,4,retired,decile_3,5,3,3,3,3,6,5,4
gasoline_car,SI,27,female,4,education,decile_10,5,1,4,7,3,6,5,4
gasoline_car,SI,52,male,3,paid_work,decile_7,5,2,3,6,9,2,3,3
gasoline_car,SI,68,male,4,paid_work,decile_7,5,1,1,0,0,5,4,5
gasoline_car,SI,48,male,6,paid_work,decile_5,5,2,2,5,6,4,5,4
gasoline_car,SI,41,male,3,paid_work,decile_8,5,1,4,7,4,5,5,3
gasoline_car,SI,60,male,6,paid_work,decile_10,5,1,3,5,2,4,5,3
gasoline_car,SI,42,female,7,paid_work,decile_6,5,1,3,6,3,4,5,3
gasoline_car,SI,45,male,4,paid_work,decile_7,5,1,4,5,5,4,5,3
bicycle,AT,55,female,6,paid_work,decile_5,5,1,5,8,10,4,5,3
gasoline_car,AT,43,male,3,paid_work,decile_8,5,1,4,7,0,5,5,3
bicycle,AT,84,female,3,housework,decile_6,3,1,3,6,8,0,3,3
public_transport,AT,48,male,7,paid_work,decile_3,5,2,4,8,10,5,5,3
public_transport,AT,59,female,3,paid_work,decile_3,5,2,3,8,9,4,5,2
gasoline_car,AT,38,female,6,paid_work,decile_5,4,2,3,8,0,5,5,4
gasoline_car,AT,30,male,3,paid_work,decile_6,5,3,4,8,8,3,5,3
bicycle,AT,62,male,3,paid_work,decile_7,5,2,3,7,9,5,6,3
bicycle,AT,78,male,3,retired,decile_6,5,1,2,3,4,1,4,3
gasoline_car,AT,71,male,5,retired,decile_9,5,1,4,7,9,4,5,3
gasoline_car,AT,61,male,3,paid_work,decile_6,5,2,4,3,4,4,5,3
public_transport,AT,44,male,7,paid_work,decile_9,5,1,4,8,5,4,6,2
public_transport,AT,61,male,3,paid_work,decile_4,2,2,4,7,9,2,5,2
walking,AT,63,female,3,retired,decile_3,5,2,3,7,4,5,4,3
public_transport,AT,79,female,3,retired,decile_3,5,1,4,6,10,4,3,2
public_transport,AT,37,female,6,paid_work,decile_7,5,2,4,4,8,3,4,3
bicycle,AT,55,male,5,paid_work,decile_9,5,2,2,2,1,3,5,4
walking,AT,78,female,6,retired,decile_3,4,1,4,10,0,5,6,3
gasoline_car,AT,56,female,6,paid_work,decile_10,5,2,2,4,3,3,4,5
walking,AT,72,female,3,retired,decile_3,5,2,4,10,10,1,6,3
public_transport,AT,76,male,4,retired,decile_8,5,1,1,0,1,4,4,4
gasoline_car,AT,52,female,5,paid_work,decile_10,5,1,3,3,8,6,5,2
gasoline_car,AT,62,female,3,paid_work,decile_2,2,2,4,4,7,0,6,5
gasoline_car,AT,49,female,3,housework,decile_6,5,1,3,7,4,5,5,3
public_transport,AT,28,female,4,education,decile_1,5,3,4,8,5,4,3,2
public_transport,AT,58,female,3,paid_work,decile_4,5,1,1,0,10,4,6,3
bicycle,AT,37,female,7,paid_work,decile_9,5,1,4,7,10,6,6,3
gasoline_car,AT,68,male,3,paid_work,decile_9,5,1,3,9,8,4,6,3
bicycle,AT,54,male,7,paid_work,decile_9,5,2,4,3,4,2,3,4
gasoline_car,AT,78,male,5,retired,decile_8,5,2,4,6,3,5,4,3
walking,AT,61,female,3,paid_work,decile_10,2,1,5,6,1,0,2,5
gasoline_car,AT,62,female,3,retired,decile_2,5,2,3,6,5,3,3,3
electric_car,AT,56,male,7,paid_work,decile_10,5,1,4,10,4,6,6,3
gasoline_car,AT,50,male,4,paid_work,decile_6,4,1,2,9,0,6,5,3
public_transport,AT,84,male,3,retired,decile_6,2,2,2,0,8,4,5,4
walking,AT,53,male,5,paid_work,decile_9,5,1,5,9,6,5,4,4
gasoline_car,AT,77,female,6,retired,decile_4,1,1,3,9,1,3,5,3
walking,AT,73,female,7,retired,decile_3,5,2,4,8,7,4,5,3
walking,AT,58,female,3,paid_work,decile_4,5,1,3,7,10,4,5,3
gasoline_car,AT,77,male,3,retired,decile_5,5,1,3,6,8,4,5,4
gasoline_car,AT,59,male,3,paid_work,decile_6,5,2,2,6,8,4,4,3
walking,AT,75,male,2,retired,decile_2,1,2,3,8,8,2,4,4
bicycle,AT,51,male,7,paid_work,decile_8,5,1,3,6,4,6,6,4
public_transport,AT,45,male,7,paid_work,decile_9,5,1,5,9,5,3,3,5
gasoline_car,AT,43,female,5,paid_work,decile_8,5,2,3,6,8,4,6,4
gasoline_car,AT,60,male,5,paid_work,decile_10,4,1,3,2,6,6,6,2
bicycle,AT,28,male,5,paid_work,decile_7,5,1,4,5,9,4,6,3
public_transport,AT,72,female,6,retired,decile_2,5,2,4,7,9,4,5,3
bicycle,AT,60,female,3,retired,decile_3,5,2,3,6,8,6,4,3
bicycle,AT,33,female,5,paid_work,decile_5,5,2,4,6,5,3,3,3
public_transport,AT,66,female,5,paid_work,decile_8,5,1,3,7,10,5,4,4
gasoline_car,AT,72,male,7,retired,decile_6,4,2,4,8,5,5,3,2
gasoline_car,AT,83,female,5,retired,decile_3,3,1,2,8,3,0,4,4
public_transport,AT,51,female,5,education,decile_6,5,2,4,9,7,4,5,4
public_transport,AT,63,male,6,retired,decile_3,5,2,3,5,8,4,4,4
bicycle,AT,60,female,5,paid_work,decile_6,5,1,4,8,8,5,5,2
walking,AT,78,male,3,retired,decile_6,5,1,5,10,5,5,5,2
gasoline_car,AT,63,male,3,paid_work,decile_8,5,1,4,8,2,5,5,3
gasoline_car,AT,74,female,3,retired,decile_5,5,2,2,8,5,3,5,4
gasoline_car,AT,64,male,3,retired,decile_7,5,1,3,5,8,4,5,4
gasoline_car,AT,76,female,4,retired,decile_6,5,1,3,7,9,5,6,4
public_transport,AT,36,male,5,paid_work,decile_5,5,3,3,4,2,4,5,4
public_transport,AT,31,female,5,education,decile_2,5,1,5,3,9,1,4,4
public_transport,AT,65,female,7,retired,decile_4,5,2,5,10,7,2,6,2
walking,AT,82,female,7,retired,decile_4,5,2,3,7,8,4,6,2
gasoline_car,AT,86,male,3,retired,decile_6,5,2,4,5,10,4,3,4
public_transport,AT,31,female,6,paid_work,decile_8,5,1,3,6,7,5,4,5
walking,AT,26,female,6,education,decile_3,5,1,4,7,10,3,6,3
public_transport,AT,39,female,6,paid_work,decile_5,5,1,4,4,9,5,5,2
gasoline_car,AT,56,female,5,paid_work,decile_4,4,3,3,5,3,3,4,3
gasoline_car,AT,65,female,4,retired,decile_6,5,2,4,8,7,5,5,3
walking,AT,27,male,6,education,decile_1,5,2,5,6,10,4,2,2
walking,AT,75,female,3,retired,decile_3,5,2,3,5,5,2,4,5
walking,AT,67,male,7,retired,decile_6,5,1,4,7,9,1,4,2
gasoline_car,AT,81,female,3,retired,decile_6,5,1,2,5,10,4,5,5
gasoline_car,AT,55,male,3,paid_work,decile_9,5,2,3,7,5,6,5,2
gasoline_car,AT,47,female,5,sick_disabled,decile_3,5,2,4,7,7,4,5,4
walking,AT,62,female,3,housework,decile_5,3,1,3,10,1,5,6,3
public_transport,AT,21,male,4,paid_work,decile_2,5,1,5,10,9,3,2,1
public_transport,AT,76,male,3,retired,decile_3,1,1,3,3,7,4,5,3
walking,AT,72,female,3,retired,decile_2,1,2,3,7,10,3,4,4
walking,AT,69,male,3,retired,decile_3,5,2,2,6,10,3,6,4
gasoline_car,AT,20,male,2,education,decile_8,5,1,2,6,8,4,5,3
gasoline_car,AT,71,female,3,retired,decile_3,5,3,3,5,3,4,4,4
walking,AT,88,female,5,retired,decile_7,4,1,4,8,10,4,6,2
gasoline_car,AT,25,female,2,housework,decile_3,5,3,3,5,5,4,1,4
public_transport,AT,61,male,6,paid_work,decile_2,5,3,4,5,9,4,3,2
walking,AT,55,female,7,paid_work,decile_5,5,1,4,10,0,1,3,4
gasoline_car,AT,85,male,3,retired,decile_6,1,1,4,7,2,4,4,2
gasoline_car,AT,56,female,4,paid_work,decile_4,5,2,2,6,3,4,2,5
public_transport,AT,29,male,4,paid_work,decile_3,5,1,4,8,8,2,4,3
gasoline_car,AT,49,female,3,paid_work,decile_3,5,3,4,9,5,4,3,2
gasoline_car,AT,59,male,3,paid_work,decile_7,5,2,2,5,0,4,5,3
gasoline_car,AT,64,female,2,retired,decile_5,1,2,3,3,5,3,5,3
gasoline_car,AT,73,female,3,retired,decile_6,4,1,3,10,8,6,6,3
public_transport,AT,36,male,4,paid_work,decile_9,5,1,4,6,9,1,4,3
electric_car,AT,56,female,5,paid_work,decile_9,5,2,5,10,0,4,5,3
public_transport,AT,40,male,2,retired,decile_8,4,2,3,6,2,3,3,4
gasoline_car,AT,67,female,4,retired,decile_7,5,1,3,8,9,4,3,3
public_transport,AT,27,female,3,education,decile_2,5,2,5,7,8,4,5,3
gasoline_car,AT,64,male,3,retired,decile_8,5,1,3,2,2,5,6,4
walking,AT,66,male,3,retired,decile_7,5,2,3,3,8,3,3,4
bicycle,AT,31,male,5,education,decile_3,5,2,3,7,3,5,5,3
public_transport,AT,45,female,6,sick_disabled,decile_2,5,3,3,7,9,4,4,3
electric_car,AT,33,male,3,paid_work,decile_10,5,1,3,6,3,4,6,2
public_transport,AT,46,female,5,paid_work,decile_7,5,2,3,6,10,3,4,3
gasoline_car,AT,45,female,3,paid_work,decile_5,5,2,4,6,8,6,6,3
public_transport,AT,76,female,6,retired,decile_6,5,4,5,10,10,2,6,3
electric_car,AT,49,male,7,retired,decile_9,5,1,2,10,7,5,6,1
gasoline_car,AT,65,female,3,retired,decile_8,5,1,4,10,4,6,6,4
public_transport,AT,60,female,5,paid_work,decile_6,3,2,3,8,8,4,4,4
gasoline_car,AT,75,female,3,retired,decile_5,3,2,2,8,0,5,6,2
walking,AT,72,male,3,retired,decile_6,5,1,3,5,5,3,5,3
bicycle,AT,71,male,7,retired,decile_6,1,1,4,8,7,3,1,4
bicycle,AT,66,male,3,paid_work,decile_7,5,1,3,9,5,5,5,4
bicycle,AT,29,male,6,paid_work,decile_3,5,1,3,7,10,5,6,1
bicycle,AT,66,male,3,retired,decile_8,5,1,5,10,2,3,2,4
walking,AT,38,female,4,paid_work,decile_1,5,3,3,7,0,3,5,4
public_transport,AT,67,female,7,retired,decile_10,5,1,3,7,8,4,4,3
electric_car,AT,49,female,5,paid_work,decile_7,5,2,4,7,0,0,5,3
gasoline_car,AT,60,female,3,paid_work,decile_7,5,1,4,5,5,4,4,4
walking,AT,63,male,3,paid_work,decile_6,5,1,3,8,10,3,5,3
bicycle,AT,45,female,7,paid_work,decile_2,5,2,3,9,4,4,3,3
gasoline_car,AT,77,female,3,retired,decile_3,5,2,4,0,5,5,5,1
public_transport,AT,75,female,3,retired,decile_5,1,2,4,5,8,3,3,3
electric_car,AT,74,male,7,retired,decile_2,5,3,2,8,10,6,5,4
gasoline_car,AT,73,female,3,retired,decile_8,5,2,1,4,1,2,4,5
public_transport,AT,46,female,3,paid_work,decile_6,5,2,1,0,2,6,5,5
walking,AT,74,male,4,retired,decile_6,5,1,2,2,5,5,4,4
public_transport,AT,60,female,3,paid_work,decile_3,1,1,3,7,4,3,5,3
bicycle,AT,84,female,5,retired,decile_3,5,2,3,8,8,3,5,3
public_transport,AT,67,female,3,retired,decile_3,5,2,3,9,8,6,5,3
bicycle,AT,51,male,7,paid_work,decile_6,5,2,3,6,5,5,6,3
walking,AT,90,male,3,retired,decile_3,1,2,3,5,5,4,4,3
gasoline_car,AT,70,male,4,retired,decile_8,4,1,4,9,7,5,5,2
public_transport,AT,45,male,7,paid_work,decile_7,5,1,3,5,10,4,5,2
walking,AT,32,female,6,paid_work,decile_4,5,2,3,2,3,3,6,2
public_transport,AT,60,male,3,paid_work,decile_10,5,1,3,6,9,3,4,3
electric_car,AT,34,female,5,housework,decile_6,5,2,3,7,6,4,4,3
gasoline_car,AT,63,female,3,retired,decile_3,4,1,4,5,10,4,6,2
gasoline_car,AT,65,male,6,paid_work,decile_7,5,2,4,8,0,2,6,1
walking,AT,44,female,4,paid_work,decile_6,5,1,3,5,10,5,6,3
public_transport,AT,42,male,3,education,decile_2,5,2,4,7,9,3,4,3
gasoline_car,AT,90,female,3,paid_work,decile_3,5,1,3,5,5,3,4,3
public_transport,AT,56,male,5,paid_work,decile_10,5,1,2,1,9,5,5,1
bicycle,AT,32,male,6,paid_work,decile_1,5,2,3,4,7,4,5,1
gasoline_car,AT,64,male,3,retired,decile_7,5,1,4,5,5,5,4,5
public_transport,AT,26,female,6,education,decile_3,5,2,5,10,8,3,6,3
public_transport,AT,76,male,5,retired,decile_4,5,2,3,3,8,3,5,3
bicycle,AT,90,male,4,paid_work,decile_8,5,2,5,8,7,4,4,3
bicycle,AT,61,female,3,paid_work,decile_5,5,2,5,8,5,2,5,3
gasoline_car,AT,40,female,6,paid_work,decile_10,5,1,4,9,3,4,5,3
bicycle,AT,45,female,5,paid_work,decile_4,5,2,3,7,3,3,5,3
public_transport,AT,44,female,6,sick_disabled,decile_1,5,2,4,5,10,4,5,2
gasoline_car,AT,45,female,4,paid_work,decile_9,5,1,3,5,4,4,3,3
public_transport,AT,28,female,7,paid_work,decile_2,5,3,5,6,7,2,2,2
gasoline_car,AT,59,female,6,paid_work,decile_8,4,1,4,9,2,4,6,4
public_transport,AT,35,female,7,paid_work,decile_9,5,2,4,10,6,4,4,5
gasoline_car,AT,44,female,3,paid_work,decile_7,5,2,3,4,4,3,3,3
gasoline_car,AT,67,female,3,retired,decile_7,1,1,3,5,5,3,3,3
gasoline_car,AT,82,male,5,retired,decile_6,5,1,4,8,7,5,6,4
gasoline_car,AT,57,female,5,paid_work,decile_10,5,1,3,8,7,5,6,4
public_transport,AT,87,male,7,retired,decile_9,5,1,5,8,10,2,6,1
public_transport,AT,79,female,2,retired,decile_1,2,2,4,8,9,4,4,3
gasoline_car,AT,47,female,3,paid_work,decile_5,3,2,3,10,4,4,6,2
walking,AT,54,female,3,housework,decile_3,5,1,3,6,9,4,4,4
gasoline_car,AT,65,male,4,retired,decile_8,5,1,4,4,0,2,5,4
walking,AT,69,female,3,retired,decile_8,3,1,2,5,9,2,3,4
gasoline_car,AT,31,male,3,paid_work,decile_9,3,2,2,0,0,3,3,3
gasoline_car,AT,74,female,6,retired,decile_2,5,3,3,5,3,5,4,4
gasoline_car,AT,67,male,5,retired,decile_9,5,2,2,1,9,4,5,2
walking,AT,71,male,7,retired,decile_7,5,1,3,10,8,5,4,2
bicycle,AT,65,male,3,retired,decile_8,5,2,4,7,3,4,5,2
gasoline_car,AT,72,male,6,retired,decile_5,4,2,4,7,7,4,6,3
walking,AT,76,male,3,retired,decile_7,1,2,3,6,10,4,3,4
walking,AT,67,female,3,retired,decile_2,5,3,5,10,5,4,5,5
public_transport,AT,37,female,6,education,decile_8,5,2,4,7,9,5,4,2
bicycle,AT,25,male,4,education,decile_2,5,1,3,8,7,1,6,5
bicycle,AT,23,male,5,education,decile_3,5,1,3,7,7,4,4,5
walking,AT,70,female,3,retired,decile_9,5,1,4,9,10,4,5,3
walking,AT,80,female,3,retired,decile_6,5,2,3,6,2,4,6,3
public_transport,AT,55,male,3,paid_work,decile_3,5,2,4,7,9,0,3,2
gasoline_car,AT,43,female,3,paid_work,decile_7,4,2,3,7,4,4,5,3
bicycle,AT,46,female,6,housework,decile_6,5,1,4,7,10,2,3,2
walking,AT,23,male,4,paid_work,decile_2,5,1,5,5,10,3,4,3
gasoline_car,AT,78,male,3,retired,decile_2,1,2,3,9,10,2,6,3
bicycle,AT,25,female,5,education,decile_1,5,2,5,10,8,4,6,3
public_transport,AT,58,female,5,paid_work,decile_9,5,2,5,9,10,3,6,3
bicycle,AT,39,male,6,paid_work,decile_4,5,1,4,4,9,5,5,2
gasoline_car,AT,86,male,3,retired,decile_3,1,2,2,2,3,2,6,2
bicycle,AT,63,female,5,retired,decile_7,2,2,4,8,3,4,5,4
bicycle,AT,32,female,7,unemployed_looking,decile_4,5,1,4,7,9,4,6,4
gasoline_car,AT,71,female,3,housework,decile_1,1,3,3,4,1,3,2,4
electric_car,AT,53,male,3,paid_work,decile_10,5,1,1,3,8,6,5,5
public_transport,AT,65,female,7,retired,decile_4,5,2,3,8,10,4,1,2
walking,AT,73,male,3,retired,decile_6,1,1,4,8,5,6,6,4
public_transport,AT,37,female,6,paid_work,decile_2,5,1,4,7,10,3,4,4
walking,AT,68,female,3,retired,decile_5,5,2,3,4,4,6,6,4
gasoline_car,AT,66,female,3,retired,decile_3,5,2,3,5,10,5,5,4
walking,AT,60,female,5,retired,decile_3,5,3,4,10,9,3,3,4
gasoline_car,AT,76,male,6,retired,decile_9,1,1,3,9,2,1,2,4
public_transport,AT,45,male,6,paid_work,decile_5,5,2,5,7,6,3,4,3
public_transport,AT,38,female,7,paid_work,decile_7,5,1,4,7,7,4,5,4
public_transport,AT,61,female,6,paid_work,decile_4,5,1,3,7,10,5,5,2
walking,AT,41,female,3,paid_work,decile_9,5,2,3,4,2,4,4,4
gasoline_car,AT,75,female,3,retired,decile_2,5,2,4,4,3,4,4,4
walking,AT,60,male,7,paid_work,decile_7,4,1,3,6,6,4,6,1
bicycle,AT,54,female,7,retired,decile_1,3,4,4,8,3,4,4,3
walking,AT,81,female,3,retired,decile_5,2,2,3,6,10,2,4,3
public_transport,AT,52,female,4,paid_work,decile_4,5,2,4,8,9,3,5,3
public_transport,AT,76,female,3,retired,decile_6,5,1,3,8,7,1,5,4
gasoline_car,AT,53,female,5,paid_work,decile_8,5,2,4,8,4,4,6,4
walking,AT,79,female,3,retired,decile_3,1,2,3,8,8,4,6,2
gasoline_car,AT,43,female,3,paid_work,decile_5,5,3,3,5,5,3,5,3
public_transport,AT,90,female,5,retired,decile_6,5,2,3,7,8,3,4,3
walking,AT,69,male,3,retired,decile_6,1,1,4,8,8,5,4,3
bicycle,BE,63,male,4,retired,decile_10,5,1,5,9,8,6,4,4
gasoline_car,BE,58,male,6,other,decile_3,5,3,3,1,1,3,2,4
gasoline_car,BE,27,male,7,paid_work,decile_10,5,1,3,6,10,3,4,3
electric_car,BE,44,male,5,paid_work,decile_9,5,2,3,6,6,4,4,4
gasoline_car,BE,84,male,6,retired,decile_6,5,1,4,8,0,4,4,3
gasoline_car,BE,34,female,5,paid_work,decile_6,5,2,3,5,5,2,3,3
bicycle,BE,41,female,6,paid_work,decile_8,5,1,5,7,4,4,4,2
electric_car,BE,64,male,7,paid_work,decile_10,5,1,4,8,5,4,5,3
gasoline_car,BE,59,female,4,paid_work,decile_6,5,1,3,7,6,3,3,3
electric_car,BE,33,female,4,paid_work,decile_8,5,2,3,5,6,3,3,5
gasoline_car,BE,24,female,6,education,decile_8,5,1,3,5,7,4,5,3
walking,BE,61,female,3,housework,decile_4,5,2,2,4,7,5,4,4
gasoline_car,BE,33,female,7,paid_work,decile_4,5,2,4,6,6,4,4,2
gasoline_car,BE,77,male,5,retired,decile_8,5,1,4,7,3,3,3,3
bicycle,BE,34,female,7,paid_work,decile_8,4,1,4,9,7,3,5,2
public_transport,BE,80,female,4,housework,decile_9,5,1,5,9,8,5,5,2
electric_car,BE,53,male,7,paid_work,decile_9,5,1,4,8,8,3,3,3
walking,BE,84,female,6,retired,decile_3,2,2,5,10,2,4,6,2
gasoline_car,BE,54,female,6,paid_work,decile_7,5,2,4,7,8,2,5,2
public_transport,BE,50,female,5,paid_work,decile_7,5,3,4,10,10,4,5,5
gasoline_car,BE,71,male,4,retired,decile_8,5,1,3,5,5,3,4,3
gasoline_car,BE,53,male,6,paid_work,decile_6,5,2,3,6,3,3,4,4
bicycle,BE,67,female,7,retired,decile_8,5,2,4,7,7,3,5,2
walking,BE,69,female,7,retired,decile_6,5,2,4,5,3,3,5,3
electric_car,BE,51,male,7,paid_work,decile_7,5,1,3,7,1,4,6,2
public_transport,BE,39,male,7,paid_work,decile_9,5,2,3,6,8,5,5,4
public_transport,BE,41,male,7,paid_work,decile_7,5,1,3,7,8,5,4,5
electric_car,BE,53,male,7,paid_work,decile_10,5,2,3,8,8,1,6,3
gasoline_car,BE,61,male,4,paid_work,decile_8,5,2,3,5,0,3,4,4
gasoline_car,BE,67,male,2,retired,decile_5,5,2,3,7,7,4,5,3
walking,BE,37,female,7,paid_work,decile_9,5,1,4,8,10,4,5,2
gasoline_car,BE,68,female,6,retired,decile_8,5,1,3,6,7,5,5,3
electric_car,BE,58,female,6,paid_work,decile_10,5,1,2,2,5,5,6,1
public_transport,BE,56,female,7,paid_work,decile_9,5,1,3,7,4,3,2,4
electric_car,BE,40,female,7,paid_work,decile_9,5,1,3,4,6,4,4,2
bicycle,BE,62,male,4,paid_work,decile_8,5,1,5,10,0,3,5,1
bicycle,BE,80,male,3,retired,decile_3,4,2,3,7,7,4,4,3
gasoline_car,BE,33,female,6,paid_work,decile_3,5,1,3,7,8,4,2,3
gasoline_car,BE,60,male,7,housework,decile_3,5,1,4,7,8,6,5,2
electric_car,BE,69,female,7,retired,decile_5,5,3,4,8,7,2,5,3
electric_car,BE,54,female,6,paid_work,decile_5,5,3,3,7,5,6,1,3
gasoline_car,BE,74,male,6,retired,decile_6,4,2,2,1,5,4,2,4
bicycle,BE,61,male,6,paid_work,decile_5,4,2,3,5,9,4,5,2
gasoline_car,BE,35,male,4,sick_disabled,decile_4,5,3,1,0,9,4,2,5
bicycle,BE,56,female,5,sick_disabled,decile_4,5,2,4,2,7,1,4,4
bicycle,BE,50,female,7,paid_work,decile_7,4,1,3,6,8,5,2,3
bicycle,BE,30,male,5,paid_work,decile_7,5,1,3,6,7,5,4,3
public_transport,BE,44,female,7,paid_work,decile_5,5,1,5,10,7,2,5,4
bicycle,BE,53,male,6,paid_work,decile_7,5,2,3,8,6,4,6,4
electric_car,BE,57,male,2,paid_work,decile_10,5,2,2,2,8,0,6,5
walking,BE,51,male,6,paid_work,decile_4,5,2,4,9,5,3,3,3
electric_car,BE,67,male,4,housework,decile_8,5,1,5,7,8,2,4,4
gasoline_car,BE,73,male,4,retired,decile_6,5,2,3,7,2,4,5,3
bicycle,BE,65,female,6,retired,decile_8,5,1,5,8,7,5,5,3
public_transport,BE,69,female,7,retired,decile_7,5,1,4,9,8,3,5,3
walking,BE,42,female,7,paid_work,decile_8,5,1,4,7,4,3,5,2
gasoline_car,BE,70,female,6,retired,decile_7,5,1,4,4,7,3,4,3
gasoline_car,BE,38,male,4,paid_work,decile_8,5,2,2,3,4,5,6,4
electric_car,BE,31,female,7,paid_work,decile_8,5,1,3,8,3,5,5,3
gasoline_car,BE,71,male,2,paid_work,decile_5,5,1,1,0,5,4,4,5
gasoline_car,BE,66,male,6,paid_work,decile_8,5,1,5,7,7,4,4,2
gasoline_car,BE,45,male,4,paid_work,decile_7,5,2,2,5,6,4,6,4
electric_car,BE,30,female,4,paid_work,decile_7,5,1,3,6,4,4,4,3
walking,BE,65,female,6,unemployed_not_looking,decile_5,4,2,4,8,8,4,5,3
bicycle,BE,44,female,6,paid_work,decile_9,5,1,4,7,7,4,6,2
public_transport,BE,65,male,1,paid_work,decile_2,5,3,3,6,10,3,3,3
bicycle,BE,37,female,7,paid_work,decile_9,5,1,5,7,6,4,5,2
public_transport,BE,76,male,5,retired,decile_3,5,2,3,6,10,2,3,4
bicycle,BE,46,female,6,paid_work,decile_9,5,2,4,7,8,3,3,3
bicycle,BE,62,male,6,paid_work,decile_7,5,1,4,9,7,5,6,2
gasoline_car,BE,78,male,7,retired,decile_5,5,2,1,0,2,3,5,5
bicycle,BE,65,female,3,retired,decile_5,5,1,3,0,6,4,5,2
bicycle,BE,60,male,6,paid_work,decile_8,5,1,3,7,6,3,5,3
gasoline_car,BE,29,female,7,paid_work,decile_7,5,1,3,3,5,3,4,4
public_transport,BE,28,male,6,education,decile_1,5,3,5,8,5,4,3,4
public_transport,BE,57,male,6,paid_work,decile_8,5,2,5,8,9,3,4,3
gasoline_car,BE,63,male,6,retired,decile_9,5,1,3,5,1,4,6,2
gasoline_car,BE,38,female,7,paid_work,decile_7,5,3,4,4,2,2,2,3
public_transport,BE,48,female,5,paid_work,decile_7,5,1,2,6,8,3,5,2
gasoline_car,BE,39,male,5,paid_work,decile_9,5,2,4,3,2,4,4,5
gasoline_car,BE,36,male,2,paid_work,decile_4,5,2,3,5,7,4,5,3
gasoline_car,BE,54,male,6,paid_work,decile_7,5,1,4,6,5,3,5,3
gasoline_car,BE,47,female,3,paid_work,decile_8,5,1,3,6,6,4,4,3
gasoline_car,BE,59,female,5,sick_disabled,decile_2,4,4,4,8,10,0,5,5
bicycle,BE,63,male,7,paid_work,decile_10,5,1,3,5,7,3,4,2
gasoline_car,BE,31,male,7,paid_work,decile_8,5,1,4,7,0,3,4,4
gasoline_car,BE,76,female,7,housework,decile_5,5,1,4,5,2,4,5,3
public_transport,BE,25,male,6,paid_work,decile_7,5,1,2,3,6,4,5,3
bicycle,BE,80,male,4,retired,decile_3,4,2,4,0,0,6,1,3
gasoline_car,BE,61,female,6,retired,decile_6,5,2,3,8,1,3,3,4
bicycle,BE,67,male,6,housework,decile_4,5,2,4,7,5,4,5,3
public_transport,BE,26,female,6,paid_work,decile_7,5,2,3,5,3,2,3,4
bicycle,BE,57,male,4,paid_work,decile_10,5,1,5,10,6,4,1,4
electric_car,BE,65,male,7,retired,decile_10,5,1,3,4,4,4,4,4
gasoline_car,BE,28,male,7,paid_work,decile_6,5,1,3,7,4,4,4,4
gasoline_car,BE,47,male,4,paid_work,decile_7,5,1,5,7,5,2,5,3
bicycle,BE,73,female,1,retired,decile_4,4,2,4,5,8,2,3,3
gasoline_car,BE,67,female,6,retired,decile_2,5,2,5,6,7,2,0,5
electric_car,BE,22,female,5,paid_work,decile_10,5,1,4,8,7,4,4,4
bicycle,BE,47,female,7,paid_work,decile_9,5,2,3,5,5,3,3,3
gasoline_car,BE,29,male,6,paid_work,decile_10,5,1,3,5,7,4,6,5
electric_car,BE,31,male,6,paid_work,decile_7,5,1,3,4,3,4,5,3
gasoline_car,BE,85,male,2,retired,decile_9,1,1,3,5,8,3,5,2
gasoline_car,BE,79,male,6,retired,decile_3,4,3,3,1,2,2,4,4
gasoline_car,BE,38,female,7,paid_work,decile_7,5,2,4,8,2,4,4,4
bicycle,BE,45,male,7,paid_work,decile_9,4,1,4,6,7,4,4,2
gasoline_car,BE,66,male,7,retired,decile_7,4,1,3,6,6,3,3,3
bicycle,BE,56,male,4,paid_work,decile_9,5,1,5,8,7,5,5,1
bicycle,BE,28,female,6,paid_work,decile_7,5,1,4,7,6,3,4,3
bicycle,BE,71,female,4,paid_work,decile_5,5,1,2,5,5,4,5,3
bicycle,BE,49,female,4,paid_work,decile_8,5,1,5,8,7,5,6,3
gasoline_car,BE,57,female,7,paid_work,decile_4,5,1,2,6,6,1,4,2
gasoline_car,BE,68,female,4,retired,decile_2,2,1,2,3,6,3,5,3
gasoline_car,BE,51,male,6,paid_work,decile_10,5,1,3,6,4,2,3,3
gasoline_car,BE,80,male,2,retired,decile_4,5,3,2,4,3,1,4,3
gasoline_car,BE,61,male,4,paid_work,decile_10,5,1,5,7,8,5,4,2
electric_car,BE,56,female,6,paid_work,decile_6,5,1,3,7,2,4,5,3
electric_car,BE,63,male,7,paid_work,decile_10,5,1,3,4,6,2,5,2
electric_car,BE,66,female,6,retired,decile_9,5,1,3,10,10,3,5,3
gasoline_car,BE,67,male,6,retired,decile_3,5,2,3,5,4,4,3,4
bicycle,BE,45,female,6,paid_work,decile_8,5,1,5,8,7,4,5,2
bicycle,BE,37,female,4,paid_work,decile_7,5,2,5,3,8,3,6,2
gasoline_car,BE,88,female,5,retired,decile_4,5,2,2,5,5,0,4,2
electric_car,BE,61,male,7,paid_work,decile_8,5,2,3,10,2,3,5,1
gasoline_car,BE,26,female,7,paid_work,decile_10,5,1,2,4,5,3,5,2
gasoline_car,BE,33,male,7,paid_work,decile_5,5,2,5,5,6,1,5,4
bicycle,BE,68,male,4,retired,decile_6,5,1,3,5,2,5,4,4
bicycle,BE,49,male,7,paid_work,decile_10,5,1,4,8,7,2,6,2
gasoline_car,BE,45,male,4,paid_work,decile_7,5,3,4,6,0,4,4,3
gasoline_car,BE,55,female,4,paid_work,decile_4,5,2,3,5,7,5,5,3
bicycle,BE,66,female,3,retired,decile_7,5,1,4,6,4,3,3,3
walking,BE,27,female,4,housework,decile_6,5,2,2,2,4,6,3,4
gasoline_car,BE,56,male,7,housework,decile_9,5,2,3,6,7,3,1,5
bicycle,BE,58,female,7,paid_work,decile_9,5,1,3,9,10,5,5,2
public_transport,BE,57,female,7,paid_work,decile_5,4,1,4,6,5,4,5,3
bicycle,BE,71,male,7,housework,decile_7,5,2,5,8,8,5,6,4
gasoline_car,BE,43,female,5,housework,decile_10,5,1,3,6,6,5,5,4
electric_car,BE,64,male,6,sick_disabled,decile_7,5,1,4,10,10,1,4,1
bicycle,BE,23,male,4,education,decile_8,5,2,2,6,4,5,5,4
electric_car,BE,55,female,7,housework,decile_10,5,1,3,8,5,2,4,2
electric_car,BE,80,male,4,paid_work,decile_6,5,2,3,8,5,4,6,3
bicycle,BE,42,male,4,paid_work,decile_8,5,3,4,8,7,3,5,3
bicycle,BE,48,male,2,paid_work,decile_8,5,2,3,6,6,4,3,3
gasoline_car,BE,42,male,6,paid_work,decile_7,5,2,4,7,2,3,4,3
bicycle,BE,33,female,6,paid_work,decile_7,5,1,4,7,8,6,4,3
gasoline_car,BE,60,female,7,paid_work,decile_9,5,1,5,10,5,3,3,2
gasoline_car,BE,57,female,2,paid_work,decile_7,5,2,2,3,5,4,6,1
walking,BE,62,female,6,paid_work,decile_5,5,1,4,7,6,3,4,4
bicycle,BE,25,female,6,education,decile_6,5,1,3,6,10,4,5,1
bicycle,BE,63,male,2,retired,decile_5,5,2,2,4,7,3,5,3
gasoline_car,BE,72,male,4,retired,decile_4,5,2,2,0,8,3,5,3
gasoline_car,BE,34,female,7,paid_work,decile_6,5,1,3,5,4,3,2,4
gasoline_car,BE,68,male,5,retired,decile_6,5,1,2,5,9,3,6,3
bicycle,BE,43,female,5,paid_work,decile_3,4,2,3,7,6,3,4,4
walking,BE,62,male,6,paid_work,decile_9,5,1,4,6,6,2,5,3
gasoline_car,BE,82,male,6,retired,decile_4,1,2,2,5,8,6,6,1
bicycle,BE,52,male,7,paid_work,decile_7,5,1,3,5,8,5,5,2
bicycle,BE,36,female,7,paid_work,decile_7,5,1,5,7,10,5,6,4
public_transport,BE,65,female,5,retired,decile_8,5,2,3,7,8,4,4,3
electric_car,BE,61,male,6,paid_work,decile_6,5,2,4,7,1,1,2,3
gasoline_car,BE,48,female,5,paid_work,decile_8,5,1,3,5,5,5,6,3
gasoline_car,BE,59,male,7,paid_work,decile_10,4,1,4,7,7,4,6,3
gasoline_car,BE,68,male,2,retired,decile_5,5,1,3,8,6,1,4,3
public_transport,BE,27,female,6,education,decile_5,5,1,4,7,3,3,5,4
electric_car,BE,43,male,7,paid_work,decile_10,5,1,3,5,5,5,5,3
electric_car,BE,52,female,6,paid_work,decile_7,5,1,3,5,8,2,0,4
gasoline_car,BE,64,female,6,unemployed_not_looking,decile_3,5,3,3,7,9,4,5,3
public_transport,BE,74,female,4,retired,decile_2,3,3,3,7,10,4,2,3
walking,BE,84,female,1,retired,decile_2,4,2,3,4,5,3,5,4
gasoline_car,BE,67,male,6,retired,decile_8,5,2,5,10,4,4,5,3
gasoline_car,BE,54,male,2,paid_work,decile_5,5,2,3,7,6,4,4,3
public_transport,BE,24,female,6,education,decile_4,5,2,3,6,6,4,6,3
bicycle,BE,63,male,7,paid_work,decile_6,5,1,5,8,8,5,5,2
electric_car,BE,38,female,6,paid_work,decile_6,5,2,4,7,4,1,3,4
electric_car,BE,58,female,4,paid_work,decile_10,5,2,2,5,4,3,2,3
electric_car,BE,37,female,7,paid_work,decile_7,5,1,3,4,6,3,5,4
gasoline_car,BE,50,female,6,paid_work,decile_6,5,2,3,7,5,4,4,4
electric_car,BE,65,female,1,retired,decile_7,4,1,3,7,6,6,5,3
gasoline_car,BE,58,male,4,paid_work,decile_2,5,2,5,10,10,3,3,5
electric_car,BE,85,male,6,retired,decile_8,5,1,3,3,5,3,5,3
public_transport,BE,77,male,6,retired,decile_6,5,1,4,9,9,4,5,4
walking,BE,42,male,6,paid_work,decile_7,5,1,3,8,5,5,5,3
walking,BE,61,male,7,paid_work,decile_9,5,1,4,7,8,4,4,2
electric_car,BE,53,female,5,paid_work,decile_6,5,2,3,5,4,4,4,4
bicycle,BE,62,male,5,paid_work,decile_10,5,1,4,8,8,5,3,2
electric_car,BE,42,male,7,paid_work,decile_10,5,1,5,6,4,2,3,3
public_transport,BE,26,male,6,other,decile_10,5,1,5,10,7,1,5,5
gasoline_car,BE,54,female,6,sick_disabled,decile_6,5,2,4,4,7,4,2,4
public_transport,BE,66,male,7,retired,decile_8,5,2,5,10,6,3,2,3
gasoline_car,BE,65,male,4,paid_work,decile_10,5,1,1,0,5,4,3,1
electric_car,BE,45,male,7,paid_work,decile_10,5,1,4,7,6,5,4,4
gasoline_car,BE,60,male,7,paid_work,decile_8,5,1,4,5,5,3,4,3
public_transport,BE,40,male,7,paid_work,decile_3,5,1,3,8,5,2,4,2
electric_car,BE,52,male,6,paid_work,decile_7,5,1,2,8,5,5,4,3
gasoline_car,BE,43,female,7,paid_work,decile_5,5,2,3,7,4,4,5,3
gasoline_car,BE,38,male,4,paid_work,decile_9,5,1,3,6,7,4,4,4
gasoline_car,BE,60,male,7,paid_work,decile_8,5,1,2,2,3,5,6,1
electric_car,BE,71,female,7,retired,decile_9,5,1,4,8,6,4,3,3
electric_car,BE,78,male,7,retired,decile_6,5,2,2,8,3,5,5,3
bicycle,BE,76,male,6,retired,decile_7,5,1,4,7,3,4,4,3
electric_car,BE,59,male,7,unemployed_looking,decile_6,5,2,3,7,0,5,5,2
gasoline_car,BE,58,female,6,sick_disabled,decile_7,5,1,3,5,10,2,3,3
gasoline_car,BE,55,male,7,paid_work,decile_9,5,1,2,3,4,5,6,2
public_transport,BE,51,female,4,paid_work,decile_1,5,2,4,2,8,1,0,3
gasoline_car,BE,51,male,3,paid_work,decile_9,5,1,3,6,7,4,5,3
electric_car,BE,44,male,7,paid_work,decile_10,4,1,3,7,7,3,4,2
public_transport,BE,21,female,5,education,decile_5,5,1,4,6,9,3,5,3
bicycle,BE,47,female,6,housework,decile_8,5,2,5,3,5,4,5,5
gasoline_car,BE,63,male,3,retired,decile_7,2,2,3,7,2,3,3,4
gasoline_car,BE,60,male,6,retired,decile_6,5,2,3,5,9,5,5,3
gasoline_car,BE,55,female,7,paid_work,decile_9,5,2,5,8,2,4,5,3
bicycle,BE,43,female,7,paid_work,decile_6,5,2,5,10,6,4,5,1
gasoline_car,BE,33,male,4,paid_work,decile_9,5,2,3,1,6,2,5,1
gasoline_car,BE,37,male,6,paid_work,decile_8,5,1,4,9,5,4,3,2
electric_car,BE,48,male,7,paid_work,decile_9,5,1,3,10,3,2,6,4
bicycle,BE,59,male,4,paid_work,decile_7,5,1,5,8,8,3,3,2
gasoline_car,BE,42,female,6,housework,decile_9,5,1,4,6,7,3,3,3
bicycle,BE,64,male,7,paid_work,decile_9,5,1,4,7,8,5,5,3
bicycle,BE,64,male,4,retired,decile_7,5,1,5,10,9,3,5,3
gasoline_car,BE,40,female,6,paid_work,decile_7,5,1,3,6,5,3,3,3
gasoline_car,BE,68,female,6,retired,decile_3,4,1,3,10,8,4,4,3
gasoline_car,BE,43,male,4,paid_work,decile_5,5,1,4,5,5,4,6,2
walking,BE,56,male,6,paid_work,decile_6,5,3,5,6,3,4,3,3
gasoline_car,BE,72,male,4,retired,decile_6,5,1,3,5,5,4,5,3
walking,BE,75,male,4,retired,decile_5,5,2,3,2,5,5,5,3
bicycle,BE,60,male,4,paid_work,decile_4,5,1,3,7,6,5,5,2
bicycle,BE,78,female,4,retired,decile_4,4,1,2,0,0,4,4,3
gasoline_car,BE,43,female,7,housework,decile_10,5,1,4,7,5,4,4,3
gasoline_car,BE,69,male,5,retired,decile_2,3,3,4,5,4,0,3,3
bicycle,BE,21,male,4,education,decile_7,5,1,4,6,8,5,5,3
walking,BE,82,male,4,retired,decile_3,2,2,4,5,7,4,5,2
public_transport,BE,57,male,6,paid_work,decile_6,5,1,3,5,3,2,3,3
public_transport,BE,28,male,6,paid_work,decile_7,5,2,5,3,10,2,5,3
gasoline_car,BE,76,female,4,retired,decile_4,5,1,3,5,2,4,4,3
gasoline_car,BE,55,female,6,paid_work,decile_9,5,1,3,6,7,4,4,3
gasoline_car,BE,53,female,4,sick_disabled,decile_6,5,3,2,5,10,3,2,2
electric_car,BE,57,male,4,paid_work,decile_9,5,2,5,0,8,6,1,5
public_transport,BE,59,male,6,housework,decile_9,5,1,3,3,3,3,4,2
electric_car,BE,63,male,7,paid_work,decile_8,5,1,3,3,10,2,5,3
gasoline_car,BE,52,female,2,paid_work,decile_3,5,3,4,6,3,3,4,4
gasoline_car,BE,38,female,3,paid_work,decile_6,5,3,3,5,2,1,1,3
gasoline_car,BE,62,female,4,sick_disabled,decile_3,5,3,2,4,0,4,2,4
walking,BE,79,male,6,retired,decile_4,5,1,3,4,5,3,4,3
electric_car,BE,53,female,7,paid_work,decile_9,5,1,4,7,6,5,3,3
electric_car,BE,58,male,7,paid_work,decile_6,5,1,5,2,3,5,5,2
gasoline_car,BE,69,female,5,retired,decile_5,5,4,3,7,0,0,0,4
electric_car,BE,51,female,7,paid_work,decile_10,5,2,4,9,10,4,6,2
walking,BE,72,male,2,retired,decile_3,1,2,4,10,6,5,3,3
gasoline_car,BE,81,male,7,retired,decile_3,5,3,2,1,9,5,5,5
gasoline_car,BE,62,female,6,paid_work,decile_10,5,1,3,8,8,4,4,3
bicycle,BE,73,male,2,retired,decile_5,3,2,3,3,7,4,3,3
public_transport,BE,26,male,6,education,decile_7,5,1,4,8,8,0,5,2
gasoline_car,BE,60,male,3,paid_work,decile_10,5,1,3,5,5,4,4,4
gasoline_car,BE,36,male,6,paid_work,decile_7,5,2,4,5,4,3,4,4
gasoline_car,BE,39,male,5,paid_work,decile_4,5,2,3,3,2,6,6,1
gasoline_car,BE,65,female,6,paid_work,decile_9,5,1,4,7,5,3,5,3
gasoline_car,BE,69,male,4,retired,decile_7,5,1,3,4,10,5,3,3
bicycle,BE,37,female,7,housework,decile_7,5,1,5,7,6,4,6,2
electric_car,BE,57,female,7,paid_work,decile_10,5,1,4,8,7,3,5,2
bicycle,BE,64,male,7,paid_work,decile_10,5,1,5,9,10,6,6,2
electric_car,BE,35,male,6,paid_work,decile_9,5,2,4,7,9,2,5,1
gasoline_car,BE,27,female,6,paid_work,decile_8,5,1,3,5,5,4,4,4
electric_car,BE,67,male,7,paid_work,decile_6,5,1,4,8,8,2,3,3
bicycle,BE,39,female,7,paid_work,decile_9,5,1,4,8,8,5,5,3
gasoline_car,BE,70,male,2,retired,decile_5,4,2,4,5,7,4,2,4
gasoline_car,BE,23,female,4,education,decile_1,5,2,3,6,1,2,4,4
electric_car,BE,67,male,7,retired,decile_5,4,2,4,9,1,3,4,2
public_transport,BE,26,male,4,education,decile_5,5,1,3,4,2,5,5,2
walking,BE,73,female,7,retired,decile_7,5,1,4,6,3,3,4,2
gasoline_car,BE,71,male,6,retired,decile_10,5,2,3,4,3,5,4,4
gasoline_car,BE,50,female,6,paid_work,decile_8,5,2,3,5,3,3,5,4
bicycle,BE,63,male,2,sick_disabled,decile_3,4,1,4,5,7,5,5,3
electric_car,BE,77,male,7,retired,decile_3,5,4,4,7,0,3,5,4
electric_car,BE,45,male,6,paid_work,decile_10,5,1,4,5,0,5,5,4
walking,BE,75,male,6,retired,decile_4,5,1,5,8,5,3,5,3
bicycle,BE,39,female,7,paid_work,decile_9,5,2,4,9,7,5,5,2
bicycle,BE,71,male,4,education,decile_8,5,1,2,7,8,4,6,3
bicycle,BE,39,female,7,paid_work,decile_10,5,1,5,6,6,3,4,3
gasoline_car,BE,40,male,4,housework,decile_8,5,2,1,0,7,3,1,4
bicycle,BE,37,male,7,paid_work,decile_9,5,2,3,5,6,2,2,2
gasoline_car,BE,52,male,5,paid_work,decile_6,5,3,1,0,5,1,2,3
gasoline_car,BE,81,male,7,retired,decile_8,5,1,3,6,10,6,5,2
bicycle,BE,70,female,7,retired,decile_4,5,3,5,10,1,5,6,1
bicycle,BE,31,male,5,paid_work,decile_10,5,1,4,10,7,4,4,3
bicycle,BE,51,female,6,housework,decile_8,5,1,2,1,6,5,4,3
gasoline_car,BE,55,male,3,paid_work,decile_6,5,1,3,5,3,3,4,3
gasoline_car,BE,44,female,4,paid_work,decile_6,5,2,3,7,4,4,5,2
walking,BE,69,female,7,paid_work,decile_7,5,2,3,10,9,6,6,3
bicycle,BE,39,male,4,paid_work,decile_6,5,2,3,0,5,5,4,5
electric_car,BE,77,female,1,housework,decile_2,1,1,2,5,7,3,6,3
gasoline_car,BE,66,male,4,retired,decile_2,3,2,4,8,3,4,4,4
gasoline_car,BE,52,female,6,paid_work,decile_9,5,1,3,6,9,4,6,3
public_transport,BE,36,male,5,paid_work,decile_7,5,2,3,7,10,3,6,3
gasoline_car,BE,50,female,7,paid_work,decile_9,5,2,3,6,8,3,4,3
electric_car,BE,42,female,7,housework,decile_10,5,2,3,8,9,5,5,4
bicycle,BE,73,male,4,retired,decile_5,5,2,5,2,5,3,4,3
gasoline_car,BE,44,male,6,paid_work,decile_8,5,1,3,7,4,5,5,4
gasoline_car,BE,69,male,2,retired,decile_3,5,2,4,2,0,4,4,5
electric_car,BE,29,female,6,paid_work,decile_8,5,1,4,7,3,3,4,3
electric_car,BE,33,female,6,paid_work,decile_10,5,1,3,6,5,2,6,3
public_transport,BE,78,male,7,retired,decile_10,5,1,3,3,10,5,5,3
gasoline_car,BE,53,male,7,paid_work,decile_8,5,2,1,0,5,2,4,4
public_transport,BE,64,male,7,paid_work,decile_10,5,1,4,7,6,5,5,4
walking,BE,36,female,6,unemployed_looking,decile_3,5,2,2,6,6,4,3,2
gasoline_car,BE,63,female,6,sick_disabled,decile_3,5,2,3,7,7,3,4,4
electric_car,BE,56,female,3,paid_work,decile_8,2,2,3,4,5,5,5,2
walking,BE,22,male,4,education,decile_9,5,1,1,0,8,5,6,2
bicycle,BE,71,female,6,housework,decile_1,5,3,3,8,8,1,4,3
bicycle,BE,38,male,6,paid_work,decile_10,5,1,3,3,8,2,5,4
electric_car,BE,44,female,7,paid_work,decile_6,5,2,4,10,0,0,2,1
public_transport,BE,65,male,7,retired,decile_4,5,1,4,8,8,5,2,3
gasoline_car,BE,65,male,5,paid_work,decile_8,5,1,4,8,9,4,5,3
gasoline_car,BE,36,male,7,paid_work,decile_8,5,2,1,4,5,5,6,5
public_transport,BE,48,female,7,paid_work,decile_8,5,2,3,7,7,3,6,3
gasoline_car,BE,64,male,5,retired,decile_3,4,2,4,6,2,5,5,2
gasoline_car,BE,61,male,4,paid_work,decile_7,5,1,4,10,0,4,6,2
gasoline_car,BE,66,female,5,sick_disabled,decile_3,2,3,5,8,8,0,2,4
electric_car,BE,38,female,6,paid_work,decile_8,5,1,3,6,7,4,5,4
gasoline_car,BE,83,female,6,retired,decile_4,4,1,3,3,7,5,4,4
electric_car,BE,65,male,7,retired,decile_9,5,2,3,6,0,5,5,4
walking,BE,75,female,7,retired,decile_6,5,1,4,8,8,5,4,3
gasoline_car,BE,64,male,6,paid_work,decile_6,5,2,3,6,6,3,4,4
public_transport,BE,60,male,7,paid_work,decile_8,5,2,4,6,7,4,3,3
bicycle,BE,35,female,7,other,decile_1,5,1,5,5,7,4,4,3
gasoline_car,BE,37,female,6,paid_work,decile_7,5,3,3,7,2,3,2,2
bicycle,BE,44,male,6,paid_work,decile_8,5,1,3,7,7,2,2,4
gasoline_car,BE,77,male,7,retired,decile_5,5,3,4,7,9,4,5,2
bicycle,BE,51,male,3,paid_work,decile_7,5,1,3,7,5,3,4,3
gasoline_car,BE,70,male,6,paid_work,decile_7,5,1,3,6,4,5,5,4
gasoline_car,BE,53,male,5,paid_work,decile_7,4,2,4,7,7,5,5,3
gasoline_car,BE,55,male,7,paid_work,decile_9,5,1,3,6,8,3,5,4
electric_car,BE,62,male,7,paid_work,decile_10,5,1,3,6,7,4,4,2
bicycle,BE,66,male,4,retired,decile_6,5,1,3,6,6,2,2,3
bicycle,BE,28,female,6,paid_work,decile_7,5,1,5,6,4,4,5,3
bicycle,BE,69,female,5,retired,decile_6,5,1,3,5,5,4,4,4
bicycle,BE,40,female,7,paid_work,decile_7,5,1,3,7,8,3,5,2
gasoline_car,BE,79,male,2,retired,decile_6,1,1,3,8,7,4,5,1
gasoline_car,BE,67,female,6,housework,decile_4,5,1,3,5,9,2,4,3
bicycle,BE,40,male,7,paid_work,decile_8,5,1,2,2,3,2,2,5
electric_car,BE,56,male,7,paid_work,decile_10,5,1,2,3,7,3,5,4
gasoline_car,BE,46,female,6,paid_work,decile_4,5,2,4,7,6,4,3,2
public_transport,BE,60,male,6,paid_work,decile_9,5,1,4,8,9,4,5,4
public_transport,BE,24,male,5,education,decile_2,4,4,2,3,7,0,3,3
bicycle,BE,55,female,5,unemployed_looking,decile_4,5,2,3,7,8,6,6,4
bicycle,BE,71,male,3,retired,decile_4,4,2,2,2,3,2,4,4
gasoline_car,BE,63,male,4,housework,decile_5,5,2,3,5,5,5,3,3
public_transport,BE,50,female,7,paid_work,decile_9,5,1,5,9,7,3,4,2
gasoline_car,BE,36,female,7,paid_work,decile_9,5,1,2,3,8,4,4,2
gasoline_car,BE,36,female,6,paid_work,decile_9,5,2,3,5,5,3,3,4
bicycle,BE,38,male,7,housework,decile_7,5,1,3,6,7,6,6,3
gasoline_car,BE,37,female,6,housework,decile_7,5,2,4,5,7,4,4,4
electric_car,BE,68,male,4,retired,decile_8,5,2,4,7,5,5,4,2
gasoline_car,BE,58,female,4,paid_work,decile_8,5,1,3,7,8,4,5,3
bicycle,BE,57,female,6,paid_work,decile_5,5,1,4,8,7,4,4,3
gasoline_car,BE,60,male,5,paid_work,decile_9,5,1,4,8,2,5,5,2
bicycle,BE,21,female,4,paid_work,decile_6,5,1,3,4,6,3,4,4
bicycle,BE,64,female,6,retired,decile_9,5,1,4,7,7,4,5,2
gasoline_car,BE,63,male,7,paid_work,decile_10,5,1,4,8,9,6,5,3
public_transport,BE,80,female,5,retired,decile_5,5,2,3,8,8,3,5,3
gasoline_car,BE,52,male,7,paid_work,decile_9,5,1,3,1,8,2,6,1
gasoline_car,BE,39,female,7,paid_work,decile_8,5,1,3,5,6,5,5,3
gasoline_car,BE,56,female,6,paid_work,decile_5,5,1,4,8,5,5,4,3
bicycle,BE,76,female,1,retired,decile_5,1,2,3,5,6,4,6,4
bicycle,BE,47,male,4,paid_work,decile_9,5,1,1,0,8,6,5,1
gasoline_car,BE,73,female,7,retired,decile_6,5,2,3,7,3,3,2,4
electric_car,BE,58,female,5,paid_work,decile_8,5,2,2,8,1,2,6,3
gasoline_car,BE,61,female,7,education,decile_6,5,2,3,5,5,4,6,3
electric_car,BE,49,male,7,paid_work,decile_9,5,1,4,8,6,4,3,3
gasoline_car,BE,35,male,6,paid_work,decile_4,5,1,2,1,5,1,5,3
electric_car,BE,68,male,1,retired,decile_3,3,2,3,3,5,4,5,3
public_transport,BE,61,male,7,paid_work,decile_10,5,1,3,7,8,4,6,3
gasoline_car,BE,65,female,7,unemployed_not_looking,decile_9,5,1,5,7,5,3,3,3
gasoline_car,BE,41,male,7,paid_work,decile_5,5,1,3,5,7,3,4,3
electric_car,BE,56,male,4,paid_work,decile_8,5,1,4,7,4,4,4,4
bicycle,BE,53,female,6,paid_work,decile_9,5,1,4,9,2,4,5,4
gasoline_car,BE,46,female,7,paid_work,decile_10,5,1,4,8,5,6,4,2
bicycle,BE,47,female,7,paid_work,decile_8,5,2,5,8,7,3,4,3
bicycle,BE,75,female,6,retired,decile_4,4,1,3,7,8,6,5,3
walking,BE,72,male,7,retired,decile_8,5,1,3,7,9,4,5,2
electric_car,BE,78,male,7,retired,decile_6,5,1,3,7,6,4,5,4
bicycle,BE,70,female,6,retired,decile_7,4,1,3,9,8,5,5,2
bicycle,BE,65,male,6,retired,decile_10,5,1,4,6,9,6,3,4
gasoline_car,BE,46,female,6,paid_work,decile_8,5,2,3,8,8,1,5,3
gasoline_car,BE,52,female,6,paid_work,decile_9,5,1,3,5,5,3,5,3
gasoline_car,BE,32,female,6,paid_work,decile_8,5,2,3,6,4,5,5,4
gasoline_car,BE,85,female,4,retired,decile_7,1,1,2,4,7,4,5,2
bicycle,BE,35,male,7,paid_work,decile_8,5,2,3,8,8,4,5,3
bicycle,BE,70,female,6,housework,decile_9,5,1,3,7,5,5,5,3
gasoline_car,BE,76,male,7,retired,decile_4,5,1,4,2,7,4,3,1
gasoline_car,BE,57,male,4,other,decile_9,5,1,3,5,4,2,4,3
gasoline_car,BE,61,female,5,paid_work,decile_1,5,1,4,3,3,5,5,2
walking,BE,61,male,6,retired,decile_2,5,3,5,10,10,0,4,4
gasoline_car,BE,76,male,4,retired,decile_5,5,1,4,7,5,5,4,3
walking,BE,80,male,4,retired,decile_8,2,1,4,5,8,2,5,4
bicycle,BE,66,female,6,housework,decile_4,5,2,3,5,5,4,4,3
bicycle,BE,66,female,6,retired,decile_6,5,1,4,8,5,2,1,3
bicycle,BE,66,female,7,retired,decile_6,5,1,5,7,8,3,5,2
gasoline_car,BE,42,male,5,unemployed_looking,decile_2,5,4,4,4,6,1,4,4
gasoline_car,BE,78,female,6,retired,decile_1,4,3,5,8,0,5,4,4
gasoline_car,BE,33,female,6,paid_work,decile_6,5,1,3,3,3,3,2,5
electric_car,BE,64,female,6,paid_work,decile_4,5,2,4,7,2,1,3,3
gasoline_car,BE,69,female,4,retired,decile_5,1,1,4,6,5,3,3,3
gasoline_car,BE,68,male,7,retired,decile_8,5,1,3,7,7,3,5,2
gasoline_car,BE,52,male,7,paid_work,decile_9,5,1,2,2,3,4,4,3
bicycle,BE,36,male,4,paid_work,decile_6,5,1,1,0,4,5,5,5
gasoline_car,BE,73,female,6,retired,decile_8,5,2,2,5,2,1,4,4
bicycle,BE,65,male,7,retired,decile_8,5,1,4,7,5,3,4,2
gasoline_car,BE,38,female,7,paid_work,decile_7,5,2,3,4,6,4,4,4
gasoline_car,BE,75,male,7,retired,decile_10,5,1,3,8,8,2,5,4
gasoline_car,BE,52,male,2,sick_disabled,decile_2,5,4,4,8,0,5,3,4
electric_car,BE,54,male,5,paid_work,decile_7,5,2,3,3,6,2,4,3
electric_car,BE,49,male,7,paid_work,decile_10,5,1,3,5,8,5,4,3
gasoline_car,BE,55,female,6,paid_work,decile_10,5,1,3,8,0,6,5,3
bicycle,BE,60,female,7,paid_work,decile_9,5,1,3,8,8,4,4,3
gasoline_car,BE,49,male,7,housework,decile_9,5,1,3,6,9,4,5,5
bicycle,BE,51,male,6,paid_work,decile_8,5,1,4,8,3,6,6,3
gasoline_car,BE,75,female,4,retired,decile_1,5,3,3,5,3,3,3,4
gasoline_car,BE,52,female,6,paid_work,decile_8,5,1,4,7,3,6,6,3
gasoline_car,BE,53,male,7,paid_work,decile_10,5,1,3,7,8,5,4,3
gasoline_car,BE,82,male,4,retired,decile_3,5,1,3,4,5,3,4,3
walking,BE,31,male,6,paid_work,decile_10,5,2,3,8,7,6,5,4
gasoline_car,BE,34,male,6,paid_work,decile_5,5,1,3,5,6,4,4,3
gasoline_car,BE,58,male,5,paid_work,decile_3,3,3,3,5,3,3,3,4
bicycle,BE,66,male,7,retired,decile_8,5,1,4,6,4,4,5,3
gasoline_car,BE,79,female,4,retired,decile_3,5,3,4,7,8,2,5,3
gasoline_car,BE,31,female,6,paid_work,decile_9,5,1,3,6,1,4,3,4
bicycle,BE,69,male,4,housework,decile_2,3,2,3,5,10,5,5,5
gasoline_car,BE,73,female,6,retired,decile_7,5,1,5,3,9,6,5,3
electric_car,BE,58,male,6,paid_work,decile_5,5,2,4,7,5,4,4,3
gasoline_car,BE,80,male,7,retired,decile_10,5,1,2,5,7,5,5,4
gasoline_car,BE,63,female,7,housework,decile_6,5,2,3,7,4,2,3,3
gasoline_car,BE,89,female,2,housework,decile_2,1,1,2,7,0,3,4,3
gasoline_car,BE,71,female,6,retired,decile_4,5,2,3,8,10,3,5,1
gasoline_car,CZ,36,female,7,paid_work,decile_6,5,2,3,8,5,3,5,3
gasoline_car,CZ,72,male,3,retired,decile_3,5,2,1,0,10,6,5,4
walking,CZ,66,male,3,retired,decile_2,3,3,3,3,2,3,2,4
gasoline_car,CZ,42,female,5,paid_work,decile_8,5,2,3,5,1,4,5,4
gasoline_car,CZ,78,female,5,retired,decile_1,4,3,3,10,5,6,5,4
gasoline_car,CZ,53,female,4,paid_work,decile_8,5,1,3,2,5,3,5,3
bicycle,CZ,80,male,7,retired,decile_6,5,2,2,2,5,4,5,2
gasoline_car,CZ,70,male,7,retired,decile_10,5,1,2,7,4,4,6,3
gasoline_car,CZ,76,male,4,retired,decile_5,4,2,1,0,8,1,6,2
gasoline_car,CZ,33,female,4,housework,decile_6,5,2,3,5,7,4,3,4
walking,CZ,69,female,3,retired,decile_5,5,3,4,6,9,5,5,4
gasoline_car,CZ,53,female,4,paid_work,decile_2,5,4,2,4,5,5,5,2
gasoline_car,CZ,54,female,7,paid_work,decile_9,5,1,1,0,5,2,5,5
public_transport,CZ,71,male,5,retired,decile_7,5,3,3,3,0,0,3,5
gasoline_car,CZ,58,female,7,paid_work,decile_5,5,2,3,1,2,4,6,4
gasoline_car,CZ,32,female,7,housework,decile_5,5,4,4,6,5,2,4,3
gasoline_car,CZ,57,male,3,paid_work,decile_4,5,2,2,4,5,2,6,3
gasoline_car,CZ,74,male,3,retired,decile_2,1,3,2,2,8,2,6,3
gasoline_car,CZ,76,male,4,retired,decile_5,5,2,1,1,8,3,1,4
electric_car,CZ,51,male,5,paid_work,decile_8,5,1,3,7,10,4,5,2
gasoline_car,CZ,33,female,6,housework,decile_8,5,1,4,3,9,4,6,2
gasoline_car,CZ,52,male,5,paid_work,decile_9,5,2,4,7,8,5,5,4
gasoline_car,CZ,66,female,7,retired,decile_4,4,2,3,5,5,3,5,5
electric_car,CZ,53,male,5,paid_work,decile_10,5,1,2,2,10,5,6,1
gasoline_car,CZ,68,male,4,retired,decile_3,4,2,4,9,9,4,5,3
public_transport,CZ,68,female,5,retired,decile_1,1,2,2,3,10,6,6,3
gasoline_car,CZ,81,male,7,retired,decile_5,5,2,1,0,7,5,6,4
walking,CZ,89,female,5,retired,decile_2,5,2,3,3,5,5,5,3
gasoline_car,CZ,56,female,3,paid_work,decile_7,5,2,2,2,5,3,5,3
public_transport,CZ,48,female,5,paid_work,decile_9,4,2,4,7,8,4,5,4
gasoline_car,CZ,55,female,7,paid_work,decile_10,5,1,3,3,8,4,4,3
bicycle,CZ,54,female,3,paid_work,decile_8,5,2,4,5,6,2,5,4
gasoline_car,CZ,82,male,5,retired,decile_4,4,2,2,1,7,4,5,2
public_transport,CZ,76,female,7,retired,decile_5,3,2,3,1,10,3,4,5
gasoline_car,CZ,66,female,2,retired,decile_8,5,2,2,4,6,1,6,4
gasoline_car,CZ,56,male,7,paid_work,decile_10,5,1,1,0,9,5,5,5
gasoline_car,CZ,43,male,4,paid_work,decile_8,5,2,4,5,5,4,3,3
bicycle,CZ,38,female,5,housework,decile_1,4,3,4,8,8,5,5,2
walking,CZ,37,female,6,paid_work,decile_5,5,2,4,7,10,1,6,2
electric_car,CZ,37,male,7,paid_work,decile_10,5,1,4,8,8,5,5,2
gasoline_car,CZ,64,female,5,paid_work,decile_5,5,1,2,3,5,3,5,3
gasoline_car,CZ,63,male,3,paid_work,decile_10,5,2,4,7,5,1,3,5
gasoline_car,CZ,66,male,4,retired,decile_6,5,2,1,1,6,3,4,5
walking,CZ,67,female,4,retired,decile_6,4,3,3,4,8,2,5,4
walking,CZ,39,female,5,housework,decile_8,5,2,3,5,3,5,5,3
public_transport,CZ,32,female,6,paid_work,decile_6,5,2,4,6,8,2,4,2
gasoline_car,CZ,44,male,7,paid_work,decile_4,5,2,4,8,5,5,6,2
walking,CZ,64,female,7,paid_work,decile_6,5,3,3,5,4,1,4,5
public_transport,CZ,82,female,2,retired,decile_2,1,3,2,5,5,1,6,3
gasoline_car,CZ,57,male,2,sick_disabled,decile_4,4,3,3,5,7,4,5,3
gasoline_car,CZ,39,female,5,paid_work,decile_9,5,1,5,3,10,4,5,4
gasoline_car,CZ,66,female,3,housework,decile_5,4,3,1,0,5,0,0,3
gasoline_car,CZ,36,male,5,paid_work,decile_4,4,2,2,5,4,5,5,5
public_transport,CZ,61,female,3,paid_work,decile_6,3,4,1,5,9,0,6,1
public_transport,CZ,64,male,3,unemployed_not_looking,decile_1,1,3,2,3,9,0,1,3
walking,CZ,54,female,4,paid_work,decile_9,4,2,2,5,5,4,4,5
gasoline_car,CZ,79,male,5,retired,decile_6,4,2,1,0,9,4,4,4
bicycle,CZ,56,female,3,paid_work,decile_1,5,2,5,10,0,0,0,5
gasoline_car,CZ,29,male,7,paid_work,decile_7,5,2,2,2,7,2,4,5
electric_car,CZ,55,male,7,paid_work,decile_10,5,1,4,7,3,4,5,3
gasoline_car,CZ,44,male,5,paid_work,decile_9,5,2,2,1,8,4,6,3
public_transport,CZ,58,female,3,sick_disabled,decile_1,2,3,4,5,7,3,6,2
public_transport,CZ,44,female,7,paid_work,decile_8,4,1,3,2,10,3,5,2
gasoline_car,CZ,63,male,4,paid_work,decile_4,5,3,1,0,3,1,4,5
walking,CZ,27,female,3,housework,decile_3,5,3,3,7,6,5,3,3
walking,CZ,31,female,7,housework,decile_10,5,1,5,6,10,4,2,1
public_transport,CZ,77,male,5,retired,decile_4,2,2,3,7,4,2,4,3
gasoline_car,CZ,69,male,7,retired,decile_6,5,2,4,4,5,5,3,3
walking,CZ,60,female,3,sick_disabled,decile_3,1,2,4,7,8,5,5,2
gasoline_car,CZ,58,female,7,paid_work,decile_9,5,1,2,5,7,3,4,2
public_transport,CZ,20,female,4,education,decile_10,4,1,4,2,5,1,5,3
gasoline_car,CZ,27,male,4,paid_work,decile_9,5,1,5,7,9,2,5,3
gasoline_car,CZ,45,female,5,paid_work,decile_7,5,3,2,6,8,2,5,3
walking,CZ,19,female,2,education,decile_9,5,1,3,5,2,2,2,4
gasoline_car,CZ,56,male,5,paid_work,decile_8,5,2,2,6,6,2,5,4
walking,CZ,64,female,5,retired,decile_2,4,3,2,4,7,3,2,3
gasoline_car,CZ,49,male,6,paid_work,decile_7,5,1,2,5,0,5,5,3
walking,CZ,75,female,5,retired,decile_1,4,2,2,0,8,1,2,1
gasoline_car,CZ,39,female,5,paid_work,decile_2,5,2,2,2,5,1,3,4
public_transport,CZ,90,female,5,retired,decile_3,1,2,2,2,7,2,6,2
gasoline_car,CZ,77,male,3,retired,decile_4,3,2,2,5,0,3,3,2
electric_car,CZ,51,male,4,paid_work,decile_10,5,1,3,8,5,4,5,3
bicycle,CZ,63,male,4,retired,decile_5,3,2,3,3,10,4,5,2
gasoline_car,CZ,41,female,5,paid_work,decile_7,5,2,5,9,7,2,2,4
bicycle,CZ,47,female,1,paid_work,decile_8,5,2,2,7,7,3,4,5
walking,CZ,35,female,5,paid_work,decile_6,2,2,3,7,7,2,4,4
public_transport,CZ,27,female,6,paid_work,decile_3,5,3,3,3,8,3,4,3
gasoline_car,CZ,50,female,3,paid_work,decile_5,4,4,2,5,5,1,1,3
bicycle,CZ,73,male,7,retired,decile_6,4,2,2,3,7,4,6,2
electric_car,CZ,48,male,3,paid_work,decile_8,5,1,4,7,8,1,5,4
walking,CZ,58,female,3,paid_work,decile_7,3,2,3,4,5,3,4,2
gasoline_car,CZ,39,female,3,paid_work,decile_6,4,3,4,5,2,2,3,3
gasoline_car,CZ,45,male,7,paid_work,decile_10,5,2,2,5,1,3,4,4
gasoline_car,CZ,63,male,7,paid_work,decile_10,5,1,4,6,9,3,5,2
walking,CZ,46,male,4,paid_work,decile_3,5,2,2,0,7,3,5,2
gasoline_car,CZ,47,male,7,paid_work,decile_10,5,1,4,8,8,5,3,3
gasoline_car,CZ,20,male,2,education,decile_8,5,2,3,5,3,3,5,3
walking,CZ,71,male,3,retired,decile_3,5,1,3,2,8,0,2,4
gasoline_car,CZ,84,male,7,sick_disabled,decile_4,4,2,4,5,6,3,5,1
public_transport,CZ,21,male,5,education,decile_10,5,1,3,5,4,4,5,3
public_transport,CZ,21,male,4,education,decile_1,5,1,4,3,7,4,4,2
gasoline_car,CZ,59,male,4,paid_work,decile_8,5,1,4,7,7,3,4,4
gasoline_car,CZ,47,female,5,paid_work,decile_8,5,2,2,7,10,6,6,4
walking,CZ,71,male,3,retired,decile_5,2,2,4,5,6,1,5,3
public_transport,CZ,75,female,5,retired,decile_2,5,3,2,0,0,3,0,4
public_transport,CZ,50,female,4,paid_work,decile_3,4,2,1,5,5,3,6,2
bicycle,CZ,24,female,6,education,decile_7,5,1,4,7,3,4,5,3
walking,CZ,58,female,5,paid_work,decile_10,5,1,2,5,8,5,2,4
walking,CZ,70,female,7,retired,decile_7,5,2,3,8,7,3,6,2
public_transport,CZ,74,female,5,retired,decile_3,5,2,4,5,8,3,3,4
gasoline_car,CZ,64,male,4,paid_work,decile_7,3,1,1,0,0,3,2,5
walking,CZ,63,male,3,paid_work,decile_8,4,1,2,5,9,5,6,3
gasoline_car,CZ,72,male,7,retired,decile_7,5,2,3,6,6,3,4,3
gasoline_car,CZ,46,male,5,paid_work,decile_8,5,1,4,8,8,4,5,2
walking,CZ,77,female,3,retired,decile_2,5,2,3,5,9,2,4,2
gasoline_car,CZ,34,female,3,paid_work,decile_3,5,4,2,3,5,3,4,3
walking,CZ,68,male,7,retired,decile_9,4,1,2,5,7,4,5,2
gasoline_car,CZ,77,male,3,retired,decile_5,4,2,4,1,9,3,5,4
gasoline_car,CZ,54,female,6,paid_work,decile_4,5,2,3,6,10,3,6,3
public_transport,CZ,46,male,3,paid_work,decile_8,5,1,3,6,8,3,5,4
public_transport,CZ,65,female,7,paid_work,decile_6,5,1,5,8,8,4,4,3
bicycle,CZ,61,female,4,paid_work,decile_5,3,2,2,5,6,4,5,2
public_transport,CZ,84,female,4,retired,decile_2,5,2,3,5,9,3,6,4
walking,CZ,71,male,3,retired,decile_4,5,1,3,5,6,2,5,2
gasoline_car,CZ,50,male,4,paid_work,decile_10,5,1,2,5,2,5,5,4
gasoline_car,CZ,47,female,5,paid_work,decile_9,4,2,3,5,2,5,4,4
gasoline_car,CZ,52,male,5,paid_work,decile_9,5,1,4,7,8,4,5,4
gasoline_car,CZ,44,male,7,paid_work,decile_9,5,1,4,3,9,4,5,2
gasoline_car,CZ,67,female,4,retired,decile_1,5,3,2,5,8,4,5,3
gasoline_car,CZ,51,female,7,paid_work,decile_6,5,2,3,5,5,3,5,4
gasoline_car,CZ,34,female,4,housework,decile_6,5,2,4,8,3,6,6,1
public_transport,CZ,50,female,7,paid_work,decile_10,5,1,5,6,9,5,5,2
walking,CZ,79,male,7,retired,decile_10,5,1,2,2,9,2,6,3
gasoline_car,CZ,59,female,6,paid_work,decile_4,5,2,3,5,3,3,3,3
public_transport,CZ,78,female,7,retired,decile_2,5,1,2,2,9,5,5,3
public_transport,CZ,67,female,5,retired,decile_2,4,3,3,6,10,4,3,3
gasoline_car,CZ,62,male,5,sick_disabled,decile_3,5,1,3,5,8,6,6,3
gasoline_car,CZ,54,male,5,paid_work,decile_8,5,2,3,0,8,1,5,3
gasoline_car,CZ,45,female,4,sick_disabled,decile_2,5,4,4,6,5,1,2,3
public_transport,CZ,73,female,4,retired,decile_3,3,3,3,5,9,4,2,3
gasoline_car,CZ,50,male,5,paid_work,decile_10,5,2,2,1,9,5,4,4
gasoline_car,CZ,65,male,4,retired,decile_2,5,3,3,5,8,3,2,3
walking,CZ,43,male,3,sick_disabled,decile_1,5,4,5,7,8,3,1,4
gasoline_car,CZ,46,male,4,paid_work,decile_6,5,3,3,5,8,4,5,5
walking,CZ,58,female,7,paid_work,decile_5,5,2,5,5,10,3,4,3
gasoline_car,CZ,48,female,5,paid_work,decile_4,5,2,3,6,2,6,5,2
public_transport,CZ,50,male,3,retired,decile_2,4,4,3,5,8,0,2,5
bicycle,CZ,54,female,4,paid_work,decile_8,4,2,4,2,5,6,5,3
gasoline_car,CZ,50,male,5,paid_work,decile_5,5,2,3,5,2,2,4,5
public_transport,CZ,60,male,7,paid_work,decile_6,5,2,3,5,7,4,2,3
bicycle,CZ,61,male,3,paid_work,decile_6,3,2,1,0,8,3,4,4
walking,CZ,65,female,4,retired,decile_4,3,2,3,8,8,4,4,3
public_transport,CZ,80,male,4,retired,decile_5,1,2,5,6,7,3,4,4
public_transport,CZ,76,female,7,retired,decile_4,4,3,2,2,9,4,4,5
gasoline_car,CZ,53,female,5,sick_disabled,decile_3,5,3,2,4,5,5,4,4
walking,CZ,32,female,3,housework,decile_4,5,4,2,8,10,4,5,3
gasoline_car,CZ,54,female,3,other,decile_2,5,2,3,5,5,1,4,2
public_transport,CZ,27,female,4,paid_work,decile_7,5,2,3,2,5,4,5,4
bicycle,CZ,43,male,7,paid_work,decile_7,5,1,4,8,7,3,4,3
public_transport,CZ,66,female,7,retired,decile_5,5,2,2,2,8,4,5,4
public_transport,CZ,50,female,3,paid_work,decile_7,5,1,2,0,7,1,6,3
gasoline_car,CZ,72,female,7,retired,decile_4,5,2,4,7,6,5,4,4
public_transport,CZ,37,female,6,paid_work,decile_5,5,1,4,7,10,2,4,3
gasoline_car,CZ,72,female,3,retired,decile_4,4,2,1,7,9,5,5,2
gasoline_car,CZ,43,female,5,paid_work,decile_7,4,2,4,5,9,3,6,3
walking,CZ,50,female,7,paid_work,decile_8,5,2,3,7,10,4,4,3
public_transport,CZ,32,female,2,sick_disabled,decile_3,3,2,3,0,3,3,2,5
gasoline_car,CZ,51,male,5,paid_work,decile_3,5,2,2,2,5,2,5,5
gasoline_car,CZ,33,female,6,paid_work,decile_1,5,3,3,5,2,6,4,2
public_transport,CZ,90,male,5,retired,decile_5,1,2,5,5,7,3,3,5
walking,CZ,67,female,5,retired,decile_2,4,1,2,5,1,3,3,3
gasoline_car,CZ,69,male,7,retired,decile_6,3,1,2,6,8,2,5,2
gasoline_car,CZ,31,male,7,paid_work,decile_9,5,2,1,1,6,2,5,3
gasoline_car,CZ,59,male,3,paid_work,decile_5,5,2,4,2,7,3,5,3
gasoline_car,CZ,44,female,4,paid_work,decile_6,5,2,2,5,5,2,3,3
public_transport,CZ,59,male,3,paid_work,decile_7,5,3,5,10,2,0,3,3
gasoline_car,CZ,90,female,2,retired,decile_2,4,3,3,7,3,0,4,3
gasoline_car,CZ,53,female,3,paid_work,decile_1,4,3,3,5,0,4,4,4
gasoline_car,CZ,51,male,4,paid_work,decile_7,5,1,2,8,6,4,5,3
public_transport,CZ,62,female,3,sick_disabled,decile_6,1,3,3,5,5,2,3,4
gasoline_car,CZ,46,female,7,paid_work,decile_10,5,1,3,3,3,5,3,3
gasoline_car,CZ,51,male,7,paid_work,decile_7,5,4,2,4,0,3,2,5
gasoline_car,CZ,39,female,3,paid_work,decile_7,5,3,3,5,5,3,3,3
walking,CZ,33,female,7,housework,decile_5,5,3,5,7,3,3,2,4
walking,CZ,59,male,5,paid_work,decile_5,5,3,4,5,8,1,1,4
gasoline_car,CZ,51,female,3,housework,decile_7,3,2,5,10,7,2,3,4
walking,CZ,50,female,4,paid_work,decile_8,5,2,2,4,9,3,5,3
public_transport,CZ,69,female,5,retired,decile_6,5,1,2,5,6,2,5,5
gasoline_car,CZ,37,male,4,paid_work,decile_7,5,2,1,0,10,2,6,5
gasoline_car,CZ,30,female,3,other,decile_5,4,4,2,0,5,2,2,5
public_transport,CZ,64,female,7,paid_work,decile_2,3,3,2,2,10,1,1,4
walking,CZ,35,female,7,paid_work,decile_8,5,2,2,9,9,4,5,2
public_transport,CZ,34,female,7,paid_work,decile_4,5,3,5,7,9,2,4,3
public_transport,CZ,51,female,3,paid_work,decile_8,5,2,4,5,8,1,5,4
walking,CZ,29,male,7,paid_work,decile_10,5,1,5,7,10,3,5,3
walking,CZ,65,female,5,retired,decile_6,5,2,3,1,8,3,3,3
gasoline_car,CZ,25,female,5,paid_work,decile_9,5,1,2,5,5,3,3,4
gasoline_car,CZ,48,male,7,paid_work,decile_4,5,2,3,1,5,0,4,4
gasoline_car,CZ,42,male,3,paid_work,decile_8,4,3,3,6,8,2,1,3
public_transport,CZ,29,female,7,paid_work,decile_9,5,2,4,6,6,4,5,2
electric_car,CZ,59,female,7,paid_work,decile_10,4,1,3,5,8,4,5,3
walking,CZ,67,female,3,other,decile_10,4,2,4,3,9,2,4,3
gasoline_car,CZ,76,female,3,retired,decile_2,1,2,4,0,7,5,3,1
public_transport,CZ,27,female,6,paid_work,decile_8,5,2,3,7,6,4,3,5
gasoline_car,CZ,33,female,3,paid_work,decile_7,3,2,5,5,5,3,3,3
walking,CZ,51,female,7,paid_work,decile_9,5,2,4,5,10,1,5,4
electric_car,CZ,79,female,4,retired,decile_10,5,1,3,3,8,3,4,2
gasoline_car,CZ,52,female,7,paid_work,decile_7,5,3,3,2,1,3,4,5
bicycle,CZ,53,female,3,paid_work,decile_5,5,1,4,5,10,2,4,5
gasoline_car,CZ,30,male,2,paid_work,decile_8,5,2,2,5,5,2,4,4
gasoline_car,CZ,42,male,4,paid_work,decile_7,5,3,2,6,4,4,4,4
bicycle,CZ,70,male,5,retired,decile_6,5,1,2,4,5,2,4,5
gasoline_car,CZ,79,female,3,retired,decile_4,1,2,3,5,5,1,3,3
walking,CZ,76,female,7,retired,decile_10,4,1,3,3,5,3,3,3
public_transport,CZ,32,female,6,housework,decile_7,5,2,5,7,2,6,2,2
gasoline_car,CZ,48,female,3,paid_work,decile_7,5,2,2,0,8,0,6,4
gasoline_car,CZ,32,female,5,housework,decile_2,4,1,2,4,2,3,4,5
gasoline_car,CZ,79,male,7,retired,decile_5,5,1,1,0,9,4,5,2
gasoline_car,CZ,69,male,3,retired,decile_1,4,3,1,5,7,2,5,5
gasoline_car,CZ,56,female,4,other,decile_7,5,2,4,7,7,3,4,3
public_transport,CZ,84,female,3,retired,decile_3,1,2,3,5,7,3,3,2
public_transport,CZ,23,female,4,education,decile_10,5,1,5,7,7,4,5,3
walking,CZ,70,female,3,retired,decile_1,1,3,4,7,3,1,3,2
public_transport,CZ,63,female,3,sick_disabled,decile_1,5,2,3,7,1,5,4,4
public_transport,CZ,51,male,7,paid_work,decile_10,5,1,3,2,3,2,5,2
gasoline_car,CZ,75,female,4,retired,decile_2,4,2,3,1,4,6,5,3
walking,CZ,76,male,5,retired,decile_5,4,2,2,5,4,3,3,4
gasoline_car,CZ,76,male,7,retired,decile_5,4,2,3,5,5,4,5,4
electric_car,CZ,39,male,4,paid_work,decile_10,5,1,4,7,9,4,6,1
gasoline_car,CZ,62,male,4,paid_work,decile_10,5,2,3,3,7,1,4,4
gasoline_car,CZ,28,male,6,paid_work,decile_9,5,1,4,5,9,4,5,3
gasoline_car,CZ,45,female,4,housework,decile_10,5,2,1,5,0,4,0,1
electric_car,CZ,51,female,5,paid_work,decile_6,5,4,1,3,0,3,3,5
public_transport,CZ,45,female,7,paid_work,decile_6,5,2,3,7,9,4,4,3
walking,CZ,30,female,5,other,decile_1,5,4,3,7,4,3,3,3
gasoline_car,CZ,59,female,7,paid_work,decile_8,5,1,4,7,8,4,3,4
walking,CZ,33,female,4,paid_work,decile_9,5,2,4,5,5,5,6,4
gasoline_car,CZ,38,male,6,paid_work,decile_4,5,3,3,5,5,1,3,3
bicycle,CZ,79,female,7,retired,decile_1,1,3,3,7,7,3,3,3
gasoline_car,CZ,61,male,7,sick_disabled,decile_9,4,1,2,5,0,5,3,5
gasoline_car,CZ,74,male,7,retired,decile_3,3,2,5,10,9,6,6,3
public_transport,CZ,74,female,4,retired,decile_3,5,2,5,5,10,3,5,1
public_transport,CZ,72,male,5,paid_work,decile_4,5,2,2,0,7,1,5,5
walking,CZ,43,female,4,paid_work,decile_7,5,1,4,5,5,1,4,3
public_transport,CZ,68,female,4,housework,decile_7,5,2,3,7,7,3,4,2
gasoline_car,CZ,45,female,7,paid_work,decile_10,5,1,2,4,7,4,6,2
public_transport,CZ,55,female,7,paid_work,decile_5,5,2,4,6,10,4,4,3
public_transport,CZ,59,male,7,paid_work,decile_7,5,2,1,1,9,3,4,4
gasoline_car,CZ,49,male,7,paid_work,decile_6,5,1,4,7,2,1,4,3
gasoline_car,CZ,57,female,6,paid_work,decile_5,4,1,5,4,9,4,2,2
gasoline_car,CZ,69,male,3,retired,decile_3,5,2,4,7,7,5,5,3
gasoline_car,CZ,19,female,2,education,decile_9,5,1,3,6,5,3,4,3
gasoline_car,CZ,31,male,7,paid_work,decile_9,5,3,2,7,3,4,5,3
gasoline_car,CZ,62,female,3,paid_work,decile_2,4,3,3,7,9,2,3,4
public_transport,CZ,51,female,7,paid_work,decile_10,5,1,3,7,10,5,6,3
gasoline_car,CZ,43,female,6,paid_work,decile_6,5,1,3,5,8,1,6,2
walking,CZ,44,male,4,paid_work,decile_5,5,2,4,5,10,6,5,3
gasoline_car,CZ,43,female,5,housework,decile_4,5,2,4,5,9,2,4,3
walking,CZ,85,female,4,retired,decile_3,2,1,3,1,5,5,5,2
gasoline_car,CZ,39,female,3,paid_work,decile_6,3,2,5,8,4,3,5,4
gasoline_car,CZ,52,male,7,paid_work,decile_9,5,2,2,2,8,2,4,4
public_transport,CZ,61,female,4,sick_disabled,decile_4,5,2,3,5,9,4,5,3
gasoline_car,CZ,31,male,4,paid_work,decile_6,5,2,4,3,1,4,5,5
gasoline_car,CZ,49,female,6,paid_work,decile_8,5,2,2,10,5,2,3,5
gasoline_car,CZ,46,female,7,paid_work,decile_8,5,2,4,4,9,3,5,2
gasoline_car,CZ,47,male,7,paid_work,decile_10,4,1,4,7,10,5,6,2
gasoline_car,CZ,52,male,4,sick_disabled,decile_1,5,4,1,0,10,1,6,1
gasoline_car,CZ,68,male,7,retired,decile_5,5,1,3,7,8,5,5,3
walking,CZ,37,male,7,paid_work,decile_9,5,1,4,6,10,0,6,4
walking,CZ,58,female,7,unemployed_looking,decile_10,3,1,1,0,3,3,5,4
gasoline_car,CZ,40,male,4,paid_work,decile_7,5,2,3,8,7,3,4,4
public_transport,CZ,74,female,7,retired,decile_5,5,1,4,5,10,1,5,1
gasoline_car,CZ,71,male,4,retired,decile_6,5,2,1,0,5,3,4,5
public_transport,CZ,81,male,5,retired,decile_5,4,2,2,3,7,2,5,4
gasoline_car,CZ,50,male,4,paid_work,decile_4,4,2,2,3,10,2,4,4
walking,CZ,74,female,5,retired,decile_3,5,2,1,0,5,0,3,5
walking,CZ,70,female,4,retired,decile_4,5,1,2,1,6,1,5,3
gasoline_car,CZ,30,female,7,housework,decile_9,5,2,4,7,2,3,4,4
gasoline_car,CZ,57,female,3,paid_work,decile_3,3,1,2,1,2,3,1,3
walking,CZ,59,female,6,paid_work,decile_7,5,2,4,6,7,2,2,4
bicycle,CZ,62,female,2,paid_work,decile_7,5,2,3,5,5,3,3,2
public_transport,CZ,76,male,7,retired,decile_2,5,1,3,2,10,3,5,2
public_transport,CZ,57,male,6,paid_work,decile_9,5,2,4,7,9,5,2,5
walking,CZ,45,female,4,paid_work,decile_10,5,1,3,5,5,3,5,3
gasoline_car,CZ,70,female,4,retired,decile_3,2,3,2,1,5,2,6,2
electric_car,CZ,74,male,5,paid_work,decile_8,5,1,2,4,10,4,5,4
gasoline_car,CZ,70,female,4,retired,decile_3,2,2,3,0,8,4,3,4
walking,CZ,75,male,7,retired,decile_3,5,3,2,7,5,4,5,5
walking,CZ,87,female,4,retired,decile_6,3,1,4,3,10,3,6,1
gasoline_car,CZ,50,male,3,other,decile_3,5,4,3,4,8,2,5,3
walking,CZ,71,female,4,retired,decile_9,4,1,3,4,3,3,6,4
walking,CZ,54,female,3,paid_work,decile_5,4,3,3,5,6,4,6,3
public_transport,CZ,59,male,7,paid_work,decile_6,5,2,3,5,9,4,3,2
gasoline_car,CZ,42,female,4,paid_work,decile_6,5,2,4,7,8,3,5,4
gasoline_car,CZ,68,male,3,retired,decile_7,5,1,3,5,9,5,6,2
public_transport,CZ,68,female,7,retired,decile_8,5,2,3,5,10,0,3,3
public_transport,CZ,20,male,2,other,decile_8,5,2,5,8,8,4,4,2
public_transport,CZ,53,female,5,paid_work,decile_7,5,2,3,6,4,4,5,2
public_transport,CZ,74,male,3,retired,decile_5,2,2,5,7,7,5,5,4
gasoline_car,CZ,58,female,4,paid_work,decile_2,5,2,3,9,8,2,6,3
gasoline_car,CZ,69,female,4,retired,decile_6,5,1,3,3,5,4,5,3
public_transport,CZ,28,female,6,paid_work,decile_9,5,1,4,5,7,3,6,2
gasoline_car,CZ,50,male,5,paid_work,decile_8,5,1,3,5,5,4,6,2
public_transport,CZ,47,female,4,paid_work,decile_2,5,4,1,3,10,0,0,5
electric_car,CZ,52,male,6,housework,decile_9,5,2,4,7,8,4,5,3
public_transport,CZ,35,male,2,paid_work,decile_3,5,3,2,6,6,3,3,3
walking,CZ,72,male,3,retired,decile_2,2,3,2,4,5,3,3,5
public_transport,CZ,72,female,7,retired,decile_1,4,2,4,7,8,3,5,2
public_transport,CZ,33,female,7,housework,decile_9,5,2,5,5,10,5,4,2
public_transport,CZ,37,female,7,paid_work,decile_3,5,3,5,5,7,3,3,5
gasoline_car,CZ,46,male,7,paid_work,decile_10,5,1,3,5,7,2,5,4
gasoline_car,CZ,82,male,7,retired,decile_8,5,1,2,3,9,3,5,4
gasoline_car,CZ,50,male,3,paid_work,decile_4,4,2,1,3,5,0,3,5
gasoline_car,CZ,40,female,4,paid_work,decile_9,5,2,4,7,7,4,5,4
walking,CZ,78,female,5,retired,decile_2,4,3,2,0,0,0,0,4
bicycle,CZ,71,male,7,retired,decile_6,5,2,3,5,5,3,3,2
gasoline_car,CZ,60,female,4,paid_work,decile_8,5,2,4,0,5,3,5,3
public_transport,CZ,76,female,4,retired,decile_3,5,1,2,8,10,3,4,2
gasoline_car,CZ,34,female,4,housework,decile_6,5,2,4,5,1,4,3,2
walking,CZ,77,female,7,retired,decile_3,5,2,3,6,10,3,5,4
gasoline_car,CZ,43,female,5,paid_work,decile_3,5,2,4,5,4,1,4,5
public_transport,CZ,51,male,5,paid_work,decile_9,5,2,2,4,8,3,5,3
public_transport,CZ,28,female,4,paid_work,decile_4,4,4,3,5,5,3,4,3
walking,CZ,44,male,2,paid_work,decile_6,4,2,3,0,10,4,6,4
gasoline_car,CZ,52,male,4,paid_work,decile_9,5,2,4,5,8,2,5,3
gasoline_car,CZ,70,male,7,retired,decile_7,5,1,3,5,7,2,5,3
public_transport,CZ,37,male,4,paid_work,decile_6,5,2,5,3,7,3,3,3
gasoline_car,CZ,74,female,3,retired,decile_5,5,1,2,5,10,3,6,3
walking,CZ,53,female,3,paid_work,decile_6,4,2,4,8,10,5,4,2
gasoline_car,CZ,77,female,7,retired,decile_7,5,1,2,4,9,4,4,3
public_transport,CZ,87,female,7,retired,decile_2,4,2,4,6,9,3,5,3
public_transport,CZ,51,male,7,paid_work,decile_3,5,3,1,1,7,0,6,4
electric_car,CZ,70,male,7,retired,decile_5,4,1,4,5,8,3,5,3
gasoline_car,CZ,52,male,7,paid_work,decile_8,5,2,3,5,8,2,4,4
gasoline_car,CZ,47,male,6,paid_work,decile_10,5,1,4,7,7,4,6,4
public_transport,CZ,50,male,7,paid_work,decile_10,5,1,4,8,10,4,6,3
public_transport,CZ,49,female,4,paid_work,decile_8,5,3,4,5,10,3,4,4
gasoline_car,CZ,74,male,3,retired,decile_3,1,3,3,5,5,5,1,4
gasoline_car,CZ,65,male,5,paid_work,decile_10,5,1,5,5,7,3,4,3
gasoline_car,CZ,35,female,7,housework,decile_10,5,1,2,5,0,4,5,1
public_transport,CZ,55,female,3,paid_work,decile_5,4,2,3,4,2,3,4,3
gasoline_car,CZ,52,male,7,paid_work,decile_4,4,3,4,3,3,2,3,4
walking,CZ,32,female,5,housework,decile_3,5,2,4,8,7,4,4,3
public_transport,CZ,50,female,7,paid_work,decile_3,5,2,3,4,9,4,6,2
gasoline_car,CZ,63,female,4,retired,decile_5,4,2,5,7,6,3,4,4
gasoline_car,CZ,39,male,7,paid_work,decile_9,4,1,3,4,8,3,4,3
gasoline_car,CZ,74,male,7,retired,decile_7,5,1,3,2,8,3,4,2
walking,CZ,49,male,7,paid_work,decile_7,5,1,4,5,9,2,5,2
gasoline_car,CZ,34,female,4,housework,decile_4,5,3,3,4,0,4,2,4
gasoline_car,CZ,66,female,3,retired,decile_3,3,2,3,4,8,1,6,2
bicycle,CZ,51,male,4,unemployed_looking,decile_1,5,4,4,5,5,1,2,4
gasoline_car,CZ,43,female,5,paid_work,decile_6,4,2,2,2,5,5,5,4
gasoline_car,CZ,53,female,4,paid_work,decile_8,5,1,1,0,9,0,6,1
gasoline_car,CZ,77,male,7,retired,decile_5,5,2,2,0,10,3,5,4
public_transport,CZ,54,female,7,paid_work,decile_5,5,2,2,6,9,4,4,2
public_transport,CZ,53,female,7,paid_work,decile_4,5,2,3,5,10,2,4,4
walking,CZ,42,female,7,paid_work,decile_9,5,2,4,7,8,5,5,2
gasoline_car,CZ,76,male,3,retired,decile_1,3,2,3,3,7,4,5,3
gasoline_car,CZ,37,female,2,housework,decile_3,5,3,3,3,0,0,0,4
public_transport,CZ,46,male,3,paid_work,decile_5,5,2,5,7,8,3,6,4
gasoline_car,CZ,40,male,7,paid_work,decile_2,5,2,3,9,9,4,6,2
walking,CZ,52,female,3,paid_work,decile_7,5,2,2,4,9,3,5,3
public_transport,CZ,50,female,4,paid_work,decile_8,5,2,1,1,6,1,4,3
gasoline_car,CZ,58,male,7,paid_work,decile_10,5,1,4,9,10,3,4,3
gasoline_car,CZ,31,male,4,paid_work,decile_6,5,2,1,0,0,2,5,5
public_transport,CZ,21,male,4,education,decile_6,5,2,3,4,10,4,6,3
public_transport,CZ,58,male,4,paid_work,decile_3,2,2,3,3,8,0,4,3
gasoline_car,CZ,58,male,4,paid_work,decile_9,5,2,3,5,5,3,3,3
walking,CZ,39,female,4,retired,decile_9,5,2,5,7,10,2,5,2
gasoline_car,CZ,49,male,3,paid_work,decile_9,4,1,4,6,5,3,5,3
public_transport,CZ,59,male,7,paid_work,decile_7,5,2,5,6,10,0,6,1
bicycle,CZ,84,male,5,retired,decile_5,5,2,3,5,7,4,4,2
public_transport,CZ,63,female,5,paid_work,decile_7,5,2,3,9,9,4,5,2
gasoline_car,CZ,76,female,4,retired,decile_3,2,4,2,2,8,4,4,5
gasoline_car,CZ,72,male,3,retired,decile_5,5,2,4,1,3,2,5,4
gasoline_car,CZ,75,male,7,retired,decile_2,2,3,2,3,5,3,3,3
public_transport,CZ,43,male,5,paid_work,decile_9,5,1,4,7,10,4,5,2
gasoline_car,CZ,57,male,4,paid_work,decile_9,5,1,2,9,10,6,6,1
public_transport,CZ,54,female,3,paid_work,decile_8,5,1,1,5,10,2,2,4
gasoline_car,CZ,41,male,6,paid_work,decile_9,3,1,4,9,6,5,6,2
gasoline_car,CZ,80,male,7,retired,decile_6,4,2,2,4,8,2,5,4
electric_car,CZ,36,female,5,paid_work,decile_7,5,2,3,7,9,4,4,4
gasoline_car,CZ,48,female,7,paid_work,decile_6,5,2,3,6,8,4,4,4
public_transport,CZ,65,female,4,retired,decile_7,5,2,2,0,10,3,5,3
public_transport,CZ,29,male,7,paid_work,decile_9,5,1,4,4,9,5,4,4
gasoline_car,CZ,76,female,3,retired,decile_4,4,2,1,0,9,6,5,3
walking,CZ,71,female,3,retired,decile_2,5,3,2,0,8,3,4,4
public_transport,CZ,42,female,7,paid_work,decile_9,4,1,4,8,8,4,5,4
public_transport,CZ,21,female,4,education,decile_5,5,4,3,3,5,2,4,5
walking,CZ,42,female,7,paid_work,decile_6,5,2,1,3,4,3,3,3
public_transport,FI,32,female,4,education,decile_2,5,3,5,7,3,2,2,3
bicycle,FI,54,female,6,paid_work,decile_10,5,1,3,9,8,5,5,2
gasoline_car,FI,66,male,6,unemployed_looking,decile_6,5,2,2,5,6,6,5,3
gasoline_car,FI,66,female,5,retired,decile_3,5,3,3,5,4,4,5,3
walking,FI,79,female,7,retired,decile_8,5,1,4,8,7,3,5,2
bicycle,FI,80,female,4,retired,decile_6,5,1,4,8,5,5,6,3
walking,FI,85,female,4,retired,decile_9,2,1,3,7,7,4,2,3
walking,FI,54,male,7,paid_work,decile_9,5,1,4,6,9,5,5,2
gasoline_car,FI,45,female,7,paid_work,decile_5,5,1,4,10,9,4,5,3
walking,FI,43,female,6,paid_work,decile_8,5,2,2,1,2,6,6,2
electric_car,FI,24,female,6,education,decile_1,5,2,3,7,5,3,5,3
electric_car,FI,52,female,7,paid_work,decile_9,5,1,4,9,8,4,6,3
gasoline_car,FI,72,male,4,retired,decile_6,5,2,4,8,7,3,6,3
bicycle,FI,34,male,7,paid_work,decile_9,5,1,3,7,9,5,5,1
gasoline_car,FI,30,male,7,paid_work,decile_10,5,2,2,8,5,5,5,2
walking,FI,68,female,6,retired,decile_7,5,2,4,8,9,4,5,3
gasoline_car,FI,74,female,6,retired,decile_8,5,1,3,5,7,3,4,2
public_transport,FI,48,female,7,paid_work,decile_5,5,1,5,9,9,4,3,1
walking,FI,66,female,4,retired,decile_2,5,2,3,10,5,6,5,3
gasoline_car,FI,73,male,7,retired,decile_7,5,2,5,9,8,3,5,2
walking,FI,60,female,7,paid_work,decile_8,5,1,4,8,8,3,5,3
gasoline_car,FI,49,male,7,paid_work,decile_4,5,2,3,3,8,2,5,4
walking,FI,79,male,4,retired,decile_1,5,2,3,7,10,2,6,3
bicycle,FI,40,female,4,paid_work,decile_3,5,2,3,10,9,3,4,2
gasoline_car,FI,78,female,2,retired,decile_6,1,2,2,6,7,4,5,2
walking,FI,70,male,4,retired,decile_2,5,2,2,5,9,2,4,3
public_transport,FI,44,female,7,paid_work,decile_10,5,1,4,10,8,2,5,1
gasoline_car,FI,79,male,4,retired,decile_5,5,2,3,6,5,3,5,2
walking,FI,39,female,7,paid_work,decile_10,5,1,4,8,10,3,4,1
walking,FI,61,female,7,paid_work,decile_9,5,1,2,8,7,4,5,2
public_transport,FI,53,male,7,paid_work,decile_8,5,3,4,2,9,3,5,2
walking,FI,70,male,4,retired,decile_1,2,2,3,8,8,4,4,2
electric_car,FI,42,female,7,paid_work,decile_6,5,3,4,5,7,3,4,2
public_transport,FI,26,female,4,education,decile_7,5,1,4,7,8,4,5,3
walking,FI,60,male,7,paid_work,decile_7,5,2,4,8,5,3,4,4
walking,FI,56,female,4,paid_work,decile_10,5,1,3,9,6,3,6,4
public_transport,FI,58,female,6,paid_work,decile_7,5,2,4,7,6,3,4,4
gasoline_car,FI,56,female,4,paid_work,decile_8,5,1,2,6,8,2,5,5
walking,FI,73,male,1,retired,decile_5,4,2,4,5,3,1,5,3
walking,FI,69,female,7,paid_work,decile_10,5,2,3,2,10,5,5,5
walking,FI,43,male,7,paid_work,decile_10,5,1,4,8,8,4,5,2
public_transport,FI,71,female,6,retired,decile_8,5,1,4,8,9,4,5,2
gasoline_car,FI,58,male,6,paid_work,decile_10,5,1,4,10,9,6,4,2
gasoline_car,FI,54,female,4,paid_work,decile_5,5,2,3,9,10,4,5,3
gasoline_car,FI,77,male,5,retired,decile_7,5,2,3,6,8,3,5,3
public_transport,FI,63,female,5,paid_work,decile_10,5,1,4,7,9,4,4,3
gasoline_car,FI,63,male,5,paid_work,decile_8,5,1,2,10,10,2,6,1
walking,FI,80,female,5,retired,decile_4,5,2,4,5,9,4,4,2
public_transport,FI,35,female,4,housework,decile_6,5,2,3,10,0,4,4,4
walking,FI,31,male,4,unemployed_looking,decile_1,5,3,1,8,8,4,6,2
public_transport,FI,51,male,7,paid_work,decile_10,5,2,3,8,9,3,5,2
public_transport,FI,36,female,6,paid_work,decile_4,5,2,4,7,9,4,6,2
gasoline_car,FI,66,male,4,housework,decile_3,5,3,3,7,7,3,3,3
gasoline_car,FI,80,male,4,retired,decile_7,5,2,2,8,7,6,6,2
gasoline_car,FI,64,male,7,paid_work,decile_10,5,1,3,9,5,4,5,3
electric_car,FI,48,female,7,paid_work,decile_8,5,2,4,7,0,5,3,5
gasoline_car,FI,51,female,7,paid_work,decile_9,5,2,3,7,7,4,6,2
bicycle,FI,23,male,4,education,decile_1,5,2,3,6,5,3,5,4
walking,FI,56,female,7,paid_work,decile_9,5,1,3,4,7,2,5,1
bicycle,FI,20,female,2,education,decile_8,5,2,3,7,1,3,5,3
gasoline_car,FI,48,male,4,paid_work,decile_8,5,2,3,7,7,4,3,4
public_transport,FI,42,female,6,paid_work,decile_5,5,2,3,8,8,3,5,3
walking,FI,62,female,2,paid_work,decile_8,3,2,1,4,5,5,5,3
walking,FI,59,female,5,paid_work,decile_9,5,1,2,6,8,3,5,3
gasoline_car,FI,67,male,1,retired,decile_1,5,3,3,5,10,2,6,4
electric_car,FI,72,male,5,retired,decile_8,5,2,3,8,5,5,6,3
electric_car,FI,65,female,7,retired,decile_6,5,1,1,1,0,4,6,3
electric_car,FI,65,male,6,paid_work,decile_9,5,2,3,8,6,3,5,3
public_transport,FI,57,female,6,paid_work,decile_10,5,1,3,6,7,5,5,4
gasoline_car,FI,51,male,7,paid_work,decile_6,5,2,4,6,6,2,3,4
electric_car,FI,42,female,7,paid_work,decile_8,5,1,4,8,9,5,6,2
bicycle,FI,45,male,7,paid_work,decile_8,5,1,4,9,10,4,4,2
electric_car,FI,33,female,6,housework,decile_10,5,1,4,8,2,4,4,4
public_transport,FI,27,female,4,education,decile_1,5,3,3,10,0,1,5,1
gasoline_car,FI,46,male,6,paid_work,decile_6,5,2,2,1,2,4,4,5
gasoline_car,FI,43,female,4,education,decile_7,5,3,4,8,0,4,4,4
electric_car,FI,48,female,4,paid_work,decile_5,5,2,3,7,9,1,4,3
gasoline_car,FI,40,female,6,paid_work,decile_6,5,2,3,9,3,5,1,2
electric_car,FI,59,male,4,paid_work,decile_10,5,1,1,0,0,2,4,4
walking,FI,73,female,2,retired,decile_2,5,2,4,8,5,4,5,4
electric_car,FI,56,female,4,paid_work,decile_4,5,2,3,1,7,3,4,3
walking,FI,50,male,4,paid_work,decile_4,5,2,3,8,9,4,6,3
gasoline_car,FI,47,female,7,paid_work,decile_9,5,2,3,8,9,4,5,3
walking,FI,77,female,4,retired,decile_4,5,2,3,8,2,3,4,3
gasoline_car,FI,76,female,7,retired,decile_1,5,3,4,8,7,4,4,3
walking,FI,61,male,7,paid_work,decile_9,5,1,4,8,7,4,5,2
gasoline_car,FI,31,female,7,paid_work,decile_8,5,1,4,8,8,6,5,3
gasoline_car,FI,51,female,4,housework,decile_9,5,2,1,2,5,3,5,4
gasoline_car,FI,74,male,4,retired,decile_5,4,2,2,6,6,3,5,4
gasoline_car,FI,61,male,5,paid_work,decile_4,4,2,3,4,5,3,6,2
electric_car,FI,54,male,7,paid_work,decile_6,5,1,3,8,9,1,5,3
walking,FI,62,male,4,paid_work,decile_9,5,2,2,3,2,3,5,4
electric_car,FI,73,male,6,retired,decile_6,5,1,3,7,9,4,4,3
walking,FI,48,male,7,paid_work,decile_5,5,1,2,4,5,4,5,2
public_transport,FI,27,male,7,paid_work,decile_7,5,2,4,3,7,2,4,2
gasoline_car,FI,72,male,4,retired,decile_5,2,2,3,5,2,4,5,3
gasoline_car,FI,60,male,4,unemployed_looking,decile_7,5,2,3,6,2,3,4,3
public_transport,FI,26,female,6,paid_work,decile_1,5,2,4,8,8,4,5,2
gasoline_car,FI,31,male,7,paid_work,decile_8,5,1,3,6,10,5,5,1
gasoline_car,FI,75,male,4,retired,decile_7,5,2,3,5,8,3,5,3
electric_car,FI,78,male,7,retired,decile_9,5,1,3,5,5,2,5,3
electric_car,FI,34,female,6,paid_work,decile_10,5,2,3,6,8,6,3,3
gasoline_car,FI,64,female,6,paid_work,decile_9,5,1,5,9,5,1,4,2
electric_car,FI,64,female,5,paid_work,decile_4,5,2,4,8,1,5,6,3
electric_car,FI,46,male,7,paid_work,decile_10,5,1,3,6,3,4,5,4
bicycle,FI,35,male,6,paid_work,decile_5,5,1,4,6,9,2,0,2
electric_car,FI,40,male,4,paid_work,decile_7,5,1,3,6,10,3,4,3
public_transport,FI,24,male,4,education,decile_1,5,2,4,9,9,5,6,2
electric_car,FI,52,female,7,paid_work,decile_9,5,2,5,9,3,4,4,3
electric_car,FI,51,female,5,paid_work,decile_8,5,2,3,8,4,4,6,3
walking,FI,71,female,7,retired,decile_8,5,1,5,8,10,3,5,2
gasoline_car,FI,41,male,6,paid_work,decile_9,5,1,3,7,2,4,5,3
gasoline_car,FI,42,female,7,paid_work,decile_9,5,1,2,6,7,5,4,4
electric_car,FI,55,male,5,paid_work,decile_10,5,1,2,7,6,4,5,2
walking,FI,25,female,4,education,decile_1,5,2,3,3,7,2,4,3
walking,FI,20,female,2,education,decile_10,5,1,3,6,6,3,5,2
walking,FI,77,male,6,retired,decile_8,5,2,4,7,6,4,4,3
bicycle,FI,40,female,7,housework,decile_6,5,2,3,8,8,2,4,3
public_transport,FI,74,male,7,paid_work,decile_10,5,1,2,5,7,4,4,1
electric_car,FI,67,male,4,paid_work,decile_9,5,1,5,9,8,4,5,2
walking,FI,73,female,7,retired,decile_6,5,1,5,9,9,2,5,2
gasoline_car,FI,78,male,4,retired,decile_6,2,2,2,5,3,2,4,4
walking,FI,26,male,4,education,decile_1,5,2,1,0,5,6,6,5
gasoline_car,FI,25,male,4,paid_work,decile_7,5,2,2,3,5,2,3,4
public_transport,FI,25,male,4,education,decile_1,5,3,2,3,9,4,5,2
public_transport,FI,53,female,7,paid_work,decile_10,5,1,4,9,9,4,4,1
gasoline_car,FI,65,male,4,paid_work,decile_4,5,2,2,3,2,4,4,3
public_transport,FI,45,female,4,paid_work,decile_4,5,3,5,0,10,3,4,3
walking,FI,78,female,4,retired,decile_2,2,2,3,7,8,4,5,2
electric_car,FI,33,male,7,paid_work,decile_9,5,1,2,1,5,5,6,3
electric_car,FI,57,female,7,paid_work,decile_10,5,1,3,7,7,5,3,3
gasoline_car,FI,63,male,6,paid_work,decile_10,5,1,3,1,8,4,5,4
gasoline_car,FI,34,male,4,paid_work,decile_8,5,1,3,3,5,6,6,5
walking,FI,42,male,7,unemployed_looking,decile_1,5,3,3,6,9,3,6,2
gasoline_car,FI,47,female,5,paid_work,decile_9,5,2,3,6,8,2,3,4
bicycle,FI,51,female,7,paid_work,decile_9,5,1,3,5,8,5,4,2
electric_car,FI,48,male,6,education,decile_9,5,1,3,6,6,2,3,3
gasoline_car,FI,51,female,6,paid_work,decile_8,5,2,3,6,5,3,5,2
public_transport,FI,47,female,7,paid_work,decile_9,5,2,3,6,7,2,4,2
gasoline_car,FI,61,male,6,paid_work,decile_8,5,2,4,7,0,2,3,3
bicycle,FI,74,male,4,paid_work,decile_7,3,2,3,6,7,3,3,4
walking,FI,38,male,7,paid_work,decile_10,5,1,5,7,10,4,5,2
walking,FI,46,female,5,paid_work,decile_8,5,2,3,6,0,2,4,4
bicycle,FI,32,male,4,education,decile_8,5,1,5,10,2,2,5,1
gasoline_car,FI,75,male,5,retired,decile_4,1,2,3,4,5,5,5,3
walking,FI,60,male,2,paid_work,decile_3,5,2,3,7,6,4,5,3
electric_car,FI,43,male,4,paid_work,decile_9,5,1,4,6,7,5,5,2
electric_car,FI,71,male,6,retired,decile_8,5,2,2,4,3,3,4,4
walking,FI,69,male,7,retired,decile_7,5,2,3,2,6,3,5,3
public_transport,FI,79,male,5,retired,decile_7,5,2,2,4,9,4,4,3
gasoline_car,FI,86,female,1,retired,decile_3,1,2,3,7,4,2,3,3
bicycle,FI,31,female,6,education,decile_1,5,1,5,9,9,3,6,2
gasoline_car,FI,35,male,4,unemployed_looking,decile_6,5,2,3,4,4,5,2,3
gasoline_car,FI,50,female,7,paid_work,decile_10,5,1,3,8,6,4,4,1
walking,FI,67,female,4,retired,decile_2,5,2,3,4,8,4,6,2
walking,FI,71,female,4,retired,decile_6,5,1,4,7,8,2,6,3
walking,FI,41,male,4,paid_work,decile_5,5,2,4,7,6,3,4,2
walking,FI,37,female,7,paid_work,decile_10,5,1,4,7,7,4,5,2
gasoline_car,FI,89,female,2,retired,decile_6,5,2,3,8,7,5,5,2
walking,FI,24,female,4,education,decile_2,5,3,5,10,6,4,5,1
gasoline_car,FI,60,female,5,paid_work,decile_8,5,1,2,4,8,3,5,3
gasoline_car,FI,30,male,4,paid_work,decile_3,5,2,2,3,8,2,4,3
bicycle,FI,23,male,4,education,decile_8,5,2,3,3,6,1,1,1
public_transport,FI,42,female,7,paid_work,decile_8,5,2,3,3,7,3,4,2
walking,FI,72,female,7,retired,decile_7,5,2,4,8,5,5,5,2
public_transport,FI,29,male,4,paid_work,decile_4,5,2,4,8,1,3,3,2
gasoline_car,FI,33,female,4,paid_work,decile_9,5,2,2,0,0,4,4,5
gasoline_car,FI,32,male,4,education,decile_3,5,1,3,8,10,3,4,3
walking,FI,73,female,7,retired,decile_10,4,1,4,8,3,4,4,2
electric_car,FI,66,female,5,paid_work,decile_6,5,1,3,6,8,1,5,2
gasoline_car,FI,33,male,4,paid_work,decile_5,5,2,1,6,5,0,2,4
gasoline_car,FI,38,male,4,paid_work,decile_10,5,2,3,5,5,4,5,4
walking,FI,68,male,5,retired,decile_7,5,2,4,7,8,4,4,3
gasoline_car,FI,38,male,4,paid_work,decile_4,5,2,4,8,8,3,3,2
public_transport,FI,54,female,4,paid_work,decile_8,5,2,3,5,9,4,5,2
electric_car,FI,49,male,4,unemployed_not_looking,decile_1,5,2,3,4,2,4,4,3
gasoline_car,FI,85,male,6,retired,decile_6,5,2,3,8,4,4,5,3
gasoline_car,FI,59,female,7,paid_work,decile_8,5,1,3,8,3,5,6,3
gasoline_car,FI,51,female,6,paid_work,decile_10,5,2,5,9,3,4,4,3
walking,FI,40,female,6,paid_work,decile_4,5,2,4,8,7,3,4,2
walking,FI,74,male,7,retired,decile_10,5,1,3,8,9,4,5,1
public_transport,FI,22,male,4,community_military,decile_8,5,1,4,9,10,5,5,5
walking,FI,80,female,1,retired,decile_2,5,2,3,6,9,4,5,3
public_transport,FI,35,male,7,paid_work,decile_4,5,2,5,7,7,5,2,1
gasoline_car,FI,45,male,7,paid_work,decile_9,5,1,4,9,8,4,4,2
gasoline_car,FI,57,male,7,paid_work,decile_10,5,2,4,8,9,4,6,2
public_transport,FI,65,female,6,paid_work,decile_6,5,2,4,5,10,3,6,1
walking,FI,67,male,4,paid_work,decile_10,5,1,2,3,3,4,5,3
walking,FI,25,female,6,education,decile_1,5,2,4,8,5,3,4,2
public_transport,FI,53,female,7,paid_work,decile_10,5,1,5,10,7,4,5,1
walking,FI,69,male,4,retired,decile_5,5,2,3,5,1,4,5,5
gasoline_car,FI,28,male,6,paid_work,decile_6,5,1,2,3,10,5,5,2
walking,FI,43,male,6,paid_work,decile_4,5,2,3,2,2,4,5,3
gasoline_car,FI,52,male,4,paid_work,decile_5,5,2,3,8,3,5,5,2
public_transport,FI,41,female,4,housework,decile_1,5,4,5,8,9,4,5,1
public_transport,FI,27,female,6,paid_work,decile_5,5,1,4,6,10,4,4,2
gasoline_car,FI,54,female,5,paid_work,decile_3,5,2,4,8,8,4,5,2
gasoline_car,FI,76,male,5,retired,decile_5,5,3,4,2,9,3,5,4
walking,FI,80,female,5,retired,decile_4,5,2,4,9,5,4,4,3
walking,FI,77,female,4,retired,decile_7,5,1,3,7,7,5,5,2
gasoline_car,FI,42,female,7,paid_work,decile_4,5,2,3,9,7,3,4,4
gasoline_car,FI,72,female,1,retired,decile_6,5,2,3,3,8,2,3,3
bicycle,FI,33,female,7,paid_work,decile_10,5,1,3,3,3,2,6,2
gasoline_car,FI,23,female,4,paid_work,decile_4,5,2,4,7,9,3,4,3
electric_car,FI,70,male,5,retired,decile_8,5,2,3,7,7,4,5,4
walking,FI,46,male,4,education,decile_7,5,3,2,7,7,2,5,4
walking,FI,64,male,4,paid_work,decile_6,5,2,3,5,8,3,6,2
gasoline_car,FI,64,female,7,paid_work,decile_7,5,2,3,5,10,3,4,4
walking,FI,70,female,4,retired,decile_7,5,2,3,8,7,5,4,4
public_transport,FI,43,female,4,paid_work,decile_4,5,2,3,4,8,2,3,3
walking,FI,69,female,7,retired,decile_9,5,1,4,10,9,4,5,1
gasoline_car,FI,63,male,5,paid_work,decile_10,5,1,3,6,6,1,2,4
public_transport,FI,43,male,6,paid_work,decile_7,5,2,2,1,9,1,3,4
public_transport,FI,31,female,7,paid_work,decile_8,5,1,4,8,8,4,5,2
electric_car,FI,49,male,4,paid_work,decile_10,5,2,3,5,2,6,5,3
walking,FI,59,female,7,paid_work,decile_9,5,1,2,8,6,0,5,3
gasoline_car,FI,45,male,7,paid_work,decile_8,5,1,4,8,4,6,5,2
gasoline_car,FI,40,male,7,paid_work,decile_9,5,1,3,8,8,5,3,3
gasoline_car,FI,77,male,7,retired,decile_9,5,2,3,5,5,5,5,2
walking,FI,74,female,6,retired,decile_1,5,3,3,7,8,2,4,3
gasoline_car,FI,37,male,5,paid_work,decile_9,5,2,2,4,4,4,4,3
walking,FI,60,female,5,paid_work,decile_6,5,1,4,10,10,2,5,2
gasoline_car,FI,34,female,6,paid_work,decile_8,5,2,3,7,5,4,4,5
gasoline_car,FI,47,female,4,paid_work,decile_10,5,2,3,5,8,5,5,3
bicycle,FI,73,male,4,retired,decile_8,5,2,3,7,8,4,4,3
electric_car,FI,59,female,5,paid_work,decile_10,5,1,4,9,9,3,6,2
gasoline_car,FI,53,male,7,paid_work,decile_8,5,2,3,8,5,3,4,2
electric_car,FI,58,female,5,paid_work,decile_10,5,1,4,9,1,5,5,3
gasoline_car,FI,66,female,7,retired,decile_8,5,1,3,5,7,5,6,4
walking,FI,78,female,4,retired,decile_6,5,1,2,2,9,4,5,1
bicycle,FI,44,male,7,paid_work,decile_10,5,1,3,7,10,5,6,1
bicycle,FI,21,male,2,education,decile_7,5,1,3,7,10,5,4,3
walking,FI,30,male,7,paid_work,decile_5,5,1,2,2,3,5,6,4
gasoline_car,FI,48,female,5,paid_work,decile_10,5,2,3,6,2,3,5,3
walking,FI,74,male,4,retired,decile_4,5,2,2,2,6,4,5,1
walking,FI,77,male,4,retired,decile_3,5,2,3,7,7,4,4,4
public_transport,FI,49,male,5,paid_work,decile_10,5,3,3,3,9,0,1,3
gasoline_car,FI,39,male,6,paid_work,decile_4,5,3,3,3,3,1,1,3
gasoline_car,FI,59,female,7,paid_work,decile_7,5,1,4,7,6,6,4,3
gasoline_car,FI,68,male,4,retired,decile_6,5,2,2,4,5,4,6,3
walking,FI,62,female,7,paid_work,decile_8,5,1,3,8,2,5,5,3
electric_car,FI,51,female,7,paid_work,decile_10,5,1,4,8,9,3,5,2
walking,FI,79,male,7,retired,decile_6,5,1,4,5,8,4,5,2
gasoline_car,FI,50,male,6,paid_work,decile_10,5,1,4,8,7,5,4,3
walking,FI,75,female,4,retired,decile_4,5,2,3,7,7,2,4,3
bicycle,FI,47,male,7,paid_work,decile_6,5,2,3,8,9,4,5,2
gasoline_car,FI,72,male,6,retired,decile_8,5,2,3,8,7,3,5,3
walking,FI,28,female,6,housework,decile_1,5,4,4,8,8,3,4,2
gasoline_car,FI,66,female,2,paid_work,decile_9,4,2,4,7,9,3,5,3
bicycle,FI,53,female,7,paid_work,decile_8,5,2,4,9,6,5,5,1
walking,FI,33,female,6,unemployed_looking,decile_7,5,2,3,7,3,2,2,3
gasoline_car,FI,49,female,7,paid_work,decile_5,5,2,3,7,3,3,4,3
walking,FI,69,male,5,retired,decile_6,5,1,4,10,1,5,5,1
bicycle,FI,79,female,5,retired,decile_2,5,2,4,10,4,2,3,4
gasoline_car,FI,80,female,7,retired,decile_7,5,1,4,9,5,3,5,2
walking,FI,69,male,1,retired,decile_1,5,3,3,6,1,6,5,3
electric_car,FI,56,male,5,paid_work,decile_10,5,2,4,10,8,3,5,3
electric_car,FI,85,male,6,retired,decile_7,5,2,3,7,6,5,5,2
walking,FI,68,female,7,retired,decile_7,5,1,3,7,8,4,5,2
gasoline_car,FI,67,female,5,retired,decile_2,5,3,2,2,2,3,4,3
public_transport,FI,54,female,7,paid_work,decile_3,5,3,3,9,9,3,4,3
walking,FI,56,male,7,paid_work,decile_10,5,2,4,7,8,3,5,4
gasoline_car,FI,48,female,7,paid_work,decile_10,5,1,4,8,3,5,4,3
gasoline_car,FI,48,male,5,paid_work,decile_9,5,1,3,7,9,3,4,3
electric_car,FI,34,female,4,paid_work,decile_9,5,1,2,2,9,6,6,5
gasoline_car,FI,45,male,4,paid_work,decile_6,5,2,2,3,0,5,6,5
public_transport,FI,65,female,7,retired,decile_8,5,2,3,8,8,4,6,2
gasoline_car,FI,60,male,2,retired,decile_7,5,2,2,5,5,5,5,2
walking,FI,71,female,5,retired,decile_2,3,2,3,9,10,3,5,3
walking,FI,82,male,6,retired,decile_9,5,1,2,6,6,4,5,3
bicycle,FI,27,female,4,education,decile_2,5,3,5,6,7,3,4,2
gasoline_car,FI,43,female,7,paid_work,decile_9,5,1,4,8,2,5,6,3
gasoline_car,FI,75,female,4,retired,decile_7,2,1,4,8,3,3,5,3
gasoline_car,FI,62,male,4,paid_work,decile_5,5,2,3,5,0,4,4,4
bicycle,FI,32,female,4,paid_work,decile_7,5,1,4,5,2,4,5,2
gasoline_car,FI,71,male,2,housework,decile_7,5,2,4,8,8,3,5,3
walking,FI,70,female,2,retired,decile_2,5,2,3,8,10,4,6,3
gasoline_car,FI,52,female,7,paid_work,decile_10,5,1,4,10,3,5,5,3
electric_car,FI,51,male,6,paid_work,decile_10,5,1,3,6,3,4,5,3
walking,FI,63,female,4,retired,decile_7,5,2,3,4,1,4,5,2
walking,FI,71,female,7,retired,decile_9,5,1,3,5,9,4,6,3
gasoline_car,FI,61,female,5,paid_work,decile_10,5,1,3,7,5,4,5,2
gasoline_car,FI,74,male,1,retired,decile_5,5,1,4,10,2,4,5,2
electric_car,FI,43,female,4,paid_work,decile_6,5,2,4,7,6,4,4,3
bicycle,FI,53,female,7,paid_work,decile_10,5,2,4,5,6,6,5,2
gasoline_car,FI,77,male,4,retired,decile_4,5,2,4,6,2,3,3,5
public_transport,FI,84,female,1,retired,decile_3,1,1,3,8,6,2,6,3
gasoline_car,FI,29,male,7,paid_work,decile_9,5,1,2,4,6,3,5,3
walking,FI,80,male,7,retired,decile_8,3,1,3,6,9,4,4,2
public_transport,FI,36,female,6,housework,decile_7,5,2,4,7,7,4,5,3
gasoline_car,FI,63,female,5,paid_work,decile_4,5,1,4,8,5,4,5,3
electric_car,FI,29,female,6,paid_work,decile_6,5,1,2,5,7,4,6,2
electric_car,FI,62,female,6,paid_work,decile_9,5,1,4,9,3,5,6,2
gasoline_car,FI,50,female,6,paid_work,decile_8,5,3,3,7,7,3,5,3
bicycle,FI,40,female,7,paid_work,decile_10,5,1,3,5,5,5,5,3
public_transport,FI,59,female,5,retired,decile_1,5,3,3,7,9,4,4,3
gasoline_car,FI,77,male,5,retired,decile_5,5,2,4,5,2,2,4,2
public_transport,FI,58,female,7,paid_work,decile_6,5,2,5,8,7,4,4,2
public_transport,FI,25,female,4,paid_work,decile_10,5,2,3,7,4,4,1,3
electric_car,FI,73,male,5,retired,decile_7,4,1,2,7,2,4,5,1
public_transport,FI,42,male,6,education,decile_6,5,2,5,8,9,5,5,1
walking,FI,68,male,4,retired,decile_7,5,2,4,5,1,5,5,4
walking,FI,60,female,4,paid_work,decile_5,5,2,4,7,5,3,4,2
gasoline_car,FI,74,male,4,paid_work,decile_7,3,2,2,4,1,3,4,3
electric_car,FI,86,male,1,retired,decile_5,2,1,3,5,0,3,5,3
walking,FI,26,female,4,education,decile_2,5,2,3,6,5,4,3,2
gasoline_car,FI,61,female,4,paid_work,decile_2,5,2,5,9,0,5,4,3
walking,FI,50,female,7,paid_work,decile_6,5,3,4,9,9,2,6,4
public_transport,FI,54,female,7,paid_work,decile_10,5,1,5,7,10,3,3,1
electric_car,FI,53,male,7,paid_work,decile_10,5,1,4,7,4,6,4,3
electric_car,FI,48,male,4,paid_work,decile_8,5,2,3,6,8,3,5,4
gasoline_car,FI,54,female,7,paid_work,decile_10,5,1,2,8,7,4,5,1
walking,FI,53,male,5,unemployed_looking,decile_1,5,3,1,3,7,2,3,3
bicycle,FI,60,male,7,paid_work,decile_9,5,1,4,9,9,6,5,2
walking,FI,80,male,1,retired,decile_5,5,2,3,5,6,3,3,3
gasoline_car,FI,50,male,6,paid_work,decile_8,5,1,4,6,8,4,4,1
walking,FI,71,female,6,retired,decile_7,4,2,3,8,8,3,5,3
electric_car,FI,51,female,6,paid_work,decile_10,5,1,3,7,5,6,5,3
public_transport,FI,24,female,5,paid_work,decile_3,5,3,3,5,7,2,2,4
walking,FI,74,male,4,retired,decile_3,3,3,4,5,1,2,3,3
walking,FI,25,female,4,education,decile_1,5,3,4,7,9,3,5,3
gasoline_car,FI,47,female,7,paid_work,decile_4,5,2,1,0,5,6,4,3
gasoline_car,FI,79,male,4,retired,decile_6,5,2,3,4,9,4,5,2
walking,FI,75,male,4,retired,decile_10,5,2,3,8,9,2,5,5
walking,FI,69,male,4,retired,decile_6,5,2,3,7,3,5,5,3
walking,FI,57,female,4,paid_work,decile_7,3,1,3,7,9,4,5,3
gasoline_car,FI,32,male,6,paid_work,decile_6,5,1,2,2,9,3,5,4
walking,FI,63,male,5,retired,decile_4,5,2,3,6,8,2,4,3
gasoline_car,FI,76,female,7,paid_work,decile_7,5,1,3,5,9,3,6,2
electric_car,FI,52,male,6,paid_work,decile_6,5,1,3,5,8,3,5,2
gasoline_car,FI,57,female,5,paid_work,decile_3,5,2,2,6,10,3,4,5
gasoline_car,FI,76,female,7,retired,decile_10,5,1,3,10,3,4,6,2
electric_car,FI,65,female,4,housework,decile_5,5,2,4,8,7,4,4,4
walking,FI,74,female,2,retired,decile_5,5,2,3,5,8,4,4,2
gasoline_car,FI,53,female,6,paid_work,decile_5,5,3,3,5,7,4,3,3
gasoline_car,FI,69,male,4,retired,decile_9,5,1,3,6,7,3,4,3
walking,FI,82,male,7,retired,decile_8,5,1,5,7,8,4,5,2
bicycle,FI,39,male,6,paid_work,decile_8,5,2,5,6,7,5,5,1
electric_car,FI,56,female,7,paid_work,decile_8,5,1,3,4,3,5,6,2
electric_car,FI,78,male,7,paid_work,decile_9,5,2,4,6,6,5,5,2
walking,FI,79,male,4,retired,decile_7,5,2,4,8,8,3,4,4
walking,FI,78,male,4,retired,decile_1,5,2,3,8,9,3,3,3
electric_car,FI,48,male,4,unemployed_not_looking,decile_8,5,2,4,6,3,2,3,4
bicycle,FI,69,male,4,retired,decile_2,5,2,5,10,9,5,4,5
gasoline_car,FI,37,female,6,paid_work,decile_8,5,1,5,9,9,4,4,2
gasoline_car,FI,35,male,6,paid_work,decile_5,5,2,3,5,8,4,5,4
gasoline_car,FI,49,female,5,paid_work,decile_5,5,2,3,8,10,3,3,3
walking,FI,79,male,7,retired,decile_10,4,2,2,5,5,0,6,1
walking,FI,31,female,7,unemployed_looking,decile_2,5,3,4,7,9,5,4,4
electric_car,FI,20,male,2,education,decile_4,5,2,1,0,10,3,2,5
public_transport,FI,65,male,7,paid_work,decile_10,5,2,4,8,10,4,6,2
walking,FI,22,female,4,education,decile_1,5,4,1,0,4,2,4,5
walking,FI,68,male,5,retired,decile_6,5,2,3,5,4,1,3,2
gasoline_car,FI,73,male,1,retired,decile_6,5,2,4,8,8,4,4,3
electric_car,FI,77,male,4,paid_work,decile_7,5,1,3,5,5,3,5,2
gasoline_car,FI,77,female,5,paid_work,decile_10,5,1,5,8,0,2,3,4
gasoline_car,FI,45,male,6,paid_work,decile_9,5,2,3,5,9,6,6,3
gasoline_car,FI,35,female,6,paid_work,decile_5,5,2,4,7,3,3,4,2
public_transport,FI,23,female,6,education,decile_4,5,1,2,7,10,3,5,2
public_transport,FI,58,female,5,paid_work,decile_6,5,1,3,8,8,1,5,2
walking,FI,81,female,5,retired,decile_8,5,2,3,4,6,4,5,3
electric_car,FI,50,male,6,paid_work,decile_10,5,1,2,6,7,5,5,3
gasoline_car,FI,22,male,4,unemployed_looking,decile_6,5,2,3,3,7,5,5,2
walking,FI,63,female,4,retired,decile_4,5,3,5,9,7,4,4,2
walking,FI,69,male,5,retired,decile_8,5,2,4,8,3,2,5,1
walking,FI,30,female,4,paid_work,decile_8,5,2,3,6,7,4,3,3
electric_car,FI,48,male,6,paid_work,decile_10,5,2,3,4,8,4,4,3
public_transport,FI,28,female,6,paid_work,decile_7,5,2,4,7,8,2,2,5
electric_car,FI,74,male,4,retired,decile_5,5,3,3,10,6,4,6,3
walking,FI,39,male,6,paid_work,decile_9,5,1,3,7,9,4,4,1
walking,FI,71,female,5,retired,decile_6,5,1,3,7,5,3,5,3
walking,FI,65,female,7,unemployed_not_looking,decile_5,5,2,5,10,5,4,5,3
walking,FI,63,female,2,retired,decile_2,5,3,5,8,9,0,2,2
public_transport,FI,64,female,4,paid_work,decile_6,5,2,4,9,10,4,6,2
gasoline_car,FI,45,male,6,paid_work,decile_9,5,3,2,2,3,5,5,4
walking,FI,64,male,5,retired,decile_2,5,2,3,6,8,3,5,4
walking,FI,28,female,6,unemployed_looking,decile_3,5,2,4,10,8,2,5,1
gasoline_car,FI,55,male,5,paid_work,decile_9,5,2,3,7,6,3,5,3
gasoline_car,FI,35,female,4,paid_work,decile_8,5,2,2,1,7,3,3,4
gasoline_car,FI,55,female,4,retired,decile_3,5,2,3,7,5,3,1,3
walking,FI,25,female,4,education,decile_4,5,2,5,10,10,4,5,2
gasoline_car,FI,35,male,6,paid_work,decile_6,5,2,1,0,5,2,3,5
walking,FI,86,female,4,retired,decile_6,1,2,4,5,9,5,6,3
walking,FI,64,male,7,paid_work,decile_5,5,2,3,6,10,5,4,2
electric_car,FI,66,female,5,retired,decile_8,5,2,3,7,5,3,5,3
gasoline_car,FI,44,male,6,paid_work,decile_8,5,3,2,1,9,3,2,4
gasoline_car,FI,32,male,6,paid_work,decile_7,5,2,3,6,5,4,5,3
public_transport,FI,57,female,7,paid_work,decile_9,5,1,4,9,10,4,5,1
walking,FI,83,male,5,retired,decile_6,5,1,3,8,8,4,6,1
gasoline_car,FI,22,female,4,paid_work,decile_10,5,1,2,6,7,4,5,2
walking,FI,84,male,7,retired,decile_8,1,1,4,8,2,3,5,2
public_transport,FI,58,female,7,unemployed_not_looking,decile_7,5,2,3,8,3,3,4,3
walking,FI,54,female,2,unemployed_not_looking,decile_1,3,3,4,7,6,3,6,3
gasoline_car,FI,43,male,4,paid_work,decile_8,5,2,3,6,8,2,4,3
gasoline_car,FI,59,female,6,paid_work,decile_9,5,1,3,7,5,4,5,1
gasoline_car,FI,58,male,7,paid_work,decile_10,5,1,3,6,9,5,6,2
gasoline_car,FI,35,male,7,paid_work,decile_8,5,2,4,8,5,5,5,3
gasoline_car,FI,47,male,4,paid_work,decile_8,5,1,3,5,10,1,4,5
walking,FI,61,female,5,paid_work,decile_4,5,2,3,6,4,5,5,4
bicycle,FI,73,female,7,retired,decile_9,5,2,3,7,7,3,4,2
walking,FI,59,female,6,paid_work,decile_6,5,2,3,5,5,4,5,2
electric_car,FI,72,female,6,retired,decile_7,5,2,3,7,7,4,5,2
gasoline_car,FI,69,female,5,retired,decile_3,5,3,4,8,0,4,4,3
gasoline_car,FI,72,female,6,retired,decile_5,5,2,3,7,1,3,4,4
bicycle,FI,44,female,7,paid_work,decile_10,5,1,5,10,9,5,5,1
gasoline_car,FI,31,male,4,paid_work,decile_3,5,2,3,5,6,4,6,4
walking,FI,69,female,6,retired,decile_7,4,2,4,10,10,4,4,2
gasoline_car,FI,78,male,5,retired,decile_3,1,1,1,9,3,2,5,3
electric_car,FI,41,male,6,paid_work,decile_9,5,1,3,6,8,3,4,4
electric_car,FI,53,female,7,paid_work,decile_10,5,1,4,9,7,3,5,2
walking,FI,40,female,1,education,decile_1,5,1,4,7,0,4,6,3
public_transport,FI,33,female,7,paid_work,decile_3,5,2,3,7,6,3,4,1
walking,FI,52,male,6,paid_work,decile_10,5,2,3,7,3,1,4,4
bicycle,FI,69,female,5,retired,decile_6,5,2,3,2,9,1,4,5
walking,FI,36,male,7,unemployed_looking,decile_1,5,3,5,5,3,0,3,2
gasoline_car,FI,32,male,6,paid_work,decile_8,5,2,2,5,10,4,6,5
electric_car,FI,49,male,2,paid_work,decile_8,5,1,3,9,9,5,6,1
public_transport,FI,69,female,6,retired,decile_3,5,3,3,5,10,1,3,4
gasoline_car,FI,72,male,5,retired,decile_5,5,2,5,9,0,3,5,2
bicycle,FI,63,male,5,paid_work,decile_6,5,2,4,9,7,2,5,3
walking,FI,53,male,4,paid_work,decile_4,5,3,1,5,0,3,3,5
walking,FI,66,male,4,paid_work,decile_9,5,1,4,8,9,2,5,1
electric_car,FI,70,female,5,retired,decile_3,5,2,3,8,6,5,6,3
bicycle,FI,65,male,5,paid_work,decile_7,5,2,3,7,7,3,5,2
gasoline_car,FI,43,male,4,paid_work,decile_8,5,2,2,3,4,3,4,3
gasoline_car,FI,37,female,6,housework,decile_9,5,1,4,7,6,4,5,3
public_transport,FI,57,male,7,paid_work,decile_10,5,1,4,9,10,3,4,2
gasoline_car,FI,79,female,4,retired,decile_5,3,3,4,8,2,4,4,3
gasoline_car,FI,74,male,6,retired,decile_8,5,2,4,8,7,4,5,2
walking,FI,67,female,6,retired,decile_10,5,1,4,8,9,4,4,3
walking,FI,70,female,4,retired,decile_6,5,2,4,9,10,3,5,1
electric_car,FI,45,female,6,paid_work,decile_4,5,2,4,7,6,4,5,3
gasoline_car,FI,30,male,6,paid_work,decile_4,5,2,1,0,9,2,6,4
bicycle,FI,59,male,4,paid_work,decile_8,5,1,3,7,6,3,5,3
walking,FI,79,male,1,retired,decile_3,1,2,3,5,5,3,4,3
walking,FI,70,female,4,retired,decile_5,5,2,4,10,3,5,5,4
public_transport,FI,90,female,5,retired,decile_6,3,1,4,8,5,3,5,2
walking,FI,64,male,7,paid_work,decile_9,5,1,3,8,8,3,5,2
walking,FI,36,male,6,paid_work,decile_8,5,1,4,5,10,2,4,2
electric_car,FI,58,male,4,paid_work,decile_7,5,2,4,10,3,4,5,2
electric_car,FI,31,female,6,education,decile_1,5,3,3,9,2,3,5,2
walking,FI,76,female,6,retired,decile_5,5,1,5,10,8,3,6,2
gasoline_car,FI,58,male,6,paid_work,decile_9,5,1,3,7,8,4,5,2
electric_car,FI,53,female,7,paid_work,decile_9,5,1,4,8,5,5,5,2
electric_car,FI,49,female,6,paid_work,decile_10,5,1,2,6,7,5,5,2
gasoline_car,FI,60,male,4,paid_work,decile_9,5,2,3,8,7,5,6,4
electric_car,FI,44,female,6,paid_work,decile_7,5,1,4,10,4,3,4,3
bicycle,FI,68,female,4,retired,decile_4,5,2,3,5,7,3,3,3
walking,FI,68,male,4,retired,decile_5,5,2,3,7,4,4,5,5
electric_car,FI,71,male,5,retired,decile_6,5,1,3,6,5,4,5,3
gasoline_car,FI,52,female,7,paid_work,decile_9,5,3,4,8,3,4,5,3
public_transport,FI,38,female,7,paid_work,decile_8,5,1,4,10,8,3,6,2
gasoline_car,FI,46,male,2,paid_work,decile_6,5,2,3,6,3,5,5,5
gasoline_car,FI,50,female,7,paid_work,decile_7,5,1,4,8,9,4,5,2
walking,FI,67,female,7,paid_work,decile_9,3,1,2,2,10,3,5,1
walking,FI,36,male,4,education,decile_1,5,4,4,10,7,2,3,2
walking,FI,65,male,7,paid_work,decile_8,5,2,3,5,10,5,4,2
walking,FI,66,female,7,paid_work,decile_7,5,2,3,5,5,5,5,2
gasoline_car,FI,60,female,4,paid_work,decile_6,5,2,1,2,0,6,1,5
bicycle,FI,55,female,5,paid_work,decile_5,5,2,4,8,0,6,5,4
walking,FI,69,female,7,retired,decile_6,5,2,4,9,10,1,3,3
gasoline_car,FI,60,female,4,paid_work,decile_10,5,2,3,3,0,6,3,3
electric_car,FI,63,male,5,paid_work,decile_10,5,2,4,8,5,1,5,1
gasoline_car,FI,48,male,6,paid_work,decile_8,5,1,4,9,1,4,4,2
bicycle,FI,72,female,4,retired,decile_2,5,2,3,3,6,2,4,3
public_transport,FI,51,male,4,paid_work,decile_9,5,1,5,10,10,4,4,2
electric_car,FI,69,male,5,paid_work,decile_10,5,1,3,6,9,4,6,3
electric_car,FI,43,female,7,paid_work,decile_9,5,1,5,5,9,4,6,5
walking,FI,70,male,4,retired,decile_1,5,2,4,5,3,5,5,2
gasoline_car,FI,56,female,4,paid_work,decile_9,5,2,2,6,5,4,5,4
walking,FI,72,female,7,retired,decile_5,5,2,4,9,9,4,5,3
bicycle,FI,27,female,4,housework,decile_7,5,1,4,10,6,4,4,2
bicycle,FI,28,male,6,paid_work,decile_8,5,1,4,7,4,4,6,1
gasoline_car,FI,61,male,5,paid_work,decile_7,5,2,3,6,5,4,5,3
walking,FI,82,male,5,retired,decile_8,5,1,3,1,9,1,4,3
electric_car,FI,59,male,7,paid_work,decile_10,5,1,5,10,6,5,6,1
public_transport,FI,75,male,1,retired,decile_6,5,2,3,6,7,2,2,3
electric_car,FI,65,male,7,retired,decile_10,5,2,5,5,9,6,3,3
public_transport,FI,20,female,2,education,decile_1,5,3,4,6,9,4,3,1
electric_car,FI,60,female,6,paid_work,decile_7,5,2,4,5,0,5,5,2
walking,FI,83,female,5,retired,decile_2,1,1,4,9,9,6,6,1
walking,FI,61,male,5,education,decile_1,5,4,1,0,9,4,4,3
walking,FI,69,male,5,retired,decile_4,5,2,3,6,6,4,5,3
gasoline_car,FI,39,female,6,paid_work,decile_9,5,1,4,7,5,4,4,4
walking,FI,72,male,2,retired,decile_6,5,1,4,7,0,3,6,4
gasoline_car,FI,36,female,6,housework,decile_5,5,2,3,7,5,6,5,3
electric_car,FI,57,female,7,paid_work,decile_10,5,1,3,8,8,5,5,2
gasoline_car,FI,61,male,7,paid_work,decile_10,5,1,4,9,5,4,5,2
walking,FI,73,female,4,retired,decile_2,5,3,3,4,4,3,4,3
gasoline_car,FI,60,female,7,paid_work,decile_6,5,2,4,10,8,5,5,2
walking,FI,81,female,7,retired,decile_6,5,1,4,7,8,3,5,3
gasoline_car,FI,34,female,6,education,decile_7,5,1,3,7,7,3,4,3
electric_car,FI,37,male,4,paid_work,decile_7,5,2,3,6,7,4,5,3
electric_car,FI,74,male,2,retired,decile_6,5,2,5,8,7,3,5,2
walking,FI,71,male,7,retired,decile_7,5,2,4,9,8,4,4,2
walking,FI,73,female,4,retired,decile_5,3,2,4,7,8,4,5,3
electric_car,FI,58,male,6,retired,decile_7,5,1,3,5,8,3,5,4
walking,FI,87,male,7,retired,decile_7,5,2,4,9,8,3,4,4
walking,FI,41,female,7,paid_work,decile_10,5,1,4,6,9,4,5,2
electric_car,FI,72,male,5,retired,decile_6,5,3,3,7,5,2,3,2
walking,FI,36,male,4,paid_work,decile_8,5,2,3,5,5,4,4,4
gasoline_car,FI,57,female,7,paid_work,decile_7,5,1,3,6,4,3,5,3
bicycle,FI,61,male,5,retired,decile_7,5,1,2,0,2,0,6,1
gasoline_car,FI,66,male,4,retired,decile_9,5,1,2,7,7,2,5,1
walking,FI,65,female,4,retired,decile_7,5,2,3,6,8,3,4,3
gasoline_car,FI,27,female,4,education,decile_1,5,3,3,6,8,5,5,2
public_transport,FI,82,male,6,retired,decile_5,5,1,4,6,8,4,5,3
gasoline_car,FI,60,female,4,paid_work,decile_6,5,2,3,6,2,6,6,2
gasoline_car,FI,49,female,4,paid_work,decile_9,5,2,2,6,2,5,4,4
bicycle,FI,48,female,7,paid_work,decile_10,5,1,4,7,9,6,5,1
gasoline_car,FI,38,male,4,paid_work,decile_6,5,3,1,0,5,1,6,3
walking,FI,76,female,1,sick_disabled,decile_4,3,2,3,2,6,5,5,2
walking,FI,72,male,5,retired,decile_7,5,2,4,9,8,5,5,3
gasoline_car,FI,68,male,4,retired,decile_7,5,2,3,8,7,3,5,3
gasoline_car,FI,69,male,6,retired,decile_7,5,1,5,10,9,1,5,1
electric_car,FI,69,male,5,retired,decile_8,5,1,4,10,6,3,4,3
walking,FI,81,female,4,retired,decile_3,5,2,4,8,8,4,5,4
walking,FI,75,male,6,retired,decile_4,5,2,3,10,8,4,5,2
electric_car,FI,57,male,7,paid_work,decile_9,5,2,5,9,8,4,5,1
gasoline_car,FI,54,female,4,paid_work,decile_7,5,2,3,6,8,4,5,2
electric_car,FI,47,female,7,paid_work,decile_10,5,1,3,8,9,5,5,3
gasoline_car,FI,39,male,5,paid_work,decile_7,5,2,2,6,0,2,4,5
public_transport,FI,69,female,6,paid_work,decile_5,5,2,4,9,7,0,3,3
gasoline_car,FI,54,male,6,paid_work,decile_10,5,2,2,3,7,4,4,3
gasoline_car,FI,72,male,7,retired,decile_6,5,1,3,8,7,4,5,3
gasoline_car,FI,66,female,5,retired,decile_5,5,2,3,4,6,5,4,3
walking,FI,38,male,7,paid_work,decile_3,5,2,1,0,0,2,3,5
electric_car,FI,71,female,1,retired,decile_5,5,2,2,7,7,0,5,5
bicycle,FI,48,female,7,paid_work,decile_9,5,1,3,8,9,4,5,2
walking,FI,39,female,7,paid_work,decile_6,5,1,5,10,7,3,4,2
electric_car,FI,56,female,6,paid_work,decile_10,5,2,3,8,3,5,5,2
gasoline_car,FI,41,male,6,paid_work,decile_8,5,2,3,7,7,5,2,2
public_transport,FI,36,female,6,paid_work,decile_8,5,1,4,10,10,4,5,1
gasoline_car,FI,31,female,6,paid_work,decile_8,5,2,3,3,3,4,3,3
walking,FI,67,female,2,retired,decile_7,4,1,3,5,5,2,5,3
gasoline_car,FI,54,male,4,sick_disabled,decile_3,5,4,2,5,3,5,3,5
gasoline_car,FI,71,male,1,retired,decile_4,5,2,3,7,6,4,5,4
bicycle,FI,37,female,4,paid_work,decile_5,5,2,5,9,9,4,5,3
gasoline_car,FI,52,male,7,paid_work,decile_10,5,2,3,6,7,4,5,3
gasoline_car,FI,66,male,2,paid_work,decile_5,5,2,3,5,1,4,4,5
gasoline_car,FI,55,female,5,unemployed_looking,decile_2,5,3,3,3,2,3,2,5
gasoline_car,FI,48,female,5,paid_work,decile_9,5,1,4,10,2,4,5,2
electric_car,FI,54,female,7,paid_work,decile_10,5,1,3,7,5,4,5,2
walking,FI,66,female,5,paid_work,decile_8,5,1,3,4,3,4,6,2
gasoline_car,FI,48,female,6,paid_work,decile_8,5,1,3,6,5,1,6,3
walking,FI,49,female,7,paid_work,decile_4,5,3,5,7,7,2,2,5
gasoline_car,FI,35,male,6,paid_work,decile_7,1,2,3,4,7,5,5,2
public_transport,FI,45,male,6,education,decile_3,5,3,3,5,10,5,4,3
electric_car,FI,65,female,5,paid_work,decile_6,5,2,4,8,1,4,3,3
gasoline_car,FI,75,female,5,retired,decile_6,5,2,3,5,7,4,5,2
gasoline_car,FI,65,male,4,paid_work,decile_5,5,2,4,9,8,5,5,3
electric_car,FI,59,female,2,paid_work,decile_4,5,2,3,7,9,3,4,3
gasoline_car,FI,77,female,5,retired,decile_4,5,2,4,10,8,6,6,3
walking,FI,57,female,6,paid_work,decile_5,5,1,3,7,8,2,6,4
gasoline_car,FI,34,female,7,paid_work,decile_5,5,1,3,7,1,3,3,2
electric_car,FI,76,male,1,retired,decile_7,5,2,3,7,7,4,5,4
gasoline_car,FI,61,male,5,paid_work,decile_10,5,1,1,0,5,4,5,5
gasoline_car,FI,89,male,5,retired,decile_4,1,1,4,7,6,4,6,3
gasoline_car,FI,74,male,1,retired,decile_7,5,2,2,4,2,5,5,3
walking,FI,55,male,7,paid_work,decile_10,5,1,3,3,10,3,5,2
electric_car,FI,76,male,5,retired,decile_7,5,2,3,7,6,5,4,4
gasoline_car,FI,42,female,4,paid_work,decile_7,5,2,3,6,9,4,5,4
walking,FI,67,male,4,retired,decile_3,5,2,2,0,4,2,3,4
walking,FI,24,female,4,education,decile_2,5,2,3,7,7,3,5,3
gasoline_car,FI,36,female,6,housework,decile_7,5,4,5,7,6,4,1,4
walking,FI,72,male,5,retired,decile_7,5,2,2,2,9,3,5,4
gasoline_car,FI,34,male,4,education,decile_6,5,2,1,0,4,3,4,3
electric_car,FI,49,female,7,paid_work,decile_9,5,2,3,7,6,2,1,5
electric_car,FI,63,male,7,paid_work,decile_7,5,1,2,5,7,4,5,2
bicycle,FI,64,female,4,unemployed_not_looking,decile_1,5,3,3,8,10,3,2,3
public_transport,FI,32,male,7,paid_work,decile_9,5,1,4,4,10,4,6,1
gasoline_car,FI,56,female,5,paid_work,decile_4,5,2,3,6,6,3,4,4
electric_car,FI,62,male,6,unemployed_not_looking,decile_8,5,2,2,4,2,2,4,4
walking,FI,63,female,4,paid_work,decile_3,5,2,4,2,10,3,4,1
public_transport,FI,63,female,7,paid_work,decile_9,5,1,4,8,7,4,5,2
walking,FI,53,female,7,paid_work,decile_9,5,1,4,9,8,5,3,2
public_transport,FI,47,female,7,paid_work,decile_7,5,1,4,9,9,4,3,3
gasoline_car,FI,50,female,7,paid_work,decile_8,5,2,2,8,6,4,4,3
walking,FI,70,female,5,retired,decile_1,5,3,5,9,7,5,3,2
walking,FI,68,male,7,paid_work,decile_8,5,1,4,8,3,5,6,3
bicycle,FI,69,male,7,retired,decile_8,5,1,3,3,5,1,5,2
walking,FI,43,male,7,paid_work,decile_10,5,2,3,8,6,4,5,5
gasoline_car,FI,64,female,5,unemployed_looking,decile_7,5,2,2,2,0,5,1,3
walking,FI,71,male,6,retired,decile_7,5,2,4,1,8,2,4,2
public_transport,FI,34,female,4,paid_work,decile_1,5,2,3,8,5,3,4,3
walking,FI,56,male,6,paid_work,decile_9,5,2,1,0,2,3,3,5
walking,FI,60,male,5,paid_work,decile_10,5,2,3,2,8,3,4,3
walking,FI,74,male,5,retired,decile_4,5,1,3,5,9,2,5,3
gasoline_car,FI,68,male,4,retired,decile_5,5,2,2,7,5,4,5,2
gasoline_car,FI,40,male,4,paid_work,decile_7,5,2,2,2,2,3,5,4
gasoline_car,FI,39,male,4,paid_work,decile_4,5,3,3,7,0,3,2,5
gasoline_car,FI,63,female,7,paid_work,decile_9,5,1,4,8,9,4,3,2
gasoline_car,FI,58,female,6,paid_work,decile_7,5,3,3,6,8,2,4,4
electric_car,FI,74,female,6,retired,decile_6,5,1,2,5,10,5,6,2
walking,FI,69,male,7,retired,decile_8,5,1,3,5,8,2,3,2
walking,FI,32,female,4,paid_work,decile_10,5,1,2,3,8,6,6,3
walking,FI,72,female,5,retired,decile_5,5,1,3,6,6,5,5,4
walking,FI,31,male,5,paid_work,decile_5,5,2,5,10,8,5,5,1
gasoline_car,FI,63,female,4,paid_work,decile_7,5,2,4,8,5,4,5,3
walking,FI,78,female,4,retired,decile_1,5,2,3,4,8,4,5,2
walking,FI,66,male,5,paid_work,decile_10,5,2,4,8,5,4,5,2
gasoline_car,FI,68,female,7,paid_work,decile_2,5,3,5,5,5,2,4,5
gasoline_car,FI,35,male,5,retired,decile_8,5,3,3,8,4,3,6,4
public_transport,FI,34,female,7,paid_work,decile_7,5,2,5,8,8,4,5,2
gasoline_car,FI,32,female,7,paid_work,decile_9,5,1,5,6,2,3,3,2
electric_car,FI,35,female,6,education,decile_5,5,2,3,5,0,5,3,5
public_transport,FI,21,female,2,education,decile_1,5,2,3,7,5,3,3,5
walking,FI,52,female,7,paid_work,decile_10,5,2,3,7,7,4,4,3
bicycle,FI,84,male,7,retired,decile_4,5,1,5,9,9,1,2,1
gasoline_car,FI,50,female,4,paid_work,decile_8,5,2,3,7,8,3,4,3
electric_car,FI,50,male,7,paid_work,decile_9,5,2,3,9,3,4,5,3
walking,FI,85,female,2,retired,decile_2,5,2,4,8,9,2,3,2
bicycle,FI,78,male,5,retired,decile_7,5,1,4,8,9,3,3,4
gasoline_car,FI,67,male,5,paid_work,decile_8,2,2,4,8,7,4,5,3
bicycle,FI,48,male,6,paid_work,decile_8,5,2,3,8,8,5,4,3
walking,FI,81,female,1,retired,decile_1,5,2,3,3,6,3,3,3
gasoline_car,FI,70,male,6,retired,decile_4,5,3,3,5,2,4,6,4
walking,FI,71,female,5,retired,decile_3,5,2,3,5,5,4,5,3
electric_car,FI,38,female,7,paid_work,decile_9,5,2,3,5,1,5,5,3
bicycle,FI,20,male,2,education,decile_5,5,1,1,0,8,4,6,3
gasoline_car,FI,77,male,7,retired,decile_8,5,1,3,10,10,4,4,3
gasoline_car,FI,66,male,2,retired,decile_4,5,2,4,9,8,5,6,2
walking,FI,29,male,4,education,decile_3,5,2,3,6,7,3,4,2
gasoline_car,FI,75,male,1,retired,decile_5,5,2,4,7,4,3,4,4
walking,FI,78,male,5,paid_work,decile_4,5,2,2,5,10,5,2,3
electric_car,FI,50,female,7,paid_work,decile_9,5,2,3,9,4,6,6,3
gasoline_car,FI,42,male,6,paid_work,decile_7,5,1,3,7,6,5,5,3
walking,FI,78,male,6,retired,decile_10,5,2,3,8,7,5,4,2
bicycle,FI,69,male,4,retired,decile_6,5,2,3,7,9,4,4,3
walking,FI,35,female,6,paid_work,decile_6,5,2,4,8,9,2,4,3
gasoline_car,FI,68,male,2,retired,decile_8,5,2,3,5,2,4,4,3
walking,FI,68,female,5,retired,decile_8,5,2,3,3,10,4,6,1
electric_car,FI,43,female,7,paid_work,decile_8,5,2,3,9,1,4,5,2
gasoline_car,FI,80,male,7,retired,decile_8,5,2,3,9,9,3,6,1
electric_car,FI,50,male,6,paid_work,decile_10,5,1,3,9,5,2,5,1
electric_car,FI,56,female,7,paid_work,decile_10,5,2,2,5,8,6,6,4
walking,FI,66,female,7,paid_work,decile_7,5,2,4,8,9,3,5,3
gasoline_car,FI,53,male,7,paid_work,decile_9,5,2,2,1,9,2,4,4
gasoline_car,FI,40,female,7,paid_work,decile_9,5,1,3,6,9,4,4,4
gasoline_car,FI,60,male,7,retired,decile_5,5,2,1,0,6,1,4,5
walking,FI,30,male,6,paid_work,decile_8,5,2,2,1,6,3,2,2
electric_car,FI,58,female,7,paid_work,decile_9,5,1,3,6,4,4,4,4
walking,FI,62,female,4,retired,decile_1,5,2,5,10,5,0,4,2
gasoline_car,FI,66,male,5,paid_work,decile_8,5,1,1,1,7,5,6,3
walking,FI,26,female,4,paid_work,decile_2,5,3,3,6,6,2,3,2
electric_car,FI,73,male,5,retired,decile_2,5,2,3,7,0,5,5,3
walking,FI,63,female,5,paid_work,decile_7,5,1,2,6,9,4,6,3
walking,FI,84,male,7,retired,decile_8,5,2,3,6,10,4,6,1
gasoline_car,FI,57,female,6,paid_work,decile_10,5,1,4,8,4,4,6,3
gasoline_car,FI,28,female,7,education,decile_1,5,2,3,7,5,3,5,3
gasoline_car,FI,75,female,7,retired,decile_6,5,2,4,8,1,3,3,4
gasoline_car,FI,50,male,6,paid_work,decile_10,5,2,3,6,5,5,5,3
gasoline_car,FI,67,male,4,retired,decile_6,5,4,3,7,8,5,4,3
gasoline_car,FI,44,female,4,paid_work,decile_9,5,2,2,6,8,4,3,5
walking,FI,63,male,6,paid_work,decile_8,5,2,3,7,9,3,6,3
gasoline_car,FI,47,male,4,paid_work,decile_6,5,2,1,0,5,5,3,5
gasoline_car,FI,62,male,4,sick_disabled,decile_4,5,3,3,9,3,1,4,2
gasoline_car,FI,38,female,6,paid_work,decile_10,5,2,2,5,8,3,2,4
gasoline_car,FI,79,female,7,retired,decile_5,4,2,4,7,8,4,5,2
walking,FI,36,female,6,paid_work,decile_10,5,2,3,6,5,6,6,5
gasoline_car,FI,82,male,4,retired,decile_6,1,3,2,5,3,0,1,5
electric_car,FI,45,female,4,paid_work,decile_10,5,1,3,6,7,4,4,2
gasoline_car,FI,66,male,4,retired,decile_8,5,2,3,7,3,4,4,3
walking,FI,80,male,7,retired,decile_7,5,1,4,7,4,3,4,3
gasoline_car,FI,29,male,4,paid_work,decile_4,5,2,3,7,2,3,4,3
gasoline_car,FI,52,female,7,paid_work,decile_8,5,1,4,10,7,5,4,4
electric_car,FI,37,male,4,paid_work,decile_9,5,1,4,9,5,5,6,1
gasoline_car,FI,78,male,5,retired,decile_6,5,1,4,4,5,4,6,2
electric_car,FI,69,male,5,retired,decile_5,5,1,3,7,1,5,6,2
public_transport,FI,44,male,5,sick_disabled,decile_1,5,2,2,2,8,4,2,1
walking,FI,85,male,4,retired,decile_8,5,2,4,7,10,5,6,2
walking,FI,63,female,6,paid_work,decile_7,5,1,3,5,1,3,6,3
walking,FI,67,female,7,retired,decile_9,4,2,3,9,8,3,5,3
gasoline_car,FI,53,male,6,paid_work,decile_7,5,3,3,7,8,2,3,2
public_transport,FI,37,male,6,unemployed_not_looking,decile_1,5,3,3,6,7,2,3,3
walking,FI,71,female,4,retired,decile_10,5,1,3,3,8,4,2,3
gasoline_car,FI,70,male,6,retired,decile_7,5,2,3,5,8,1,5,3
walking,FI,21,male,4,education,decile_5,5,2,4,6,9,3,5,2
gasoline_car,FI,63,female,4,paid_work,decile_4,5,3,4,7,7,2,4,3
walking,FI,67,female,2,retired,decile_1,5,3,3,5,10,6,6,3
gasoline_car,FI,68,female,6,paid_work,decile_7,5,1,3,7,4,3,5,2
gasoline_car,FI,36,male,4,paid_work,decile_8,5,1,2,1,2,4,5,4
walking,FI,70,female,5,retired,decile_6,1,1,1,5,3,2,3,3
gasoline_car,FI,58,female,7,paid_work,decile_7,5,1,3,6,8,4,5,5
electric_car,FI,44,male,6,paid_work,decile_8,5,2,5,9,3,2,4,1
gasoline_car,FI,74,female,5,retired,decile_5,5,1,4,7,1,3,5,2
bicycle,FI,43,male,6,paid_work,decile_3,5,2,3,5,8,4,5,1
gasoline_car,FI,59,female,7,paid_work,decile_8,5,2,3,8,3,4,5,4
electric_car,FI,76,male,1,retired,decile_4,1,1,4,6,3,5,5,1
walking,FI,66,male,6,paid_work,decile_8,5,1,3,5,6,3,5,2
bicycle,FI,61,male,4,sick_disabled,decile_5,5,2,4,6,5,2,4,5
walking,FI,50,female,6,paid_work,decile_6,5,2,3,7,2,4,4,2
gasoline_car,FI,36,male,6,paid_work,decile_10,5,2,1,0,8,4,3,5
gasoline_car,FI,61,male,4,paid_work,decile_9,5,2,2,5,3,5,4,3
public_transport,FR,50,male,7,paid_work,decile_8,5,2,3,5,4,1,2,5
gasoline_car,FR,40,female,5,paid_work,decile_3,5,2,2,2,5,2,4,3
walking,FR,72,female,4,retired,decile_5,5,2,3,8,10,4,6,3
gasoline_car,FR,58,male,1,paid_work,decile_8,5,1,3,7,0,2,4,3
gasoline_car,FR,65,female,4,paid_work,decile_7,5,2,3,4,5,4,2,4
gasoline_car,FR,43,female,4,paid_work,decile_6,5,2,4,7,2,2,3,3
electric_car,FR,31,male,7,paid_work,decile_5,5,3,5,10,5,2,5,1
gasoline_car,FR,38,male,7,paid_work,decile_8,5,2,5,10,4,2,4,2
gasoline_car,FR,42,male,7,paid_work,decile_10,5,2,4,10,5,2,5,1
gasoline_car,FR,30,female,7,paid_work,decile_7,5,2,3,5,0,1,3,4
walking,FR,60,female,4,sick_disabled,decile_3,5,1,4,10,8,2,6,2
walking,FR,37,female,6,paid_work,decile_8,5,1,4,10,5,5,5,2
gasoline_car,FR,67,female,2,retired,decile_7,5,2,3,10,0,4,4,2
walking,FR,35,female,6,paid_work,decile_6,5,1,5,5,6,2,2,1
gasoline_car,FR,41,female,6,paid_work,decile_10,5,1,3,8,6,2,6,3
gasoline_car,FR,60,female,7,paid_work,decile_10,5,1,4,9,4,3,3,4
walking,FR,78,male,7,retired,decile_7,5,1,3,8,6,1,4,3
gasoline_car,FR,35,male,6,paid_work,decile_5,5,1,4,5,3,3,6,3
gasoline_car,FR,51,female,2,paid_work,decile_5,5,2,2,5,10,3,5,4
gasoline_car,FR,67,female,3,retired,decile_6,5,2,3,6,5,3,5,3
electric_car,FR,41,male,6,paid_work,decile_8,5,1,1,0,5,0,4,5
gasoline_car,FR,67,male,7,retired,decile_9,5,1,5,10,1,5,6,2
public_transport,FR,55,female,7,paid_work,decile_10,5,1,4,10,7,2,5,2
public_transport,FR,53,male,7,paid_work,decile_10,5,1,4,7,5,4,4,3
gasoline_car,FR,45,female,7,paid_work,decile_8,5,2,3,4,4,3,6,3
gasoline_car,FR,24,male,5,paid_work,decile_7,5,2,4,9,3,3,5,4
public_transport,FR,44,female,4,paid_work,decile_3,3,3,4,9,7,3,0,4
gasoline_car,FR,47,female,5,paid_work,decile_9,5,2,4,7,3,4,4,4
gasoline_car,FR,61,female,4,unemployed_looking,decile_9,5,1,4,9,8,2,4,3
bicycle,FR,63,male,5,paid_work,decile_10,5,1,4,9,9,3,5,2
bicycle,FR,26,female,7,education,decile_7,5,2,3,8,10,3,4,1
gasoline_car,FR,74,female,3,retired,decile_4,5,2,3,8,9,5,4,3
gasoline_car,FR,54,female,6,housework,decile_6,5,1,4,7,2,5,6,3
bicycle,FR,30,female,7,paid_work,decile_4,5,1,5,8,9,3,5,2
electric_car,FR,48,male,7,paid_work,decile_9,5,2,4,7,5,4,3,3
gasoline_car,FR,25,female,4,housework,decile_4,5,4,3,8,7,5,6,3
electric_car,FR,55,female,7,paid_work,decile_3,5,1,5,10,10,3,3,2
gasoline_car,FR,42,female,3,paid_work,decile_2,2,2,2,5,0,0,4,3
public_transport,FR,34,female,2,paid_work,decile_5,5,2,2,6,8,4,3,3
gasoline_car,FR,54,male,7,paid_work,decile_8,5,2,3,7,7,3,5,3
public_transport,FR,73,female,7,paid_work,decile_8,3,1,3,7,8,3,5,2
walking,FR,78,female,4,retired,decile_6,5,1,5,9,10,2,6,2
gasoline_car,FR,74,male,3,retired,decile_5,1,2,2,8,0,5,2,4
gasoline_car,FR,52,male,5,paid_work,decile_7,5,2,3,5,3,2,3,3
gasoline_car,FR,52,male,5,paid_work,decile_9,5,1,4,6,4,2,3,3
gasoline_car,FR,74,female,5,retired,decile_6,1,1,4,6,0,4,3,3
electric_car,FR,74,female,7,retired,decile_8,4,1,5,10,3,4,4,2
gasoline_car,FR,60,female,3,paid_work,decile_1,5,3,3,7,6,2,4,2
gasoline_car,FR,72,male,1,retired,decile_4,4,2,3,8,8,2,4,5
walking,FR,48,female,7,paid_work,decile_2,5,4,5,10,3,4,6,2
gasoline_car,FR,46,male,7,paid_work,decile_8,5,2,4,7,5,4,5,4
gasoline_car,FR,32,male,6,paid_work,decile_5,5,1,2,5,4,4,5,4
gasoline_car,FR,71,male,6,retired,decile_7,5,2,3,3,4,3,3,4
gasoline_car,FR,73,male,5,retired,decile_8,5,1,3,5,10,6,3,4
gasoline_car,FR,22,female,5,unemployed_looking,decile_7,4,1,3,8,7,4,5,2
gasoline_car,FR,23,female,4,education,decile_9,5,1,3,8,3,2,4,3
public_transport,FR,23,male,4,education,decile_4,5,3,4,6,7,3,5,4
walking,FR,79,female,5,retired,decile_10,2,1,3,5,5,5,6,3
gasoline_car,FR,48,male,7,paid_work,decile_6,5,1,4,7,3,1,4,2
electric_car,FR,47,female,7,paid_work,decile_10,4,1,3,10,5,2,5,1
electric_car,FR,50,male,5,paid_work,decile_6,5,2,3,9,2,2,5,3
electric_car,FR,45,male,6,paid_work,decile_8,5,1,4,8,3,4,4,3
gasoline_car,FR,62,female,4,unemployed_looking,decile_2,1,2,5,9,0,0,0,3
public_transport,FR,50,male,5,paid_work,decile_4,5,2,3,5,5,5,3,5
gasoline_car,FR,65,female,2,paid_work,decile_5,5,2,3,10,5,5,3,2
gasoline_car,FR,20,female,2,education,decile_4,5,1,3,6,5,4,5,4
gasoline_car,FR,62,male,3,retired,decile_9,5,1,1,0,0,1,0,5
bicycle,FR,34,female,5,paid_work,decile_4,5,1,4,8,5,2,5,2
gasoline_car,FR,38,male,5,paid_work,decile_9,5,1,3,5,5,3,5,1
gasoline_car,FR,81,male,6,retired,decile_7,5,1,2,2,5,1,5,3
gasoline_car,FR,63,male,7,retired,decile_7,5,1,5,8,7,4,4,2
public_transport,FR,67,female,4,paid_work,decile_9,5,1,5,10,7,2,6,3
gasoline_car,FR,56,male,7,paid_work,decile_8,5,2,2,8,2,4,4,2
electric_car,FR,79,male,7,retired,decile_9,5,1,4,5,0,2,3,5
gasoline_car,FR,41,female,5,paid_work,decile_8,5,1,3,4,6,4,5,3
walking,FR,62,female,5,unemployed_not_looking,decile_3,5,2,3,7,7,5,5,3
public_transport,FR,40,female,4,paid_work,decile_7,5,1,3,8,9,2,6,4
gasoline_car,FR,55,male,6,paid_work,decile_8,5,2,3,5,5,4,5,4
electric_car,FR,47,male,7,paid_work,decile_8,5,3,4,8,3,4,3,2
gasoline_car,FR,52,female,5,paid_work,decile_4,5,2,2,4,3,1,0,5
gasoline_car,FR,48,male,4,paid_work,decile_5,4,2,4,7,9,3,4,3
bicycle,FR,77,male,3,retired,decile_4,1,2,3,8,8,3,5,3
gasoline_car,FR,56,female,5,paid_work,decile_9,5,2,4,7,7,3,3,4
electric_car,FR,49,male,4,paid_work,decile_5,5,3,3,6,2,5,5,3
walking,FR,74,female,4,retired,decile_1,1,4,2,8,0,3,4,4
electric_car,FR,33,male,6,paid_work,decile_7,4,3,3,6,2,5,3,4
walking,FR,63,male,4,sick_disabled,decile_10,5,1,4,10,7,2,3,3
gasoline_car,FR,37,male,5,paid_work,decile_5,5,1,3,7,2,5,5,3
gasoline_car,FR,24,male,6,paid_work,decile_7,5,2,4,7,4,1,4,5
walking,FR,73,female,5,retired,decile_8,5,1,4,9,8,4,4,2
gasoline_car,FR,60,male,7,paid_work,decile_4,5,2,3,7,5,1,5,3
gasoline_car,FR,30,male,5,paid_work,decile_6,5,2,4,10,8,5,5,2
gasoline_car,FR,27,female,7,paid_work,decile_8,5,2,3,6,5,4,4,2
public_transport,FR,28,female,5,sick_disabled,decile_9,5,1,3,7,5,4,5,4
public_transport,FR,58,female,4,paid_work,decile_8,5,1,4,7,3,3,3,3
gasoline_car,FR,53,female,5,paid_work,decile_6,5,1,5,10,5,5,4,3
electric_car,FR,57,female,7,paid_work,decile_10,5,1,3,5,4,3,5,1
gasoline_car,FR,38,male,3,paid_work,decile_9,5,1,3,8,2,2,3,4
walking,FR,54,female,4,paid_work,decile_4,5,2,3,10,5,0,0,3
walking,FR,78,male,7,retired,decile_9,5,1,2,3,3,5,3,3
gasoline_car,FR,41,female,7,paid_work,decile_7,5,1,5,7,7,4,6,3
gasoline_car,FR,30,male,7,paid_work,decile_3,5,1,2,5,5,0,3,1
gasoline_car,FR,41,female,6,paid_work,decile_7,5,1,4,6,2,5,4,3
walking,FR,74,female,3,retired,decile_5,5,2,3,8,7,3,3,3
gasoline_car,FR,21,female,4,education,decile_8,4,1,3,5,0,3,4,4
gasoline_car,FR,59,male,7,other,decile_9,5,1,4,7,3,3,5,2
walking,FR,65,female,6,retired,decile_9,3,1,3,9,7,4,6,2
public_transport,FR,37,female,7,paid_work,decile_7,5,2,5,8,2,2,1,3
gasoline_car,FR,20,male,2,paid_work,decile_5,5,2,3,7,8,1,3,3
walking,FR,56,female,7,paid_work,decile_9,5,1,3,5,5,2,4,5
walking,FR,50,female,7,paid_work,decile_10,5,1,4,8,10,3,6,2
gasoline_car,FR,48,male,3,paid_work,decile_8,5,2,3,2,8,3,4,5
public_transport,FR,22,male,4,education,decile_9,5,1,3,7,8,2,5,3
gasoline_car,FR,37,female,6,paid_work,decile_9,5,1,3,2,2,2,3,3
gasoline_car,FR,25,female,6,paid_work,decile_8,5,1,5,6,3,2,6,2
gasoline_car,FR,31,male,2,paid_work,decile_7,5,2,1,0,0,4,6,1
gasoline_car,FR,29,male,4,paid_work,decile_7,5,1,3,5,3,3,5,4
gasoline_car,FR,58,male,3,paid_work,decile_7,3,2,3,7,8,4,3,4
gasoline_car,FR,60,female,7,retired,decile_10,5,1,4,4,4,4,5,3
gasoline_car,FR,66,male,7,paid_work,decile_10,5,2,4,8,5,4,5,2
public_transport,FR,51,female,5,paid_work,decile_9,4,2,4,8,3,2,5,5
electric_car,FR,61,female,5,retired,decile_8,5,3,3,4,4,2,6,3
walking,FR,72,male,5,retired,decile_7,3,1,5,8,6,4,4,2
gasoline_car,FR,24,female,5,paid_work,decile_10,5,3,3,7,7,3,4,5
gasoline_car,FR,56,female,5,paid_work,decile_9,5,1,4,8,5,4,5,2
walking,FR,65,male,7,retired,decile_8,5,1,4,10,5,3,5,3
electric_car,FR,65,male,4,paid_work,decile_9,5,2,3,6,5,3,5,2
public_transport,FR,54,male,2,unemployed_looking,decile_1,2,3,2,1,7,2,2,4
gasoline_car,FR,68,male,7,retired,decile_9,5,1,4,8,5,3,5,3
bicycle,FR,47,female,7,paid_work,decile_10,5,1,5,10,10,3,6,1
gasoline_car,FR,36,female,6,paid_work,decile_8,5,1,5,10,2,0,6,3
electric_car,FR,35,female,7,paid_work,decile_5,5,1,5,5,3,3,3,1
gasoline_car,FR,62,male,3,retired,decile_9,5,1,3,8,3,4,5,3
gasoline_car,FR,39,male,4,paid_work,decile_6,5,2,2,5,5,1,2,5
walking,FR,38,male,7,paid_work,decile_10,5,1,4,7,8,2,5,2
gasoline_car,FR,81,female,6,retired,decile_5,5,1,5,10,1,1,6,3
gasoline_car,FR,65,female,2,retired,decile_5,2,2,4,8,2,2,2,3
gasoline_car,FR,50,male,7,paid_work,decile_6,5,1,4,8,5,1,6,2
gasoline_car,FR,72,male,4,retired,decile_5,3,1,2,4,3,4,4,3
gasoline_car,FR,54,female,7,paid_work,decile_9,5,1,3,6,8,4,3,4
gasoline_car,FR,40,male,5,paid_work,decile_8,5,2,3,8,1,6,1,4
gasoline_car,FR,55,female,7,paid_work,decile_10,5,1,3,9,1,2,4,3
walking,FR,45,female,4,education,decile_7,5,2,4,10,3,5,6,2
gasoline_car,FR,20,female,4,education,decile_7,5,1,4,7,8,4,2,3
gasoline_car,FR,77,male,7,retired,decile_4,4,2,5,10,8,5,4,2
electric_car,FR,62,female,3,paid_work,decile_10,5,1,3,6,3,5,4,3
public_transport,FR,64,female,7,paid_work,decile_10,5,1,3,7,7,3,2,3
bicycle,FR,42,male,7,paid_work,decile_3,5,3,3,8,4,4,3,2
electric_car,FR,51,male,5,paid_work,decile_6,5,1,3,6,7,4,5,2
gasoline_car,FR,58,male,5,paid_work,decile_6,1,2,3,0,5,2,3,5
gasoline_car,FR,59,female,5,paid_work,decile_9,5,2,4,10,1,3,5,3
electric_car,FR,58,female,2,paid_work,decile_10,5,1,5,8,2,2,4,2
walking,FR,23,female,6,education,decile_1,5,2,4,8,4,4,6,2
public_transport,FR,60,male,5,sick_disabled,decile_10,5,2,4,9,5,3,4,4
walking,FR,55,female,3,paid_work,decile_7,5,2,3,7,7,3,4,4
gasoline_car,FR,25,female,5,paid_work,decile_9,5,1,3,7,3,5,4,3
gasoline_car,FR,44,male,3,paid_work,decile_6,5,2,4,7,6,5,5,3
gasoline_car,FR,46,female,5,paid_work,decile_8,5,2,3,5,3,3,3,3
gasoline_car,FR,64,female,3,paid_work,decile_1,5,3,2,4,3,2,4,5
gasoline_car,FR,30,female,7,paid_work,decile_8,5,1,4,6,4,4,5,3
electric_car,FR,41,female,4,sick_disabled,decile_8,5,2,3,7,8,1,4,3
public_transport,FR,60,male,7,sick_disabled,decile_1,5,2,5,10,10,0,0,3
bicycle,FR,33,female,7,paid_work,decile_8,5,1,5,6,8,3,2,4
gasoline_car,FR,61,male,3,paid_work,decile_9,5,1,3,5,4,4,5,3
gasoline_car,FR,67,female,4,retired,decile_10,4,1,3,8,5,6,5,3
bicycle,FR,66,male,3,retired,decile_7,5,1,4,8,8,4,5,2
gasoline_car,FR,44,female,5,paid_work,decile_7,5,3,3,5,3,4,1,3
walking,FR,58,female,7,paid_work,decile_7,5,1,4,8,4,2,4,2
public_transport,FR,38,female,6,paid_work,decile_4,5,2,4,9,10,1,3,2
gasoline_car,FR,72,male,3,retired,decile_2,2,2,1,0,9,6,0,3
walking,FR,50,female,4,paid_work,decile_8,5,1,4,8,2,5,5,3
gasoline_car,FR,64,female,7,retired,decile_8,5,1,3,7,8,4,5,2
electric_car,FR,62,female,5,other,decile_4,4,1,3,7,8,3,5,2
gasoline_car,FR,37,male,5,paid_work,decile_3,5,1,5,10,2,2,5,3
bicycle,FR,38,female,3,paid_work,decile_5,4,2,4,7,2,4,3,4
gasoline_car,FR,64,female,5,paid_work,decile_8,5,1,3,6,5,5,6,3
gasoline_car,FR,66,male,5,retired,decile_8,2,1,3,8,8,4,4,3
walking,FR,47,female,5,paid_work,decile_4,5,3,3,8,8,2,4,2
gasoline_car,FR,56,female,7,paid_work,decile_10,4,1,4,8,3,4,5,2
electric_car,FR,73,female,5,retired,decile_6,5,1,3,9,7,2,5,3
gasoline_car,FR,35,male,4,paid_work,decile_6,5,2,5,10,10,4,4,3
electric_car,FR,45,male,7,paid_work,decile_10,5,1,3,7,3,3,4,3
electric_car,FR,53,male,7,paid_work,decile_8,5,1,4,10,4,4,5,3
walking,FR,73,female,7,retired,decile_10,3,1,5,10,5,3,4,2
gasoline_car,FR,60,female,3,paid_work,decile_2,5,2,3,8,5,2,4,3
gasoline_car,FR,45,female,7,paid_work,decile_4,5,2,3,8,7,6,6,3
walking,FR,36,female,6,sick_disabled,decile_1,5,3,2,4,6,3,3,3
walking,FR,58,male,6,unemployed_not_looking,decile_4,5,2,5,10,5,4,4,1
gasoline_car,FR,57,female,4,paid_work,decile_3,5,3,4,5,4,2,4,4
gasoline_car,FR,67,female,3,retired,decile_5,3,2,3,3,3,0,2,5
gasoline_car,FR,38,female,3,paid_work,decile_6,5,1,2,5,3,5,4,3
gasoline_car,FR,73,male,5,retired,decile_6,5,2,3,6,3,3,4,3
gasoline_car,FR,48,female,3,paid_work,decile_8,5,1,3,9,4,1,3,3
gasoline_car,FR,77,male,4,retired,decile_7,5,2,2,1,5,6,1,5
gasoline_car,FR,48,female,7,paid_work,decile_8,5,2,4,7,4,4,5,3
public_transport,FR,40,male,7,paid_work,decile_9,5,1,5,9,7,4,5,2
gasoline_car,FR,45,male,7,paid_work,decile_8,5,2,3,7,8,4,4,3
gasoline_car,FR,40,male,4,paid_work,decile_7,5,2,5,0,4,4,5,5
gasoline_car,FR,43,female,5,paid_work,decile_3,5,2,3,8,8,4,4,3
walking,FR,60,male,4,paid_work,decile_5,5,1,3,5,5,3,6,3
gasoline_car,FR,24,female,5,paid_work,decile_6,5,1,3,6,7,3,3,2
walking,FR,53,male,4,paid_work,decile_7,5,2,3,6,6,3,3,4
gasoline_car,FR,60,female,4,sick_disabled,decile_5,4,2,4,8,5,3,3,3
bicycle,FR,20,female,4,education,decile_10,5,1,4,10,8,1,1,2
gasoline_car,FR,63,female,3,paid_work,decile_10,5,1,5,10,8,2,3,2
gasoline_car,FR,36,female,7,paid_work,decile_7,5,2,3,8,8,3,4,3
walking,FR,69,male,7,retired,decile_5,5,2,3,8,6,5,4,1
public_transport,FR,28,female,7,paid_work,decile_4,5,1,5,7,8,3,4,2
electric_car,FR,49,female,4,paid_work,decile_7,5,1,3,8,0,4,5,4
gasoline_car,FR,59,female,5,paid_work,decile_7,5,1,4,10,5,3,3,2
gasoline_car,FR,32,male,7,paid_work,decile_9,5,1,4,9,8,4,5,4
gasoline_car,FR,35,male,7,paid_work,decile_7,5,2,3,6,5,4,5,3
gasoline_car,FR,46,female,5,paid_work,decile_6,5,3,5,10,2,6,2,5
electric_car,FR,67,male,4,retired,decile_10,5,1,3,7,5,5,4,4
bicycle,FR,45,female,3,unemployed_not_looking,decile_2,5,4,4,9,8,6,6,4
electric_car,FR,44,female,7,paid_work,decile_10,5,1,4,8,3,5,5,2
walking,FR,35,male,5,paid_work,decile_9,5,1,4,8,9,4,5,2
walking,FR,60,male,5,paid_work,decile_10,5,1,5,9,7,1,2,3
gasoline_car,FR,54,female,3,paid_work,decile_3,5,3,1,0,0,0,0,3
gasoline_car,FR,66,female,3,retired,decile_2,5,3,3,5,2,3,4,3
gasoline_car,FR,24,male,5,paid_work,decile_4,5,2,2,6,6,4,4,2
gasoline_car,FR,73,male,4,retired,decile_7,5,1,3,8,9,5,5,2
gasoline_car,FR,74,male,1,retired,decile_5,1,2,4,7,10,3,3,4
gasoline_car,FR,43,female,5,paid_work,decile_6,5,2,3,5,7,2,1,2
gasoline_car,FR,66,male,7,unemployed_looking,decile_10,4,1,3,8,4,2,4,3
walking,FR,28,female,7,paid_work,decile_8,5,1,2,3,10,0,4,2
gasoline_car,FR,77,female,4,retired,decile_4,4,1,5,8,8,4,5,2
electric_car,FR,64,female,3,paid_work,decile_2,1,3,4,7,5,3,5,2
gasoline_car,FR,41,male,3,paid_work,decile_6,5,1,4,7,4,5,4,3
gasoline_car,FR,59,male,5,paid_work,decile_7,5,1,5,10,8,3,4,2
walking,FR,50,female,4,paid_work,decile_5,5,2,2,0,5,0,6,4
public_transport,FR,20,female,4,education,decile_8,5,2,3,7,8,2,2,3
gasoline_car,FR,73,male,3,retired,decile_3,1,1,3,6,1,3,5,3
walking,FR,56,male,7,paid_work,decile_9,5,1,5,10,0,5,6,2
gasoline_car,FR,37,male,4,paid_work,decile_10,5,2,4,2,5,3,3,3
gasoline_car,FR,38,male,6,paid_work,decile_7,5,1,4,6,5,4,6,2
gasoline_car,FR,51,male,5,paid_work,decile_9,5,1,4,6,4,3,2,3
gasoline_car,FR,84,male,3,retired,decile_4,1,2,2,0,0,0,0,3
gasoline_car,FR,50,male,6,paid_work,decile_9,5,1,3,6,6,3,2,4
walking,FR,42,female,1,paid_work,decile_4,5,2,4,10,7,4,3,4
electric_car,FR,39,female,7,paid_work,decile_9,5,1,4,8,6,2,5,2
electric_car,FR,65,male,6,paid_work,decile_10,5,1,3,7,4,5,5,2
walking,FR,61,male,1,paid_work,decile_8,3,1,2,5,3,3,1,4
gasoline_car,FR,46,female,3,paid_work,decile_4,5,1,3,7,4,6,6,1
gasoline_car,FR,47,male,3,paid_work,decile_7,5,2,4,8,0,4,5,3
gasoline_car,FR,41,female,3,paid_work,decile_8,5,2,3,4,6,3,6,3
gasoline_car,FR,42,male,4,paid_work,decile_7,5,2,2,4,10,2,4,3
gasoline_car,FR,48,female,6,paid_work,decile_2,5,3,3,4,2,1,2,3
gasoline_car,FR,24,female,5,paid_work,decile_2,5,3,2,5,1,3,4,3
gasoline_car,FR,51,female,5,paid_work,decile_4,4,1,3,6,4,4,4,2
walking,FR,74,male,3,retired,decile_8,5,1,4,7,9,1,3,3
bicycle,FR,58,male,7,paid_work,decile_9,5,2,4,7,2,2,4,2
public_transport,FR,61,female,3,paid_work,decile_1,5,2,4,8,10,4,4,4
electric_car,FR,71,male,4,retired,decile_7,5,1,4,9,5,5,5,2
electric_car,FR,43,male,3,paid_work,decile_7,5,1,2,2,10,2,6,5
gasoline_car,FR,36,female,5,paid_work,decile_6,5,1,2,6,8,4,6,3
gasoline_car,FR,55,male,1,paid_work,decile_7,4,2,4,10,0,0,3,5
gasoline_car,FR,76,female,2,retired,decile_3,5,2,3,7,7,4,4,3
gasoline_car,FR,40,female,5,paid_work,decile_7,5,2,4,7,9,4,3,4
electric_car,FR,26,female,5,paid_work,decile_2,5,2,3,5,2,3,3,3
gasoline_car,FR,50,female,7,paid_work,decile_7,5,2,5,5,5,4,6,3
public_transport,FR,36,male,5,paid_work,decile_9,5,2,3,6,7,2,4,4
electric_car,FR,49,female,6,paid_work,decile_10,5,1,5,10,0,4,3,2
walking,FR,24,female,6,paid_work,decile_10,5,1,4,9,8,4,4,3
electric_car,FR,86,male,3,retired,decile_8,5,1,3,5,1,2,5,3
walking,FR,62,female,7,paid_work,decile_8,5,1,3,10,7,3,6,2
public_transport,FR,21,female,4,education,decile_5,5,1,2,5,6,4,3,3
walking,FR,47,male,5,paid_work,decile_9,5,1,4,8,9,5,6,1
gasoline_car,FR,41,male,7,paid_work,decile_8,5,1,5,6,4,4,4,2
gasoline_car,FR,47,female,5,unemployed_looking,decile_6,5,2,3,8,0,0,3,2
gasoline_car,FR,28,male,6,paid_work,decile_7,5,2,4,8,8,2,4,3
gasoline_car,FR,31,female,5,paid_work,decile_7,5,1,4,8,5,4,4,4
bicycle,FR,30,male,7,paid_work,decile_8,5,2,4,6,10,2,3,1
gasoline_car,FR,37,female,5,paid_work,decile_10,5,1,4,8,4,3,0,2
gasoline_car,FR,44,female,5,paid_work,decile_7,5,2,3,4,5,2,4,4
walking,FR,58,female,5,paid_work,decile_8,5,2,3,10,0,3,4,3
gasoline_car,FR,40,female,6,paid_work,decile_10,5,1,3,7,1,3,4,3
electric_car,FR,77,female,2,retired,decile_7,1,2,3,7,3,3,4,3
gasoline_car,FR,70,female,7,retired,decile_3,5,2,3,6,5,3,6,5
gasoline_car,FR,66,male,7,paid_work,decile_10,5,1,3,8,3,4,5,2
gasoline_car,FR,63,female,2,paid_work,decile_2,4,2,3,10,8,3,5,2
gasoline_car,FR,48,male,7,paid_work,decile_9,5,1,3,6,3,0,5,2
gasoline_car,FR,39,male,5,paid_work,decile_8,5,1,2,5,6,1,1,3
gasoline_car,FR,57,male,5,housework,decile_10,5,1,2,8,2,3,5,3
electric_car,FR,56,male,4,paid_work,decile_7,3,2,3,6,8,4,5,4
gasoline_car,FR,38,male,7,paid_work,decile_10,5,1,2,3,5,0,3,4
gasoline_car,FR,35,male,5,paid_work,decile_7,5,2,3,5,5,4,6,3
gasoline_car,FR,75,male,7,retired,decile_6,5,1,3,7,2,4,5,3
walking,FR,68,female,4,retired,decile_5,4,2,3,5,2,2,5,3
gasoline_car,FR,60,male,7,paid_work,decile_9,5,1,3,8,7,4,5,2
walking,FR,61,male,5,unemployed_not_looking,decile_2,5,2,5,8,5,4,5,2
gasoline_car,FR,51,female,7,paid_work,decile_8,4,2,4,9,7,1,4,2
electric_car,FR,65,female,5,paid_work,decile_10,5,1,3,7,3,4,4,3
gasoline_car,FR,27,male,6,education,decile_4,5,1,3,3,5,2,5,3
gasoline_car,FR,58,male,3,paid_work,decile_2,5,3,5,8,8,1,3,3
walking,FR,29,male,7,paid_work,decile_9,5,1,5,10,10,2,6,3
gasoline_car,FR,79,male,4,retired,decile_4,5,2,4,8,6,3,5,3
gasoline_car,FR,61,male,7,paid_work,decile_10,5,1,2,0,8,6,6,5
gasoline_car,FR,48,female,7,paid_work,decile_8,5,1,5,8,2,5,6,2
electric_car,FR,55,female,7,paid_work,decile_7,5,1,3,8,8,4,6,1
gasoline_car,FR,66,male,3,retired,decile_10,5,2,5,10,8,4,5,2
gasoline_car,FR,41,male,3,paid_work,decile_7,5,3,3,8,5,5,6,3
electric_car,FR,47,male,7,paid_work,decile_9,5,1,4,5,7,4,6,2
gasoline_car,FR,30,female,7,paid_work,decile_9,5,2,2,6,2,0,1,2
walking,FR,57,male,7,paid_work,decile_10,5,1,2,5,5,3,5,3
electric_car,FR,39,female,7,paid_work,decile_10,5,1,5,8,3,4,2,2
gasoline_car,FR,66,male,3,retired,decile_8,5,1,5,10,0,6,6,2
walking,FR,45,female,3,paid_work,decile_2,4,2,4,8,4,3,3,3
gasoline_car,FR,50,female,7,paid_work,decile_9,5,2,4,8,3,3,4,2
walking,GB,68,female,4,retired,decile_6,5,1,3,10,7,1,5,2
electric_car,GB,65,female,5,retired,decile_9,5,1,4,8,0,6,5,3
walking,GB,69,male,6,retired,decile_9,5,1,4,7,7,4,5,2
gasoline_car,GB,32,male,6,paid_work,decile_9,5,1,4,7,8,3,4,3
bicycle,GB,54,male,3,paid_work,decile_2,5,2,3,8,9,4,4,4
electric_car,GB,59,male,2,paid_work,decile_10,5,1,3,5,8,1,3,3
gasoline_car,GB,71,female,5,retired,decile_6,5,2,2,5,7,3,4,3
gasoline_car,GB,54,female,7,paid_work,decile_5,5,2,2,5,2,4,4,5
gasoline_car,GB,37,female,5,paid_work,decile_8,5,1,2,5,5,3,3,5
gasoline_car,GB,31,female,6,paid_work,decile_3,5,1,4,7,9,4,6,5
gasoline_car,GB,48,female,4,paid_work,decile_8,5,2,4,7,8,3,4,3
gasoline_car,GB,43,female,6,paid_work,decile_10,5,1,4,6,5,4,5,2
walking,GB,43,male,2,paid_work,decile_10,5,2,3,5,6,1,4,4
walking,GB,62,male,2,unemployed_not_looking,decile_1,4,2,3,7,7,4,5,3
walking,GB,56,female,5,paid_work,decile_5,5,2,3,10,5,4,4,3
walking,GB,66,female,7,paid_work,decile_3,5,1,4,7,6,5,5,3
electric_car,GB,79,male,7,retired,decile_8,5,2,2,6,9,3,5,3
walking,GB,53,male,6,paid_work,decile_8,5,2,3,4,8,4,5,3
gasoline_car,GB,72,female,4,paid_work,decile_4,5,2,3,7,5,3,4,3
gasoline_car,GB,61,male,4,paid_work,decile_5,5,2,3,7,7,5,5,2
electric_car,GB,51,male,7,paid_work,decile_4,5,2,5,2,5,4,4,2
gasoline_car,GB,54,male,6,paid_work,decile_9,5,1,3,7,6,3,2,4
gasoline_car,GB,63,male,2,paid_work,decile_9,5,3,2,0,10,0,6,2
gasoline_car,GB,28,male,4,paid_work,decile_9,5,1,5,5,7,5,3,2
gasoline_car,GB,70,male,4,retired,decile_4,3,2,3,5,6,3,3,2
gasoline_car,GB,46,male,6,paid_work,decile_4,5,1,2,5,8,2,1,5
gasoline_car,GB,34,male,6,paid_work,decile_6,5,2,5,10,8,1,4,2
electric_car,GB,63,female,6,retired,decile_8,5,1,4,5,6,4,5,5
gasoline_car,GB,70,male,7,retired,decile_6,5,1,3,7,4,5,6,4
electric_car,GB,63,male,5,sick_disabled,decile_1,5,3,3,7,4,2,2,4
electric_car,GB,57,female,7,paid_work,decile_10,5,1,4,9,3,4,6,3
bicycle,GB,50,female,5,housework,decile_1,5,1,3,7,5,5,5,3
public_transport,GB,63,male,7,paid_work,decile_5,5,2,4,7,0,5,5,4
gasoline_car,GB,41,male,5,paid_work,decile_7,5,2,4,2,3,3,3,4
gasoline_car,GB,66,female,6,paid_work,decile_9,5,1,4,8,7,5,6,2
gasoline_car,GB,63,female,2,paid_work,decile_4,4,1,3,5,7,4,4,3
gasoline_car,GB,60,male,5,paid_work,decile_9,5,2,2,0,7,3,2,4
walking,GB,45,female,5,paid_work,decile_9,5,3,3,8,0,5,3,3
gasoline_car,GB,54,male,7,paid_work,decile_3,5,1,1,0,9,5,5,5
electric_car,GB,70,female,7,retired,decile_4,4,1,3,7,7,4,5,3
gasoline_car,GB,32,male,3,paid_work,decile_4,5,2,2,0,5,4,3,4
gasoline_car,GB,62,male,6,paid_work,decile_10,5,1,3,6,8,5,6,3
public_transport,GB,58,female,2,sick_disabled,decile_2,5,2,5,7,10,0,0,4
public_transport,GB,51,male,4,paid_work,decile_8,5,1,3,8,10,3,4,3
gasoline_car,GB,84,female,5,retired,decile_6,5,1,4,8,9,2,5,3
gasoline_car,GB,70,female,7,paid_work,decile_6,5,1,3,8,4,5,5,3
public_transport,GB,53,female,2,paid_work,decile_2,5,3,5,10,6,5,5,3
gasoline_car,GB,72,male,5,retired,decile_1,5,3,5,8,5,4,3,3
gasoline_car,GB,74,female,6,retired,decile_4,5,1,3,7,3,3,4,2
gasoline_car,GB,76,male,2,retired,decile_2,5,1,3,7,8,5,6,3
public_transport,GB,56,male,7,paid_work,decile_10,5,1,5,6,7,6,5,2
gasoline_car,GB,63,female,4,housework,decile_8,5,1,5,8,8,6,6,5
gasoline_car,GB,41,female,6,paid_work,decile_9,5,2,1,5,10,4,6,5
gasoline_car,GB,78,male,6,retired,decile_5,5,1,4,5,8,6,6,3
gasoline_car,GB,69,female,5,retired,decile_6,5,1,2,5,3,3,5,4
electric_car,GB,49,male,5,paid_work,decile_7,5,1,3,7,7,4,4,3
walking,GB,37,female,4,paid_work,decile_1,5,1,1,3,5,4,2,2
gasoline_car,GB,86,male,5,retired,decile_6,2,1,4,4,4,4,4,2
gasoline_car,GB,50,female,2,paid_work,decile_5,5,3,3,9,8,5,4,4
public_transport,GB,73,female,4,retired,decile_1,3,2,2,5,5,3,5,2
walking,GB,72,female,5,retired,decile_6,5,2,5,8,5,6,5,2
public_transport,GB,34,male,7,paid_work,decile_10,5,1,4,7,4,6,4,5
gasoline_car,GB,69,female,7,retired,decile_3,4,2,3,5,7,4,4,3
gasoline_car,GB,68,female,2,paid_work,decile_9,5,1,3,5,0,4,4,3
gasoline_car,GB,75,male,3,retired,decile_2,5,1,3,7,3,3,4,3
electric_car,GB,39,female,6,housework,decile_10,5,1,4,8,5,4,4,3
gasoline_car,GB,46,male,2,paid_work,decile_4,5,2,1,0,0,0,0,5
public_transport,GB,79,female,6,retired,decile_4,5,1,3,9,9,4,5,3
walking,GB,66,female,1,paid_work,decile_2,5,2,5,10,10,6,6,5
walking,GB,52,female,7,paid_work,decile_10,5,1,4,8,8,6,4,2
gasoline_car,GB,48,male,4,paid_work,decile_10,5,2,3,5,5,2,4,4
gasoline_car,GB,44,female,6,paid_work,decile_6,5,2,4,10,3,5,5,2
gasoline_car,GB,82,male,4,retired,decile_5,5,1,4,9,7,4,6,2
gasoline_car,GB,32,female,7,paid_work,decile_6,5,3,3,5,5,2,3,5
public_transport,GB,60,male,6,paid_work,decile_5,5,1,3,8,8,4,6,1
gasoline_car,GB,61,female,7,paid_work,decile_10,5,1,3,7,7,3,4,2
gasoline_car,GB,65,female,6,paid_work,decile_3,5,2,4,7,3,2,3,3
walking,GB,72,female,7,retired,decile_7,5,1,4,7,2,5,4,3
public_transport,GB,46,female,7,paid_work,decile_8,5,1,4,8,10,5,6,2
gasoline_car,GB,69,female,5,retired,decile_6,4,1,4,5,10,4,3,3
gasoline_car,GB,49,female,2,paid_work,decile_7,5,1,3,7,0,3,5,4
public_transport,GB,50,male,7,paid_work,decile_6,5,1,3,3,0,2,3,3
electric_car,GB,47,male,7,paid_work,decile_10,5,1,4,8,6,4,4,3
public_transport,GB,59,male,1,paid_work,decile_3,5,3,4,7,8,5,3,3
walking,GB,39,female,6,paid_work,decile_8,5,1,4,7,6,5,3,4
gasoline_car,GB,45,male,7,paid_work,decile_8,5,1,4,8,3,5,5,4
gasoline_car,GB,78,male,7,retired,decile_10,5,1,2,4,6,3,1,4
gasoline_car,GB,83,female,4,retired,decile_2,5,2,2,5,5,3,5,3
gasoline_car,GB,31,male,7,paid_work,decile_9,5,1,4,4,5,3,6,1
walking,GB,44,male,5,paid_work,decile_7,5,1,4,6,5,2,3,4
gasoline_car,GB,54,female,5,paid_work,decile_5,5,2,4,10,6,4,4,4
gasoline_car,GB,80,male,6,retired,decile_8,5,1,4,7,3,3,5,4
gasoline_car,GB,65,female,2,paid_work,decile_4,3,2,3,5,6,3,4,3
electric_car,GB,45,male,6,paid_work,decile_9,5,1,3,7,6,2,3,2
gasoline_car,GB,56,male,5,paid_work,decile_5,5,1,4,6,2,4,3,4
bicycle,GB,43,male,5,paid_work,decile_6,5,2,3,7,2,3,3,3
walking,GB,71,female,6,paid_work,decile_4,5,1,5,10,0,6,6,2
gasoline_car,GB,53,female,4,paid_work,decile_4,5,4,1,0,4,4,5,4
walking,GB,78,female,6,retired,decile_4,4,2,5,8,0,4,5,3
gasoline_car,GB,71,female,5,retired,decile_1,2,1,2,10,9,5,3,3
public_transport,GB,55,female,3,paid_work,decile_2,5,2,4,8,0,3,0,5
gasoline_car,GB,78,male,6,retired,decile_7,5,1,4,9,8,4,5,1
walking,GB,50,female,2,paid_work,decile_4,5,2,3,7,4,3,3,3
walking,GB,72,male,2,retired,decile_4,5,1,4,8,8,4,6,2
gasoline_car,GB,68,male,5,other,decile_2,5,2,3,5,5,3,3,2
walking,GB,51,male,5,paid_work,decile_8,4,1,3,9,6,4,3,3
gasoline_car,GB,54,male,6,paid_work,decile_9,4,1,5,10,9,4,4,3
gasoline_car,GB,81,female,6,retired,decile_9,5,1,3,5,5,5,5,3
gasoline_car,GB,47,female,6,paid_work,decile_8,5,1,4,6,3,4,4,4
public_transport,GB,55,male,7,paid_work,decile_9,5,4,3,6,8,3,3,3
gasoline_car,GB,53,female,7,paid_work,decile_6,5,3,4,10,5,4,5,3
public_transport,GB,68,female,4,retired,decile_2,5,2,3,7,1,3,5,2
gasoline_car,GB,58,male,2,paid_work,decile_4,5,3,4,6,3,5,1,3
gasoline_car,GB,85,female,4,retired,decile_8,5,2,3,7,5,0,5,3
gasoline_car,GB,34,male,2,paid_work,decile_10,5,1,3,5,8,4,5,5
gasoline_car,GB,26,female,2,paid_work,decile_7,4,3,3,9,3,2,1,3
electric_car,GB,38,female,7,paid_work,decile_9,5,2,5,8,4,6,5,3
walking,GB,27,male,6,paid_work,decile_2,5,1,4,5,5,3,3,4
public_transport,GB,53,male,2,paid_work,decile_7,4,2,3,5,6,3,3,3
gasoline_car,GB,57,male,6,paid_work,decile_9,5,1,5,8,4,5,4,3
electric_car,GB,48,female,7,housework,decile_7,5,2,1,0,0,5,5,3
gasoline_car,GB,73,male,5,retired,decile_8,5,1,4,5,10,4,4,3
gasoline_car,GB,82,male,4,retired,decile_4,5,1,4,7,5,4,3,3
walking,GB,46,male,6,paid_work,decile_10,5,1,3,7,8,2,3,3
public_transport,GB,67,female,5,retired,decile_10,5,1,4,8,10,6,2,3
gasoline_car,GB,35,male,5,paid_work,decile_5,5,2,3,7,1,3,4,4
gasoline_car,GB,30,female,6,paid_work,decile_5,5,1,3,5,5,3,4,2
gasoline_car,GB,87,male,3,retired,decile_3,5,1,2,2,6,4,5,3
walking,GB,47,male,2,paid_work,decile_6,5,1,3,6,5,4,3,2
gasoline_car,GB,38,male,6,paid_work,decile_5,5,1,4,6,4,3,3,2
bicycle,GB,76,male,7,retired,decile_6,5,1,3,7,3,5,6,2
bicycle,GB,50,male,7,paid_work,decile_10,5,1,4,7,0,2,2,5
gasoline_car,GB,82,female,3,retired,decile_9,5,1,3,5,8,6,4,1
walking,GB,75,female,7,retired,decile_6,5,1,5,8,9,5,5,2
gasoline_car,GB,68,female,1,retired,decile_8,5,3,3,10,0,5,5,3
gasoline_car,GB,34,female,3,paid_work,decile_5,5,3,3,5,5,5,2,3
gasoline_car,GB,58,female,6,retired,decile_10,5,1,3,8,7,3,5,2
walking,GB,70,female,5,retired,decile_2,5,2,4,10,5,4,6,3
gasoline_car,GB,72,female,3,retired,decile_5,5,1,3,8,5,4,4,3
gasoline_car,GB,51,female,7,paid_work,decile_10,5,1,4,7,7,5,5,2
gasoline_car,GB,67,female,7,retired,decile_2,5,3,3,7,6,4,3,3
walking,GB,70,female,4,paid_work,decile_6,5,1,2,3,1,4,0,4
gasoline_car,GB,50,female,6,paid_work,decile_4,5,2,3,8,3,5,4,3
public_transport,GB,28,male,7,paid_work,decile_8,5,2,4,7,8,4,3,2
walking,GB,72,female,1,retired,decile_1,5,1,3,5,7,4,4,2
electric_car,GB,76,male,6,retired,decile_8,5,1,3,8,6,5,5,3
public_transport,GB,64,female,1,paid_work,decile_4,5,1,3,6,1,2,3,4
gasoline_car,GB,57,male,5,paid_work,decile_9,5,1,4,8,9,5,5,2
gasoline_car,GB,39,male,5,paid_work,decile_5,5,2,3,5,5,3,3,3
public_transport,GB,63,male,2,unemployed_not_looking,decile_1,5,4,3,5,2,2,2,4
walking,GB,50,female,7,paid_work,decile_8,5,1,4,7,7,3,5,2
gasoline_car,GB,65,male,5,retired,decile_4,5,2,3,7,8,5,5,3
public_transport,GB,54,female,3,paid_work,decile_8,5,1,3,5,0,6,0,5
walking,GB,49,female,7,paid_work,decile_8,5,1,5,10,8,2,4,4
gasoline_car,GB,46,female,7,paid_work,decile_9,5,1,4,6,5,4,3,4
walking,GB,45,female,6,paid_work,decile_7,5,1,4,7,7,5,4,3
gasoline_car,GB,70,male,4,retired,decile_4,3,1,2,5,8,5,5,2
walking,GB,35,male,4,paid_work,decile_10,5,2,4,10,0,3,5,5
electric_car,GB,71,female,4,retired,decile_8,5,2,3,7,8,5,5,3
walking,GB,61,male,5,paid_work,decile_7,5,1,3,4,0,2,5,4
gasoline_car,GB,64,female,5,unemployed_looking,decile_4,5,3,3,7,2,2,4,4
walking,GB,69,male,7,retired,decile_6,4,1,3,5,7,3,6,2
walking,GB,34,male,6,paid_work,decile_8,5,1,4,6,4,6,5,2
gasoline_car,GB,35,female,6,paid_work,decile_5,5,1,5,7,3,6,4,2
walking,GB,33,male,7,paid_work,decile_7,5,2,4,7,1,2,3,3
walking,GB,45,male,6,paid_work,decile_3,4,2,4,8,7,4,3,3
gasoline_car,GB,63,male,6,retired,decile_7,5,2,4,6,3,3,5,2
electric_car,GB,70,female,5,retired,decile_4,5,1,4,6,3,4,5,3
walking,GB,53,male,2,paid_work,decile_8,5,1,4,7,5,3,5,1
public_transport,GB,37,female,6,paid_work,decile_8,5,1,3,6,5,4,5,3
gasoline_car,GB,34,male,7,paid_work,decile_4,5,2,3,5,6,2,4,3
electric_car,GB,43,male,5,paid_work,decile_9,5,1,2,2,4,4,5,3
gasoline_car,GB,49,male,3,paid_work,decile_6,5,2,3,7,5,0,2,1
walking,GB,40,male,7,paid_work,decile_8,5,1,4,2,1,2,5,5
gasoline_car,GB,70,male,2,retired,decile_2,5,2,3,5,7,3,4,4
walking,GB,63,male,2,paid_work,decile_6,5,2,3,8,8,4,3,3
gasoline_car,GB,77,female,2,retired,decile_3,5,2,3,8,10,3,4,2
walking,GB,57,male,6,paid_work,decile_10,5,1,3,7,0,3,4,2
electric_car,GB,60,female,2,retired,decile_6,4,1,3,6,8,3,4,3
gasoline_car,GB,73,male,3,retired,decile_2,5,3,3,7,5,5,5,3
gasoline_car,GB,50,male,5,paid_work,decile_9,5,2,3,8,5,4,5,4
gasoline_car,GB,42,male,7,paid_work,decile_5,5,1,3,8,8,2,5,3
gasoline_car,GB,70,female,4,retired,decile_3,4,2,2,6,8,5,6,3
gasoline_car,GB,70,female,3,retired,decile_6,5,2,3,7,1,1,5,4
gasoline_car,GB,72,female,5,retired,decile_3,5,1,5,10,4,5,4,3
gasoline_car,GB,68,female,3,paid_work,decile_3,5,1,2,6,0,1,6,3
gasoline_car,GB,55,male,1,paid_work,decile_4,5,1,3,7,3,5,0,3
walking,GB,55,female,5,paid_work,decile_7,5,2,3,7,8,4,5,3
gasoline_car,GB,27,female,6,paid_work,decile_6,5,1,3,7,4,3,4,3
walking,GB,70,female,4,retired,decile_4,5,2,3,6,7,3,4,2
gasoline_car,GB,50,female,6,paid_work,decile_6,5,2,3,2,7,2,0,3
gasoline_car,GB,66,female,6,paid_work,decile_3,5,1,4,9,8,5,5,3
gasoline_car,GB,67,male,5,paid_work,decile_6,5,2,1,0,4,3,1,3
gasoline_car,GB,76,male,1,retired,decile_2,3,2,2,10,4,2,4,4
gasoline_car,GB,40,female,4,paid_work,decile_8,5,3,5,10,4,6,5,4
walking,GB,59,male,2,retired,decile_1,5,2,2,10,8,0,3,3
gasoline_car,GB,73,male,5,retired,decile_3,4,1,3,8,4,4,3,4
bicycle,GB,45,male,7,unemployed_looking,decile_9,5,2,3,6,7,6,5,2
gasoline_car,GB,41,female,7,paid_work,decile_9,5,3,3,6,5,4,4,3
gasoline_car,GB,78,male,2,retired,decile_3,3,1,3,6,7,4,4,4
walking,GB,78,male,6,retired,decile_5,5,1,3,10,6,4,5,2
electric_car,GB,63,female,7,retired,decile_8,5,1,4,8,9,3,5,2
public_transport,GB,24,female,4,paid_work,decile_9,5,3,4,3,3,3,1,4
walking,GB,55,male,7,paid_work,decile_6,5,1,2,3,5,4,4,3
gasoline_car,GB,63,female,5,paid_work,decile_8,5,1,4,8,6,3,4,4
gasoline_car,GB,38,female,2,unemployed_not_looking,decile_2,5,3,2,10,8,3,0,5
gasoline_car,GB,66,male,6,paid_work,decile_8,5,2,2,4,3,4,5,3
public_transport,GB,56,female,5,paid_work,decile_10,5,1,5,7,4,3,4,3
gasoline_car,GB,50,female,7,paid_work,decile_8,5,2,4,9,0,6,5,2
gasoline_car,GB,35,female,6,paid_work,decile_8,5,1,3,5,5,2,4,3
gasoline_car,GB,40,female,6,paid_work,decile_9,5,1,4,10,3,3,6,3
walking,GB,71,male,3,paid_work,decile_6,5,1,3,7,7,3,4,3
electric_car,GB,43,male,5,paid_work,decile_9,5,1,3,3,4,4,4,3
gasoline_car,GB,35,male,6,paid_work,decile_9,5,1,4,6,3,4,4,3
electric_car,GB,43,female,6,paid_work,decile_2,5,2,2,3,2,4,6,5
walking,GB,56,female,6,retired,decile_10,4,1,4,8,5,3,4,3
walking,GB,76,female,5,other,decile_1,5,3,4,10,10,5,3,2
gasoline_car,GB,36,male,6,paid_work,decile_5,5,1,5,7,7,5,3,4
electric_car,GB,49,female,6,housework,decile_7,5,2,4,8,5,3,5,2
walking,GB,77,male,7,retired,decile_4,5,2,4,9,8,3,4,2
gasoline_car,GB,58,female,6,retired,decile_1,4,2,3,7,10,4,6,3
gasoline_car,GB,51,female,5,paid_work,decile_8,5,4,3,5,4,2,4,4
electric_car,GB,70,male,7,retired,decile_10,5,1,3,8,9,4,5,3
gasoline_car,GB,50,female,2,paid_work,decile_2,5,3,4,10,5,3,2,3
gasoline_car,GB,34,male,3,paid_work,decile_9,5,1,2,3,2,4,4,4
walking,GB,74,male,1,retired,decile_1,5,2,5,9,8,5,5,1
gasoline_car,GB,53,male,2,paid_work,decile_3,5,2,3,5,4,4,2,3
bicycle,GB,32,female,6,paid_work,decile_10,5,1,4,7,6,2,4,3
walking,GB,74,female,4,retired,decile_1,5,3,2,2,3,3,4,4
public_transport,GB,74,female,2,retired,decile_2,4,1,3,9,10,6,6,3
gasoline_car,GB,49,female,7,paid_work,decile_7,5,2,3,7,5,4,5,2
gasoline_car,GB,53,female,6,paid_work,decile_5,5,2,5,10,2,4,5,2
bicycle,GB,81,male,7,retired,decile_7,5,1,3,3,4,3,4,2
walking,GB,73,female,5,retired,decile_1,2,2,3,6,6,4,4,3
gasoline_car,GB,60,female,6,paid_work,decile_1,5,2,3,7,3,4,1,3
public_transport,GB,79,male,1,retired,decile_3,5,2,3,7,10,3,4,1
gasoline_car,GB,74,male,2,retired,decile_4,4,2,3,7,3,3,5,3
walking,GB,60,female,5,paid_work,decile_6,5,1,5,10,8,5,4,2
gasoline_car,GB,48,female,4,paid_work,decile_5,5,3,3,8,0,4,4,4
bicycle,GB,54,male,4,paid_work,decile_5,5,2,3,5,10,4,5,5
gasoline_car,GB,77,male,7,retired,decile_2,5,2,4,9,7,6,4,2
walking,GB,38,male,7,paid_work,decile_10,5,1,3,8,7,5,4,2
walking,GB,63,female,7,paid_work,decile_8,5,1,4,8,8,3,5,2
walking,GB,62,male,4,housework,decile_3,5,1,3,5,5,3,3,3
gasoline_car,GB,77,male,1,retired,decile_7,4,2,3,5,2,4,2,4
walking,GB,57,male,7,paid_work,decile_7,5,1,2,3,6,5,4,3
gasoline_car,GB,47,male,6,sick_disabled,decile_1,5,4,2,7,8,3,5,3
gasoline_car,GB,64,female,6,retired,decile_10,5,1,1,3,5,5,6,2
walking,GB,34,male,2,paid_work,decile_3,5,1,4,8,5,4,5,1
public_transport,GB,45,female,7,paid_work,decile_9,5,1,5,8,4,2,5,2
gasoline_car,GB,62,female,4,paid_work,decile_3,5,1,3,6,4,1,5,3
walking,GB,43,female,7,paid_work,decile_9,5,2,3,4,2,4,4,2
walking,GB,35,female,6,other,decile_5,5,2,5,5,5,4,5,3
gasoline_car,GB,39,male,5,paid_work,decile_8,5,2,2,6,3,2,4,3
gasoline_car,GB,62,female,2,paid_work,decile_5,5,2,2,0,6,4,2,3
walking,GB,57,female,5,paid_work,decile_1,5,2,4,8,0,3,0,5
walking,GB,39,female,7,paid_work,decile_10,5,1,3,8,7,5,4,3
electric_car,GB,64,female,6,retired,decile_10,5,1,4,6,4,3,5,4
walking,GB,52,female,4,paid_work,decile_8,5,1,3,8,5,3,5,3
electric_car,GB,70,male,4,retired,decile_6,5,1,2,3,6,6,6,4
gasoline_car,GB,21,male,4,paid_work,decile_6,5,3,3,3,6,2,3,2
gasoline_car,GB,33,female,4,paid_work,decile_3,5,3,3,5,1,4,1,5
walking,GB,26,female,5,paid_work,decile_3,5,3,2,3,3,0,0,5
bicycle,GB,54,female,7,paid_work,decile_3,5,2,5,8,0,5,0,1
gasoline_car,GB,32,male,6,paid_work,decile_10,5,1,1,0,10,4,5,4
electric_car,GB,51,male,7,paid_work,decile_10,5,1,5,3,3,1,4,4
gasoline_car,GB,24,male,4,paid_work,decile_10,5,1,2,6,5,4,4,3
walking,GB,77,male,1,retired,decile_2,4,1,2,0,8,3,3,4
walking,GB,67,female,7,paid_work,decile_3,5,1,3,7,3,4,5,3
gasoline_car,GB,52,male,4,paid_work,decile_8,5,2,2,3,2,5,4,4
walking,GB,64,female,6,sick_disabled,decile_1,5,3,4,7,4,5,2,4
gasoline_car,GB,69,male,6,paid_work,decile_2,5,3,1,0,3,2,0,4
gasoline_car,GB,64,female,2,paid_work,decile_4,5,1,2,5,4,3,2,4
gasoline_car,GB,75,female,2,retired,decile_2,5,2,3,6,2,2,3,4
gasoline_car,GB,47,female,7,paid_work,decile_3,5,2,5,9,1,3,3,3
walking,GB,42,female,7,paid_work,decile_10,5,2,5,10,8,5,3,2
gasoline_car,GB,69,female,1,retired,decile_4,4,2,4,9,9,5,1,4
walking,GB,78,male,2,retired,decile_5,5,1,4,8,8,2,4,2
gasoline_car,GB,36,female,3,education,decile_2,5,1,3,7,3,2,5,5
gasoline_car,GB,38,female,6,paid_work,decile_3,5,2,4,8,2,3,5,2
electric_car,GB,27,female,2,unemployed_looking,decile_4,5,3,4,7,5,2,3,4
public_transport,GB,78,male,1,retired,decile_2,4,1,3,6,3,3,5,3
electric_car,GB,68,female,2,retired,decile_5,5,2,3,5,5,0,4,3
public_transport,GB,58,male,2,paid_work,decile_9,5,1,3,7,2,3,5,4
electric_car,GB,36,male,7,paid_work,decile_9,5,1,5,10,3,4,4,1
walking,GB,49,female,7,paid_work,decile_9,4,1,3,6,10,6,6,3
gasoline_car,GB,45,male,7,paid_work,decile_5,5,2,5,10,6,6,3,3
public_transport,GB,34,female,6,paid_work,decile_9,5,1,5,8,7,6,5,1
electric_car,GB,67,male,6,retired,decile_1,5,1,3,6,5,4,5,2
gasoline_car,GB,46,female,7,paid_work,decile_7,5,2,4,7,5,5,4,4
gasoline_car,GB,70,female,5,retired,decile_4,5,1,4,8,0,4,4,3
gasoline_car,GB,66,male,5,paid_work,decile_9,5,2,4,6,4,3,5,4
electric_car,GB,64,male,3,paid_work,decile_8,3,1,4,10,8,6,6,2
gasoline_car,GB,63,female,2,retired,decile_10,5,1,4,8,5,5,5,2
gasoline_car,GB,74,female,3,retired,decile_4,2,1,1,0,6,4,3,3
gasoline_car,GB,33,female,5,paid_work,decile_6,5,2,3,7,9,6,6,4
walking,GB,72,female,5,retired,decile_2,5,2,3,7,5,4,4,4
gasoline_car,GB,70,female,1,retired,decile_5,5,1,3,6,3,3,5,3
walking,GB,68,male,4,retired,decile_3,5,2,2,5,7,6,3,3
gasoline_car,GB,64,male,7,retired,decile_6,5,1,1,2,4,4,6,4
public_transport,GB,38,male,7,paid_work,decile_10,5,1,3,6,6,4,4,4
walking,GB,29,male,7,education,decile_5,5,2,4,5,2,1,2,3
bicycle,GB,59,male,6,paid_work,decile_1,5,2,3,10,5,6,3,4
gasoline_car,GB,31,female,5,paid_work,decile_7,5,1,5,7,4,2,3,4
walking,GB,69,female,5,paid_work,decile_8,5,1,4,9,8,5,4,3
electric_car,GB,43,female,7,housework,decile_9,5,3,3,7,3,5,2,5
gasoline_car,GB,49,male,4,paid_work,decile_4,5,1,3,5,7,4,5,4
gasoline_car,GB,58,female,7,paid_work,decile_5,5,2,3,6,5,3,4,2
walking,GB,45,female,6,paid_work,decile_9,5,1,3,9,3,6,5,2
electric_car,GB,68,female,2,retired,decile_3,5,3,3,5,7,4,4,3
gasoline_car,GB,32,male,5,paid_work,decile_10,5,1,3,5,5,4,4,4
electric_car,GB,36,male,6,paid_work,decile_10,5,1,3,1,3,2,6,2
gasoline_car,GB,79,male,2,retired,decile_4,4,2,2,2,0,2,4,4
gasoline_car,GB,66,female,3,paid_work,decile_5,5,1,3,7,5,6,6,3
gasoline_car,GB,38,female,7,other,decile_10,5,1,4,6,5,4,4,3
gasoline_car,GB,28,female,6,paid_work,decile_10,5,1,3,4,2,4,3,3
gasoline_car,GB,51,male,5,paid_work,decile_7,5,2,1,0,0,6,2,5
gasoline_car,GB,65,female,7,paid_work,decile_5,5,2,4,8,3,2,4,4
walking,GB,45,female,6,sick_disabled,decile_2,5,2,5,0,2,0,0,5
gasoline_car,GB,40,female,4,paid_work,decile_2,5,2,3,5,3,3,3,3
gasoline_car,GB,40,male,7,paid_work,decile_10,5,1,3,6,3,4,3,4
gasoline_car,GB,64,male,6,retired,decile_8,4,2,3,6,8,3,4,3
gasoline_car,GB,62,male,1,sick_disabled,decile_6,5,2,3,8,8,4,5,3
walking,GB,55,female,6,other,decile_10,5,1,4,8,6,3,5,2
gasoline_car,GB,86,female,3,retired,decile_5,5,2,3,6,5,4,3,3
gasoline_car,GB,45,female,7,paid_work,decile_10,5,1,3,7,5,4,5,3
electric_car,GB,50,female,7,unemployed_looking,decile_3,5,3,4,8,5,6,4,5
gasoline_car,GB,82,male,5,retired,decile_2,5,3,2,5,7,2,2,3
electric_car,GB,72,male,7,retired,decile_5,5,1,4,8,4,5,6,1
gasoline_car,GB,28,female,6,paid_work,decile_4,5,2,4,7,4,4,2,2
gasoline_car,GB,36,male,4,paid_work,decile_6,5,2,3,6,0,3,2,4
gasoline_car,GB,67,female,5,paid_work,decile_4,4,2,4,10,4,4,4,3
walking,GB,64,male,3,retired,decile_6,4,1,2,9,6,5,5,4
walking,GB,57,female,5,paid_work,decile_4,4,2,3,5,3,3,2,4
walking,GB,63,female,5,other,decile_10,5,2,3,10,7,5,5,3
public_transport,GB,36,male,4,paid_work,decile_2,5,2,4,3,4,5,4,1
gasoline_car,GB,57,male,6,paid_work,decile_4,5,2,2,2,2,3,5,5
gasoline_car,GB,34,male,6,paid_work,decile_6,5,2,4,7,4,3,2,3
gasoline_car,GB,48,female,6,paid_work,decile_7,5,2,5,10,6,2,4,3
gasoline_car,GB,62,male,5,unemployed_not_looking,decile_2,5,1,3,5,10,3,4,4
gasoline_car,GB,75,male,7,retired,decile_7,4,1,2,1,3,4,5,4
gasoline_car,GB,53,female,6,paid_work,decile_8,5,2,3,4,5,2,3,3
walking,GB,37,female,4,paid_work,decile_7,5,1,4,9,5,4,5,3
gasoline_car,GB,65,female,2,paid_work,decile_3,5,2,3,4,7,5,4,3
public_transport,GB,67,female,1,paid_work,decile_2,3,2,2,5,6,4,3,3
gasoline_car,GB,62,male,1,paid_work,decile_3,5,1,4,7,5,3,5,4
walking,GB,69,male,1,retired,decile_3,5,1,4,10,10,6,6,3
gasoline_car,GB,73,female,3,retired,decile_5,5,1,2,7,3,3,2,5
electric_car,GB,78,male,6,retired,decile_3,5,1,3,3,3,4,5,3
walking,GB,47,female,7,paid_work,decile_10,5,1,5,7,2,5,4,1
gasoline_car,GB,47,male,6,paid_work,decile_8,5,1,2,5,3,2,3,3
gasoline_car,GB,51,male,6,paid_work,decile_10,5,1,1,0,5,5,6,1
walking,GB,55,female,7,housework,decile_3,5,1,5,10,5,2,2,3
gasoline_car,GB,65,male,5,paid_work,decile_10,5,2,4,7,5,3,4,3
walking,GB,44,female,6,housework,decile_3,5,1,3,7,5,4,4,3
walking,GB,49,male,6,paid_work,decile_5,5,2,1,0,7,2,4,5
walking,GB,46,male,6,sick_disabled,decile_1,5,2,5,7,5,2,0,3
walking,GB,51,female,7,paid_work,decile_7,5,2,5,7,0,3,4,2
bicycle,GB,47,female,6,paid_work,decile_9,5,2,4,9,6,1,3,2
gasoline_car,GB,43,female,7,paid_work,decile_10,5,1,4,6,5,5,4,3
gasoline_car,GB,65,male,7,paid_work,decile_6,5,1,4,7,3,5,6,4
gasoline_car,GB,33,female,6,paid_work,decile_8,5,2,3,6,5,3,2,2
electric_car,GB,52,female,5,paid_work,decile_5,5,2,1,2,5,4,0,5
walking,GB,61,male,2,paid_work,decile_6,5,1,1,0,0,1,1,5
gasoline_car,GB,68,male,5,retired,decile_2,5,2,3,3,2,5,4,3
gasoline_car,GB,44,female,3,paid_work,decile_3,5,2,3,10,5,4,5,3
electric_car,GB,74,male,4,retired,decile_2,5,2,2,5,7,6,6,3
gasoline_car,GB,78,female,5,retired,decile_8,4,1,3,6,8,6,6,3
walking,GB,47,male,6,paid_work,decile_10,5,3,4,8,10,4,5,2
gasoline_car,GB,71,female,4,retired,decile_4,5,2,2,5,6,1,5,3
public_transport,GB,40,female,2,housework,decile_5,5,4,4,5,5,3,3,3
gasoline_car,GB,43,female,6,paid_work,decile_6,5,1,3,7,4,5,4,3
electric_car,GB,77,female,5,retired,decile_6,5,1,5,10,2,5,5,2
gasoline_car,GB,43,female,2,paid_work,decile_5,5,1,2,5,0,0,1,3
gasoline_car,GB,75,female,2,retired,decile_1,5,3,3,8,10,5,5,3
gasoline_car,GB,51,female,6,paid_work,decile_9,4,1,4,7,7,3,1,4
gasoline_car,GB,58,male,4,paid_work,decile_9,5,2,3,7,4,3,2,3
walking,GB,70,male,6,retired,decile_10,5,1,4,5,8,5,3,3
walking,GB,43,female,5,paid_work,decile_10,5,1,3,6,2,4,4,4
bicycle,GB,31,male,6,paid_work,decile_7,5,1,4,7,4,4,6,2
walking,GB,37,female,7,housework,decile_3,5,3,4,8,10,5,5,5
electric_car,GB,49,male,6,paid_work,decile_10,5,1,2,3,8,6,5,3
electric_car,GB,34,male,7,paid_work,decile_5,5,1,4,10,8,4,6,3
gasoline_car,GB,66,female,7,paid_work,decile_10,5,1,5,10,3,3,5,2
gasoline_car,GB,78,female,5,retired,decile_2,4,1,4,7,9,5,6,2
walking,GB,63,male,4,paid_work,decile_7,5,1,3,8,7,4,6,5
walking,GB,90,male,5,retired,decile_5,5,1,4,10,8,2,5,3
walking,GB,55,male,7,paid_work,decile_3,5,1,1,0,3,2,4,4
walking,GB,46,male,3,sick_disabled,decile_2,5,2,4,6,1,0,4,1
electric_car,GB,46,male,4,paid_work,decile_10,5,1,3,7,6,2,2,5
electric_car,GB,68,male,2,other,decile_7,5,1,3,7,5,4,6,3
gasoline_car,GB,54,male,1,paid_work,decile_7,5,2,5,10,0,0,0,5
gasoline_car,GB,33,female,7,education,decile_3,5,2,3,7,1,4,5,2
electric_car,GB,48,female,7,paid_work,decile_10,5,2,3,6,4,2,5,4
walking,GB,64,female,4,paid_work,decile_3,5,1,1,6,10,1,5,5
gasoline_car,GB,72,male,3,retired,decile_1,5,2,3,5,5,2,4,5
walking,GB,69,female,7,retired,decile_7,5,2,4,9,6,4,4,3
public_transport,GB,52,female,7,paid_work,decile_4,5,2,4,9,1,6,4,2
walking,GB,82,female,1,retired,decile_4,4,2,3,10,5,5,4,3
gasoline_car,GB,44,male,6,paid_work,decile_9,5,2,3,6,3,2,2,3
gasoline_car,GB,68,male,4,retired,decile_1,5,1,3,7,8,3,5,3
walking,GB,65,female,4,other,decile_2,5,2,3,5,0,4,3,4
public_transport,GB,75,male,3,retired,decile_6,5,1,3,5,7,4,2,3
gasoline_car,GB,45,female,7,paid_work,decile_4,5,2,3,5,3,3,5,4
gasoline_car,GB,38,female,4,paid_work,decile_5,5,2,3,1,5,3,1,5
gasoline_car,GB,86,female,1,retired,decile_2,5,1,4,8,10,5,5,3
gasoline_car,GB,40,male,6,paid_work,decile_5,5,1,4,8,5,5,3,3
walking,GB,78,male,6,retired,decile_5,5,2,3,10,0,6,4,4
gasoline_car,GB,82,male,6,retired,decile_7,5,1,2,5,10,2,4,3
gasoline_car,GB,51,male,3,paid_work,decile_6,5,1,3,5,5,2,3,4
walking,HU,55,female,5,paid_work,decile_7,5,2,5,5,10,2,5,3
gasoline_car,HU,69,male,4,retired,decile_3,4,3,4,5,1,3,6,4
bicycle,HU,37,female,2,paid_work,decile_2,5,3,3,5,5,5,5,3
public_transport,HU,50,female,5,paid_work,decile_4,5,3,3,4,2,1,1,3
public_transport,HU,63,male,3,paid_work,decile_7,5,2,3,3,2,0,3,3
public_transport,HU,57,female,4,paid_work,decile_5,4,2,4,9,5,2,5,3
gasoline_car,HU,51,female,7,paid_work,decile_10,5,2,5,10,4,3,4,4
gasoline_car,HU,44,male,5,paid_work,decile_4,5,3,1,0,4,5,6,4
gasoline_car,HU,48,female,5,paid_work,decile_8,4,1,4,10,3,5,3,4
walking,HU,29,male,3,unemployed_looking,decile_1,5,3,3,10,10,5,6,1
gasoline_car,HU,49,female,4,paid_work,decile_3,5,2,3,6,3,2,4,3
bicycle,HU,68,female,6,retired,decile_6,5,2,4,6,6,2,5,3
walking,HU,80,female,4,retired,decile_1,4,3,4,2,4,2,4,3
public_transport,HU,55,female,4,paid_work,decile_6,5,2,3,5,3,0,2,4
gasoline_car,HU,50,female,7,paid_work,decile_7,5,2,4,7,0,2,2,3
bicycle,HU,75,female,3,paid_work,decile_5,1,2,3,6,9,4,6,2
public_transport,HU,43,female,3,paid_work,decile_10,3,3,3,5,5,6,4,3
gasoline_car,HU,67,male,4,retired,decile_8,3,2,4,5,2,3,4,3
bicycle,HU,64,female,1,housework,decile_1,5,3,3,5,5,2,5,2
public_transport,HU,56,female,4,paid_work,decile_4,5,3,4,9,5,4,4,3
gasoline_car,HU,62,female,4,retired,decile_10,4,2,4,8,5,3,4,3
gasoline_car,HU,53,male,5,paid_work,decile_9,5,2,4,7,4,3,4,3
walking,HU,66,female,7,retired,decile_3,5,3,4,10,10,5,6,3
public_transport,HU,28,female,4,education,decile_7,5,2,5,9,8,3,2,4
walking,HU,89,female,1,retired,decile_4,1,3,4,10,8,6,4,3
walking,HU,51,female,5,paid_work,decile_6,5,2,3,4,5,3,4,3
gasoline_car,HU,50,female,4,paid_work,decile_2,5,3,3,10,3,4,5,3
gasoline_car,HU,27,male,5,paid_work,decile_3,5,2,4,3,3,3,0,5
gasoline_car,HU,65,female,6,paid_work,decile_8,5,3,4,7,7,0,0,3
public_transport,HU,29,female,3,paid_work,decile_7,5,3,3,6,6,3,4,3
bicycle,HU,55,female,1,retired,decile_1,1,4,4,8,8,3,2,2
gasoline_car,HU,33,female,7,housework,decile_10,5,2,3,5,9,4,2,2
walking,HU,81,female,4,retired,decile_7,4,2,3,5,7,2,3,4
bicycle,HU,78,male,4,retired,decile_5,5,2,4,7,5,5,5,3
gasoline_car,HU,25,male,4,paid_work,decile_10,5,1,1,2,6,3,4,5
walking,HU,73,female,4,retired,decile_2,5,2,4,10,5,6,4,4
gasoline_car,HU,51,female,4,paid_work,decile_10,5,1,3,6,8,5,6,3
walking,HU,70,female,2,retired,decile_1,1,3,2,0,0,0,6,4
walking,HU,61,female,4,other,decile_3,5,3,3,6,5,4,4,3
gasoline_car,HU,42,male,3,paid_work,decile_5,2,3,3,5,4,3,4,3
walking,HU,72,female,2,retired,decile_1,5,3,4,5,8,1,3,4
public_transport,HU,43,male,5,paid_work,decile_7,5,1,3,6,6,2,4,3
bicycle,HU,64,female,3,retired,decile_6,5,2,4,5,8,5,3,3
public_transport,HU,44,female,2,paid_work,decile_6,5,3,4,10,1,0,4,3
bicycle,HU,46,female,4,paid_work,decile_7,3,2,3,5,5,2,4,3
walking,HU,74,male,5,retired,decile_3,5,2,3,10,9,6,6,3
walking,HU,66,male,2,paid_work,decile_6,5,2,3,8,5,0,3,3
gasoline_car,HU,72,female,6,retired,decile_7,5,2,3,5,5,3,3,3
bicycle,HU,36,female,3,housework,decile_8,4,2,4,8,3,1,4,3
public_transport,HU,24,female,6,paid_work,decile_10,5,1,4,7,7,2,5,3
gasoline_car,HU,53,male,4,paid_work,decile_6,4,2,3,5,5,3,3,4
public_transport,HU,40,male,4,paid_work,decile_6,5,2,2,5,3,4,3,3
bicycle,HU,60,female,4,paid_work,decile_6,4,2,5,0,0,3,0,4
gasoline_car,HU,55,male,3,paid_work,decile_10,3,2,3,5,8,4,5,3
bicycle,HU,58,male,3,unemployed_looking,decile_7,5,2,4,0,2,0,2,3
walking,HU,39,female,4,housework,decile_4,5,2,4,5,2,3,3,3
bicycle,HU,66,male,3,retired,decile_5,1,2,3,8,9,2,6,1
public_transport,HU,22,male,4,paid_work,decile_10,5,2,3,7,9,4,6,5
bicycle,HU,59,female,5,paid_work,decile_2,5,2,4,8,2,4,6,4
gasoline_car,HU,58,female,5,paid_work,decile_7,5,1,5,5,3,3,3,3
public_transport,HU,30,female,6,paid_work,decile_10,5,2,4,7,7,4,4,3
gasoline_car,HU,70,female,6,retired,decile_9,4,1,3,8,9,3,5,3
public_transport,HU,74,male,3,retired,decile_8,2,2,4,10,8,0,1,4
gasoline_car,HU,38,female,4,paid_work,decile_3,5,2,4,10,2,2,3,4
public_transport,HU,23,female,4,unemployed_looking,decile_1,5,3,3,5,5,2,1,4
walking,HU,65,male,4,retired,decile_1,1,4,3,4,3,3,2,4
bicycle,HU,54,male,4,paid_work,decile_2,5,2,4,6,6,1,4,4
walking,HU,25,female,4,housework,decile_5,5,2,3,5,6,4,5,4
walking,HU,40,female,4,paid_work,decile_6,5,2,4,7,3,3,2,3
bicycle,HU,57,female,3,paid_work,decile_5,3,2,4,5,8,3,5,3
public_transport,HU,72,female,7,retired,decile_7,4,2,4,7,10,3,6,4
public_transport,HU,75,female,2,retired,decile_6,5,2,4,2,5,3,3,4
public_transport,HU,50,male,6,paid_work,decile_7,4,3,4,8,6,2,0,3
public_transport,HU,90,female,1,retired,decile_9,1,2,3,5,8,3,4,3
walking,HU,57,female,3,paid_work,decile_3,5,2,5,5,5,0,5,3
bicycle,HU,71,female,4,retired,decile_2,5,2,4,9,6,2,5,4
electric_car,IS,54,male,6,paid_work,decile_10,5,1,4,6,2,4,5,3
bicycle,IS,61,female,6,paid_work,decile_8,5,1,3,8,4,4,5,2
electric_car,IS,62,female,6,paid_work,decile_3,5,1,4,8,3,4,5,2
electric_car,IS,63,female,6,paid_work,decile_6,5,1,4,8,5,6,6,1
gasoline_car,IS,70,male,7,paid_work,decile_8,5,1,3,5,7,2,5,2
gasoline_car,IS,31,female,3,paid_work,decile_10,5,1,2,2,5,4,5,5
gasoline_car,IS,35,female,5,paid_work,decile_8,5,1,4,8,10,5,4,2
gasoline_car,IS,73,male,5,retired,decile_5,5,1,3,3,6,2,4,3
electric_car,IS,58,female,7,unemployed_not_looking,decile_9,5,1,2,5,5,1,6,2
gasoline_car,IS,55,male,7,paid_work,decile_6,5,3,4,7,7,6,4,4
gasoline_car,IS,52,female,6,paid_work,decile_5,5,1,4,8,7,5,5,2
electric_car,IS,35,male,7,paid_work,decile_4,5,2,4,10,3,5,5,1
gasoline_car,IS,57,male,2,sick_disabled,decile_2,5,2,1,0,5,2,2,4
bicycle,IS,49,female,7,paid_work,decile_8,5,1,3,7,5,3,6,2
bicycle,IS,35,female,3,paid_work,decile_2,5,1,4,7,8,2,6,3
gasoline_car,IS,56,male,5,paid_work,decile_9,5,1,1,0,8,5,6,5
gasoline_car,IS,76,female,2,retired,decile_2,5,1,1,7,5,3,6,3
gasoline_car,IS,30,female,6,paid_work,decile_3,5,1,3,8,0,6,6,1
gasoline_car,IS,56,female,7,paid_work,decile_9,5,1,3,7,8,5,6,2
bicycle,IS,53,male,3,paid_work,decile_8,5,2,3,7,8,5,5,3
electric_car,IS,74,male,5,paid_work,decile_4,5,1,3,5,4,2,6,4
gasoline_car,IS,28,male,5,paid_work,decile_8,5,1,3,5,4,3,4,3
electric_car,IS,48,female,7,housework,decile_10,5,1,3,8,8,5,5,3
gasoline_car,IS,44,male,7,paid_work,decile_8,5,2,3,5,10,4,6,4
electric_car,IS,73,male,7,paid_work,decile_8,4,1,4,8,5,4,6,2
electric_car,IS,52,male,7,paid_work,decile_8,5,1,4,7,6,5,5,3
gasoline_car,IS,68,female,3,sick_disabled,decile_8,5,1,3,6,6,3,6,3
walking,IS,37,male,6,paid_work,decile_6,5,2,5,10,3,6,5,1
gasoline_car,IS,79,male,7,retired,decile_6,5,1,3,5,5,4,5,3
gasoline_car,IS,62,male,5,paid_work,decile_8,5,1,1,5,5,3,6,4
electric_car,IS,48,male,7,paid_work,decile_9,5,2,4,6,3,4,4,2
walking,IS,60,male,3,paid_work,decile_7,4,2,1,6,3,4,4,5
electric_car,IS,28,male,6,paid_work,decile_5,5,2,4,7,0,3,6,4
gasoline_car,IS,34,female,4,paid_work,decile_2,5,2,4,7,2,4,4,4
electric_car,IS,59,female,7,education,decile_10,5,1,4,9,5,5,6,4
gasoline_car,IS,64,female,6,paid_work,decile_7,5,1,4,10,8,5,6,3
public_transport,IS,41,female,3,housework,decile_1,4,2,4,10,0,5,3,5
gasoline_car,IS,52,male,5,paid_work,decile_9,5,2,3,5,5,4,4,4
gasoline_car,IS,30,female,7,paid_work,decile_10,5,1,2,3,5,5,4,2
gasoline_car,IS,49,female,7,paid_work,decile_4,5,1,3,7,7,3,4,4
electric_car,IS,76,male,7,retired,decile_7,5,1,2,7,9,3,6,3
electric_car,IS,51,male,6,paid_work,decile_9,5,2,2,5,10,1,3,2
public_transport,IS,61,female,7,paid_work,decile_7,5,2,4,7,7,5,5,2
bicycle,IS,59,male,2,paid_work,decile_4,5,1,2,4,5,2,2,2
electric_car,IS,71,female,2,retired,decile_2,5,1,3,8,7,3,5,2
bicycle,IS,54,female,7,paid_work,decile_8,5,1,4,7,8,5,5,2
gasoline_car,IS,29,female,6,paid_work,decile_1,5,2,4,9,8,3,5,3
electric_car,IS,62,male,4,paid_work,decile_8,5,1,2,7,5,4,4,3
gasoline_car,IS,42,female,6,housework,decile_1,5,4,3,8,5,2,6,2
gasoline_car,IS,46,male,3,paid_work,decile_7,5,2,3,5,5,4,5,4
gasoline_car,IS,61,male,3,paid_work,decile_5,5,2,3,7,1,3,5,3
gasoline_car,IS,56,male,6,paid_work,decile_7,5,1,2,5,4,5,6,3
gasoline_car,IS,52,male,2,paid_work,decile_6,4,3,1,4,1,2,2,5
gasoline_car,IS,24,female,2,paid_work,decile_10,5,1,3,7,2,3,3,3
gasoline_car,IS,29,female,6,education,decile_4,5,1,3,8,7,4,5,3
electric_car,IS,73,female,2,retired,decile_2,4,2,1,0,6,6,6,4
electric_car,IS,43,male,7,paid_work,decile_9,5,1,2,5,5,4,4,2
gasoline_car,IS,33,female,7,paid_work,decile_6,5,1,2,0,3,2,6,3
electric_car,IS,29,female,4,housework,decile_7,5,2,3,4,4,2,4,2
gasoline_car,IS,38,female,6,paid_work,decile_5,5,2,3,7,3,4,4,3
walking,IS,49,male,7,paid_work,decile_7,5,2,4,7,5,5,6,3
electric_car,IS,35,female,7,education,decile_6,5,2,4,7,3,3,5,2
gasoline_car,IS,61,female,7,paid_work,decile_8,5,1,2,6,7,4,5,3
gasoline_car,IS,81,female,2,retired,decile_1,5,1,3,7,8,6,4,3
electric_car,IS,62,female,3,paid_work,decile_6,5,1,3,7,9,4,5,2
gasoline_car,IS,69,male,2,retired,decile_6,5,1,3,7,8,2,5,2
gasoline_car,IS,38,male,7,paid_work,decile_7,5,1,2,4,5,4,4,4
gasoline_car,IS,79,female,2,retired,decile_2,5,1,2,9,8,5,5,2
gasoline_car,IS,66,female,2,paid_work,decile_4,5,1,2,7,7,2,6,2
gasoline_car,IS,50,female,6,housework,decile_5,5,2,3,8,1,4,5,2
electric_car,IS,78,female,2,retired,decile_6,5,1,3,5,3,5,6,2
gasoline_car,IS,40,male,3,paid_work,decile_6,5,2,4,5,6,2,4,3
electric_car,IS,46,male,5,paid_work,decile_7,5,2,2,3,3,3,5,3
electric_car,IS,49,male,7,paid_work,decile_8,5,2,4,10,5,6,6,2
gasoline_car,IS,59,female,7,paid_work,decile_9,5,1,4,6,5,3,5,4
electric_car,IS,50,male,6,paid_work,decile_8,5,1,3,3,6,4,5,2
gasoline_car,IS,55,female,7,paid_work,decile_9,5,2,3,5,5,4,5,3
gasoline_car,IS,57,female,7,paid_work,decile_9,5,2,3,7,8,2,4,4
gasoline_car,IS,53,female,6,paid_work,decile_10,5,1,2,6,4,4,6,3
walking,IS,50,female,7,paid_work,decile_7,4,1,3,5,1,3,5,5
gasoline_car,IS,72,male,2,retired,decile_5,5,1,2,5,3,3,5,3
gasoline_car,IS,53,male,7,paid_work,decile_8,5,1,2,3,7,4,4,2
gasoline_car,IS,59,female,7,paid_work,decile_4,5,1,4,7,3,5,5,2
gasoline_car,IS,22,female,4,education,decile_2,5,2,4,4,7,4,2,3
electric_car,IS,48,female,7,paid_work,decile_10,5,1,4,7,5,4,5,3
gasoline_car,IS,46,female,7,housework,decile_10,5,3,3,5,0,3,3,4
electric_car,IS,34,female,2,housework,decile_2,5,3,4,8,0,3,3,3
walking,IS,54,male,6,paid_work,decile_4,5,1,4,7,5,5,5,2
gasoline_car,IS,59,male,5,paid_work,decile_8,5,1,3,8,6,3,5,2
electric_car,IS,64,female,7,paid_work,decile_8,5,1,5,9,5,2,4,3
walking,IS,33,male,6,paid_work,decile_6,5,2,1,0,0,3,3,4
gasoline_car,IS,53,female,7,paid_work,decile_10,5,1,4,7,3,4,5,2
electric_car,IS,48,female,6,paid_work,decile_7,5,2,4,8,5,4,6,2
walking,IS,60,male,2,sick_disabled,decile_8,5,2,2,2,4,5,4,3
electric_car,IS,72,female,5,housework,decile_2,5,1,3,7,7,6,6,3
gasoline_car,IS,60,male,6,paid_work,decile_6,5,1,4,5,4,3,5,4
gasoline_car,IS,33,male,7,paid_work,decile_9,5,1,3,4,8,4,6,2
walking,IS,69,female,7,paid_work,decile_6,5,1,3,6,8,4,5,2
electric_car,IS,55,male,7,paid_work,decile_10,5,1,3,3,8,2,5,2
gasoline_car,IS,65,male,6,paid_work,decile_10,5,1,3,5,3,3,6,2
gasoline_car,IS,73,male,2,retired,decile_2,4,4,2,5,5,6,3,3
gasoline_car,IS,46,male,3,paid_work,decile_7,5,2,2,1,4,0,6,5
gasoline_car,IS,25,male,6,paid_work,decile_9,5,1,4,6,6,3,3,3
gasoline_car,IS,33,male,4,paid_work,decile_6,5,2,2,3,5,4,4,3
walking,IS,38,male,7,paid_work,decile_9,5,1,2,0,5,6,6,2
bicycle,IS,43,female,4,paid_work,decile_2,5,3,3,5,6,3,5,2
walking,IS,35,female,6,education,decile_5,5,2,4,7,6,4,5,2
electric_car,IS,21,male,2,paid_work,decile_9,5,1,5,9,5,4,3,2
gasoline_car,IS,65,male,2,paid_work,decile_6,5,1,3,6,6,4,6,2
electric_car,IS,30,male,5,paid_work,decile_7,5,1,5,8,6,4,6,3
gasoline_car,IS,68,female,2,paid_work,decile_6,5,1,2,0,0,3,6,4
gasoline_car,IS,34,male,5,paid_work,decile_1,5,2,2,1,3,3,5,3
electric_car,IS,64,male,5,paid_work,decile_6,5,2,3,5,5,4,4,2
walking,IS,23,male,4,paid_work,decile_9,5,1,4,2,8,4,6,2
electric_car,IS,58,male,3,paid_work,decile_7,5,1,1,1,5,4,5,4
gasoline_car,IS,39,female,7,housework,decile_7,5,1,2,5,5,4,5,3
electric_car,IS,66,male,3,retired,decile_4,5,2,3,3,7,4,6,2
gasoline_car,IS,49,male,6,paid_work,decile_4,4,2,3,4,8,3,4,4
walking,IS,35,male,7,paid_work,decile_3,5,2,4,3,10,2,5,2
gasoline_car,IS,76,female,3,retired,decile_8,5,1,4,5,4,5,4,3
walking,IS,38,male,7,paid_work,decile_5,5,2,4,3,3,4,5,2
gasoline_car,IS,29,female,6,housework,decile_4,5,3,4,8,7,4,4,3
gasoline_car,IS,47,male,6,paid_work,decile_8,5,1,3,6,6,4,5,3
bicycle,IS,49,female,7,paid_work,decile_10,5,1,3,9,3,3,5,2
electric_car,IS,83,male,7,retired,decile_9,5,1,4,9,5,5,5,2
gasoline_car,IS,77,male,7,retired,decile_6,5,1,5,7,5,3,3,2
gasoline_car,IS,59,male,2,paid_work,decile_5,5,1,3,7,7,3,4,2
gasoline_car,IS,62,male,7,paid_work,decile_10,5,1,2,1,10,1,4,4
public_transport,IS,60,female,7,paid_work,decile_4,5,2,5,9,7,1,5,3
gasoline_car,IS,56,male,5,paid_work,decile_7,5,3,3,5,5,2,6,4
electric_car,IS,26,female,4,paid_work,decile_5,5,1,3,5,5,4,5,3
gasoline_car,IS,45,male,6,paid_work,decile_5,5,2,4,2,6,4,6,1
electric_car,IS,67,female,6,retired,decile_4,5,1,4,8,3,4,5,3
public_transport,IS,36,female,2,housework,decile_2,5,4,3,6,5,3,6,4
walking,IS,45,female,6,paid_work,decile_7,5,2,2,1,2,4,4,2
gasoline_car,IS,72,female,2,retired,decile_4,5,1,3,5,8,3,6,2
gasoline_car,IS,57,male,7,paid_work,decile_7,5,1,1,4,7,6,6,2
gasoline_car,IS,45,female,2,sick_disabled,decile_6,5,2,3,7,8,5,5,4
gasoline_car,IS,66,female,5,housework,decile_7,5,1,3,7,5,4,6,2
bicycle,IS,58,female,6,paid_work,decile_4,5,2,4,8,6,5,5,2
gasoline_car,IS,37,male,6,paid_work,decile_6,5,3,3,6,6,3,6,2
gasoline_car,IS,35,male,4,paid_work,decile_8,5,1,2,3,5,3,6,3
gasoline_car,IS,62,male,5,paid_work,decile_8,5,1,3,6,8,5,6,3
gasoline_car,IS,64,female,6,paid_work,decile_5,5,1,3,10,7,2,5,3
gasoline_car,IS,71,male,7,retired,decile_3,5,1,1,1,8,4,5,3
electric_car,IS,66,male,6,paid_work,decile_9,5,1,2,2,0,2,6,3
gasoline_car,IS,55,female,7,paid_work,decile_10,5,1,3,7,6,5,5,3
electric_car,IS,67,female,2,paid_work,decile_8,5,1,3,5,10,6,6,2
public_transport,IS,25,female,3,sick_disabled,decile_3,5,3,5,10,0,1,0,5
public_transport,IS,33,male,4,paid_work,decile_3,5,2,4,1,0,3,4,2
gasoline_car,IS,65,male,5,paid_work,decile_10,5,1,2,5,5,6,6,4
gasoline_car,IS,43,female,7,paid_work,decile_9,5,3,4,8,0,4,4,5
electric_car,IS,39,female,7,paid_work,decile_10,5,1,3,7,5,4,4,2
gasoline_car,IS,46,female,5,paid_work,decile_6,5,2,3,6,5,3,5,2
electric_car,IS,66,female,6,retired,decile_5,5,1,4,8,2,4,6,3
walking,IS,44,female,6,paid_work,decile_3,5,3,4,9,6,4,5,4
gasoline_car,IS,71,female,3,retired,decile_6,5,1,3,8,5,5,6,2
electric_car,IS,41,female,7,paid_work,decile_9,5,1,3,7,5,5,4,3
electric_car,IS,42,male,6,paid_work,decile_7,5,1,3,5,6,5,6,2
gasoline_car,IS,35,male,2,paid_work,decile_6,5,1,3,5,5,4,4,3
walking,IS,68,male,6,retired,decile_7,5,1,3,6,9,4,5,4
electric_car,IS,63,female,7,paid_work,decile_6,5,2,3,3,8,5,6,3
electric_car,IS,58,female,4,sick_disabled,decile_5,5,2,3,5,10,4,2,2
gasoline_car,IS,59,male,3,paid_work,decile_6,5,1,2,1,5,4,5,2
gasoline_car,IS,34,male,2,paid_work,decile_4,5,1,1,0,3,5,6,2
walking,IS,37,female,6,paid_work,decile_7,5,1,5,6,5,5,6,2
gasoline_car,IS,22,female,4,education,decile_10,5,1,3,6,3,4,5,4
walking,IS,50,male,7,paid_work,decile_6,5,1,3,2,5,5,5,5
electric_car,IS,61,male,6,paid_work,decile_10,5,1,2,5,8,4,4,5
electric_car,IS,66,male,5,paid_work,decile_10,5,1,2,3,5,4,6,2
walking,IS,41,female,6,paid_work,decile_6,5,2,2,3,5,5,6,3
gasoline_car,IS,59,female,4,retired,decile_9,5,1,2,5,8,4,6,3
electric_car,IS,57,male,7,paid_work,decile_8,5,2,3,7,5,2,5,1
gasoline_car,IS,69,female,6,retired,decile_3,5,1,4,10,2,6,5,3
electric_car,IS,62,female,6,paid_work,decile_7,5,1,5,5,2,4,5,2
electric_car,IS,56,female,6,paid_work,decile_9,5,1,4,8,5,3,6,2
electric_car,IS,57,female,6,paid_work,decile_8,5,2,3,6,8,4,5,3
gasoline_car,IS,56,female,6,paid_work,decile_3,5,2,3,9,6,5,5,2
gasoline_car,IS,54,male,3,paid_work,decile_7,5,2,3,6,5,5,5,4
gasoline_car,IS,33,female,7,paid_work,decile_6,5,2,3,7,5,3,5,2
gasoline_car,IS,31,female,6,paid_work,decile_6,4,1,3,3,8,4,5,3
gasoline_car,IS,59,female,7,paid_work,decile_2,5,1,3,4,5,2,5,2
gasoline_car,IS,61,male,6,paid_work,decile_10,5,1,4,6,0,3,3,2
electric_car,IS,73,male,7,retired,decile_7,5,1,4,8,9,3,5,2
bicycle,IS,86,female,5,retired,decile_2,2,1,3,6,8,4,6,2
electric_car,IS,52,female,7,paid_work,decile_10,5,1,3,8,6,5,5,3
gasoline_car,IS,51,male,3,paid_work,decile_9,5,1,2,10,7,5,6,4
electric_car,IS,66,male,7,paid_work,decile_6,5,1,1,1,5,4,6,2
electric_car,IS,34,male,6,paid_work,decile_7,5,1,4,7,2,2,4,2
gasoline_car,IS,45,male,7,paid_work,decile_6,5,1,4,6,2,3,5,3
gasoline_car,IS,69,male,5,paid_work,decile_2,5,2,2,1,5,4,5,4
electric_car,IS,70,female,7,paid_work,decile_2,5,2,4,10,10,6,5,3
walking,IS,30,male,7,education,decile_4,5,4,5,10,4,4,0,1
gasoline_car,IS,63,male,3,paid_work,decile_6,5,1,2,4,6,3,5,2
gasoline_car,IS,84,female,6,retired,decile_2,5,2,3,5,7,5,5,2
electric_car,IS,75,female,6,retired,decile_7,5,2,3,8,8,5,5,2
electric_car,IS,78,male,2,retired,decile_3,5,2,3,5,2,4,5,3
gasoline_car,IS,77,male,3,paid_work,decile_4,5,1,3,7,6,3,4,3
gasoline_car,IS,59,female,7,housework,decile_2,5,2,3,7,7,5,5,3
walking,IS,69,female,3,retired,decile_1,5,1,3,8,5,5,6,2
electric_car,IS,48,female,7,paid_work,decile_3,5,2,2,5,7,3,5,3
gasoline_car,IS,50,male,7,paid_work,decile_5,5,1,2,2,7,3,4,1
gasoline_car,IS,73,male,3,housework,decile_3,5,1,3,6,9,5,6,3
gasoline_car,IS,58,male,5,paid_work,decile_9,5,1,1,0,5,5,5,4
electric_car,IS,62,male,2,paid_work,decile_6,5,1,4,10,0,5,5,2
gasoline_car,IS,44,female,7,paid_work,decile_8,5,3,2,4,0,4,6,2
gasoline_car,IS,32,female,4,housework,decile_5,5,2,4,5,3,4,4,2
electric_car,IS,48,male,7,paid_work,decile_9,5,2,3,5,2,4,5,4
walking,IS,63,male,7,paid_work,decile_4,5,1,3,6,6,4,5,2
electric_car,IS,47,male,7,paid_work,decile_8,5,2,3,5,4,4,5,2
gasoline_car,IS,67,male,5,paid_work,decile_4,5,2,3,6,0,3,6,3
walking,IS,59,female,6,paid_work,decile_6,5,2,3,9,9,6,5,1
gasoline_car,IS,63,male,7,paid_work,decile_9,5,1,4,8,4,5,5,3
bicycle,IS,47,female,7,paid_work,decile_7,5,1,3,7,7,1,6,2
gasoline_car,IS,60,male,6,paid_work,decile_9,5,1,1,0,5,2,1,3
electric_car,IS,63,female,7,paid_work,decile_10,4,1,2,5,5,6,6,1
gasoline_car,IS,75,male,3,retired,decile_8,5,1,3,6,5,3,4,4
electric_car,IS,34,female,7,housework,decile_9,5,1,2,2,9,5,6,2
electric_car,IS,46,female,7,paid_work,decile_6,5,3,4,9,7,5,6,3
gasoline_car,IS,51,female,2,sick_disabled,decile_6,5,2,3,7,5,4,6,4
electric_car,IS,77,male,6,retired,decile_7,5,1,4,8,8,4,5,2
gasoline_car,IS,24,female,4,education,decile_9,5,1,5,4,2,6,3,2
gasoline_car,IS,68,male,2,retired,decile_3,4,1,2,4,5,4,6,3
gasoline_car,IS,36,female,7,paid_work,decile_3,5,4,2,4,5,3,1,4
gasoline_car,IS,90,male,6,retired,decile_4,5,1,3,3,4,4,5,4
gasoline_car,IS,52,female,6,paid_work,decile_7,5,2,3,6,7,4,4,3
electric_car,IS,54,female,6,paid_work,decile_3,5,1,2,4,5,4,6,2
gasoline_car,IS,64,male,6,paid_work,decile_10,5,1,4,8,10,5,4,2
walking,IS,44,male,7,paid_work,decile_2,5,2,2,3,7,3,5,2
gasoline_car,IS,32,female,7,housework,decile_7,5,1,3,6,0,4,4,3
electric_car,IS,73,female,2,retired,decile_6,5,2,3,6,4,1,2,4
gasoline_car,IS,79,male,5,housework,decile_2,5,1,2,5,8,4,5,2
gasoline_car,IS,62,male,3,sick_disabled,decile_3,4,2,3,5,6,2,6,3
gasoline_car,IS,42,female,2,sick_disabled,decile_4,5,3,3,6,5,3,4,3
electric_car,IS,57,female,5,sick_disabled,decile_9,5,1,3,7,5,4,5,2
gasoline_car,IS,56,female,6,paid_work,decile_4,5,3,4,6,5,3,5,3
walking,IS,58,male,4,paid_work,decile_5,5,1,3,7,8,4,5,4
electric_car,IS,29,female,4,education,decile_7,5,1,4,7,5,4,5,2
gasoline_car,IS,37,female,6,paid_work,decile_7,5,1,3,3,4,4,5,4
gasoline_car,IS,35,male,3,paid_work,decile_6,5,2,1,0,10,3,6,5
electric_car,IS,61,female,7,housework,decile_4,4,2,4,8,7,3,2,1
electric_car,IS,65,male,7,paid_work,decile_10,5,1,2,7,5,3,5,2
electric_car,IS,53,male,7,paid_work,decile_8,5,2,4,9,4,5,5,3
electric_car,IS,48,male,6,paid_work,decile_8,5,1,3,6,5,3,6,3
gasoline_car,IS,41,female,4,paid_work,decile_8,5,1,1,7,4,5,5,3
walking,IS,51,male,6,paid_work,decile_9,5,1,3,3,5,5,5,4
gasoline_car,IS,52,male,2,paid_work,decile_7,5,1,1,1,3,4,4,4
gasoline_car,IS,33,female,7,paid_work,decile_7,4,1,3,7,4,4,4,2
electric_car,IS,75,female,6,retired,decile_4,5,1,5,10,6,1,6,2
bicycle,IS,47,male,7,paid_work,decile_7,5,1,4,8,7,5,6,2
electric_car,IS,71,male,6,retired,decile_5,4,1,4,6,5,5,6,3
electric_car,IS,49,female,6,paid_work,decile_7,5,1,3,6,4,5,6,2
gasoline_car,IS,34,male,5,paid_work,decile_8,5,1,3,6,5,4,4,2
electric_car,IS,62,male,2,paid_work,decile_6,5,2,2,4,1,3,6,4
gasoline_car,IS,70,male,6,paid_work,decile_5,5,1,2,7,2,3,5,4
walking,IS,77,female,2,retired,decile_2,5,1,3,8,7,5,5,2
bicycle,IS,29,female,4,paid_work,decile_6,5,2,3,5,6,3,3,3
gasoline_car,IS,41,male,5,paid_work,decile_7,5,1,3,6,0,6,3,3
electric_car,IS,68,male,7,paid_work,decile_9,5,1,3,6,3,4,6,3
gasoline_car,IS,31,male,2,education,decile_10,5,1,1,0,0,5,6,5
bicycle,IS,64,female,5,paid_work,decile_6,5,1,4,8,9,4,5,2
walking,IS,66,female,6,education,decile_3,5,2,3,8,5,3,6,2
electric_car,IS,46,male,6,paid_work,decile_5,5,1,2,1,7,4,4,2
gasoline_car,IS,46,male,7,paid_work,decile_9,5,1,3,3,5,4,4,4
electric_car,IS,78,male,3,retired,decile_6,5,1,2,3,3,5,5,2
gasoline_car,IS,50,female,7,paid_work,decile_4,5,3,2,7,5,4,5,4
electric_car,IS,65,male,2,housework,decile_5,5,1,4,8,5,4,6,2
electric_car,IS,46,female,6,paid_work,decile_9,5,1,3,7,3,6,6,2
gasoline_car,IS,71,female,2,retired,decile_7,5,1,1,3,3,6,6,3
electric_car,IS,32,female,7,housework,decile_9,5,1,3,6,5,5,6,3
gasoline_car,IS,82,male,2,retired,decile_1,5,1,2,1,4,1,2,3
walking,IS,31,male,6,paid_work,decile_6,5,1,2,3,3,4,5,2
gasoline_car,IS,37,female,6,paid_work,decile_6,5,2,2,10,0,6,6,3
electric_car,IS,51,female,6,paid_work,decile_5,5,1,2,4,5,4,5,3
electric_car,IS,32,male,4,paid_work,decile_4,5,2,3,5,2,4,4,3
electric_car,IS,72,male,2,paid_work,decile_7,5,1,3,7,1,5,6,2
gasoline_car,IS,71,male,5,retired,decile_3,5,1,3,4,5,5,6,3
walking,IS,53,female,6,paid_work,decile_5,5,3,4,5,4,5,5,3
gasoline_car,IS,30,male,6,paid_work,decile_6,5,2,2,5,0,3,3,2
gasoline_car,IS,82,female,5,retired,decile_3,5,2,3,5,3,3,4,2
gasoline_car,IS,31,male,5,sick_disabled,decile_3,4,2,3,1,4,3,2,2
gasoline_car,IS,72,male,7,retired,decile_4,5,2,4,10,3,3,6,2
electric_car,IS,62,female,7,paid_work,decile_10,4,1,4,8,4,4,5,2
electric_car,IS,40,female,6,paid_work,decile_10,5,2,3,5,7,5,5,3
gasoline_car,IS,33,male,2,paid_work,decile_5,5,3,4,5,3,3,2,3
electric_car,IS,76,female,2,housework,decile_1,5,2,2,4,6,2,3,3
walking,IS,69,male,5,paid_work,decile_3,5,1,5,8,4,3,5,3
walking,IS,60,male,7,paid_work,decile_6,5,1,3,2,7,5,5,3
electric_car,IS,72,female,3,retired,decile_4,5,1,2,5,4,3,5,2
electric_car,IS,57,male,3,paid_work,decile_6,4,1,2,6,9,3,6,4
electric_car,IS,63,female,7,housework,decile_7,5,2,3,7,4,4,4,2
gasoline_car,IS,36,male,6,paid_work,decile_6,5,1,2,1,0,6,6,4
electric_car,IS,41,female,6,housework,decile_3,5,3,3,6,5,4,4,3
gasoline_car,IS,51,female,4,housework,decile_7,5,1,4,9,5,5,6,4
electric_car,IS,58,female,7,unemployed_looking,decile_8,5,1,2,8,2,5,6,2
gasoline_car,IS,51,male,3,paid_work,decile_9,5,1,4,8,5,6,4,2
electric_car,IS,72,female,5,retired,decile_2,5,1,2,7,5,6,6,2
gasoline_car,IS,73,male,3,retired,decile_5,4,1,3,7,5,4,6,3
gasoline_car,IS,39,male,3,paid_work,decile_9,5,2,2,5,7,3,5,3
walking,IS,56,female,6,paid_work,decile_7,5,1,3,8,0,5,6,4
electric_car,IS,82,female,6,retired,decile_6,4,1,4,8,0,1,6,4
gasoline_car,IS,49,male,3,paid_work,decile_3,5,2,2,4,1,6,6,5
gasoline_car,IS,64,female,2,sick_disabled,decile_1,5,1,3,6,8,5,6,3
electric_car,IS,28,female,7,paid_work,decile_9,5,1,5,8,3,4,5,1
electric_car,IS,86,male,7,retired,decile_7,5,1,3,4,5,2,3,2
gasoline_car,IS,38,male,6,paid_work,decile_6,5,1,1,0,8,6,5,5
gasoline_car,IS,28,male,4,education,decile_4,5,2,2,7,0,4,6,3
gasoline_car,IS,38,female,6,paid_work,decile_9,5,2,3,5,7,3,4,3
walking,IS,43,female,4,paid_work,decile_5,5,2,5,7,1,4,5,4
walking,IS,30,female,6,housework,decile_8,5,2,4,7,5,6,6,5
gasoline_car,IS,78,male,5,retired,decile_4,5,1,3,6,5,2,2,4
bicycle,IS,39,female,6,paid_work,decile_10,5,1,2,10,8,5,6,2
gasoline_car,IS,64,female,5,unemployed_looking,decile_2,5,2,3,7,7,3,4,3
bicycle,IS,59,male,5,paid_work,decile_8,4,1,3,6,5,3,4,2
electric_car,IS,70,female,3,retired,decile_7,5,1,4,7,9,3,6,1
electric_car,IS,77,male,7,retired,decile_6,5,2,4,7,2,4,5,2
gasoline_car,IS,58,male,6,paid_work,decile_4,5,1,3,3,3,3,3,2
gasoline_car,IS,49,male,5,paid_work,decile_6,5,1,3,3,3,2,6,3
electric_car,IS,48,female,7,paid_work,decile_10,5,1,3,5,5,4,6,4
gasoline_car,IS,57,male,7,paid_work,decile_7,5,4,3,8,0,1,3,3
electric_car,IS,66,male,7,paid_work,decile_6,5,1,3,5,2,3,5,2
gasoline_car,IS,65,male,5,paid_work,decile_9,4,1,3,8,5,4,5,3
gasoline_car,IS,43,male,2,paid_work,decile_4,5,2,3,2,5,4,6,5
gasoline_car,IS,70,female,6,retired,decile_6,5,1,4,9,9,5,4,2
electric_car,IS,62,female,6,paid_work,decile_7,5,1,3,7,0,2,5,2
electric_car,IS,33,male,7,paid_work,decile_6,5,2,3,5,1,1,3,4
gasoline_car,IS,41,male,5,paid_work,decile_6,5,2,4,4,6,2,5,3
gasoline_car,IS,48,male,6,unemployed_looking,decile_2,4,2,3,2,6,2,2,5
walking,IS,62,female,3,paid_work,decile_8,5,1,2,5,8,4,5,1
gasoline_car,IS,22,female,4,paid_work,decile_8,5,1,3,6,1,4,3,3
electric_car,IS,68,female,3,sick_disabled,decile_1,5,3,3,8,7,5,4,4
gasoline_car,IS,36,male,6,paid_work,decile_4,5,1,3,5,4,3,4,4
electric_car,IS,54,female,7,paid_work,decile_9,5,1,3,6,2,4,5,4
public_transport,IS,27,female,2,paid_work,decile_3,5,2,4,4,5,3,3,2
electric_car,IS,55,male,5,paid_work,decile_9,5,1,3,7,4,4,5,3
gasoline_car,IS,84,male,7,paid_work,decile_5,5,1,2,3,5,4,5,4
bicycle,IS,33,female,7,paid_work,decile_7,5,1,3,8,8,3,4,2
public_transport,IS,64,female,6,paid_work,decile_6,5,1,3,6,7,4,5,2
electric_car,IS,37,male,5,housework,decile_9,5,1,3,4,4,3,6,3
electric_car,IS,43,male,7,paid_work,decile_9,5,2,2,8,7,6,6,4
electric_car,IS,50,female,7,paid_work,decile_6,5,1,4,6,0,6,6,4
gasoline_car,IS,52,female,6,sick_disabled,decile_9,5,1,3,9,9,4,6,2
electric_car,IS,36,female,6,education,decile_1,5,4,4,7,4,4,3,2
electric_car,IS,44,male,7,paid_work,decile_8,5,2,3,7,3,5,5,5
gasoline_car,IS,55,female,7,paid_work,decile_2,5,3,3,7,6,4,4,3
electric_car,IS,73,male,5,retired,decile_3,5,1,3,7,7,4,5,3
gasoline_car,IS,71,female,6,retired,decile_1,4,1,3,7,5,6,6,3
electric_car,IS,72,male,5,retired,decile_9,5,1,1,0,6,3,6,3
gasoline_car,IS,45,female,7,paid_work,decile_9,5,1,4,8,8,4,5,2
bicycle,IS,48,male,5,paid_work,decile_9,5,2,4,8,5,5,5,2
gasoline_car,IS,53,male,7,paid_work,decile_10,5,1,3,3,7,4,5,2
electric_car,IS,47,female,7,paid_work,decile_9,5,1,3,6,1,4,6,2
electric_car,IS,73,female,5,retired,decile_4,5,1,3,9,7,5,5,2
electric_car,IS,72,male,2,retired,decile_7,5,1,4,5,5,3,4,1
gasoline_car,IS,51,female,7,paid_work,decile_4,5,1,3,6,8,5,5,4
electric_car,IS,56,female,7,paid_work,decile_9,5,1,4,8,5,5,3,3
electric_car,IS,56,female,6,paid_work,decile_7,5,1,3,5,4,4,5,2
walking,IS,74,female,6,retired,decile_1,5,3,4,10,10,5,6,3
electric_car,IS,42,male,2,paid_work,decile_10,5,1,1,3,2,3,5,3
walking,IS,62,female,7,paid_work,decile_5,5,1,3,8,2,6,6,2
electric_car,IS,61,female,6,paid_work,decile_7,5,1,3,5,5,1,5,3
gasoline_car,IS,71,male,4,retired,decile_3,5,1,3,7,4,4,6,3
gasoline_car,IS,42,male,2,paid_work,decile_2,5,1,3,6,6,4,5,3
walking,IS,42,female,3,paid_work,decile_9,5,1,4,7,7,6,4,2
electric_car,IS,39,female,7,paid_work,decile_7,5,1,3,9,5,4,6,3
walking,IS,68,female,4,housework,decile_5,5,1,3,4,4,4,6,2
bicycle,IS,47,female,7,paid_work,decile_9,5,1,4,8,8,2,5,2
gasoline_car,PL,70,male,4,retired,decile_5,3,2,4,6,4,4,5,4
electric_car,PL,44,female,3,paid_work,decile_9,5,2,3,5,9,4,4,4
gasoline_car,PL,62,male,6,paid_work,decile_9,5,2,2,6,10,2,5,2
walking,PL,30,male,7,paid_work,decile_10,5,1,2,0,8,3,4,4
public_transport,PL,23,female,4,paid_work,decile_5,5,2,4,8,5,4,4,3
gasoline_car,PL,47,female,7,paid_work,decile_9,5,2,3,7,0,1,5,3
gasoline_car,PL,42,female,7,paid_work,decile_10,5,1,3,7,4,2,3,2
gasoline_car,PL,55,male,3,paid_work,decile_6,5,2,3,7,9,3,4,2
gasoline_car,PL,64,male,4,retired,decile_6,5,2,2,9,5,1,2,4
public_transport,PL,46,female,7,housework,decile_10,5,2,3,7,6,3,5,3
public_transport,PL,25,female,6,paid_work,decile_10,5,1,1,8,8,5,4,4
walking,PL,59,female,2,housework,decile_3,5,2,3,6,10,4,4,2
gasoline_car,PL,29,female,7,paid_work,decile_5,5,2,3,7,10,5,6,3
gasoline_car,PL,79,male,4,retired,decile_5,5,2,4,9,0,3,4,2
gasoline_car,PL,58,male,7,retired,decile_2,5,2,4,10,7,2,2,4
gasoline_car,PL,38,female,7,paid_work,decile_10,5,1,1,2,3,4,5,3
public_transport,PL,77,male,4,retired,decile_5,5,2,4,8,7,2,5,3
public_transport,PL,75,female,2,retired,decile_2,5,2,2,2,9,1,4,2
gasoline_car,PL,55,male,2,paid_work,decile_10,5,2,2,5,3,3,3,3
walking,PL,30,female,7,housework,decile_9,5,1,2,2,7,1,6,4
bicycle,PL,86,male,2,retired,decile_4,1,2,3,4,4,1,3,4
walking,PL,78,male,3,retired,decile_5,5,2,3,5,8,2,4,3
gasoline_car,PL,61,male,2,paid_work,decile_4,5,2,4,10,5,2,4,2
electric_car,PL,53,male,7,unemployed_looking,decile_10,5,1,3,5,5,4,5,3
public_transport,PL,60,female,2,retired,decile_2,5,3,2,6,10,3,3,5
bicycle,PL,69,male,4,retired,decile_6,1,2,4,9,0,5,5,3
gasoline_car,PL,34,female,3,housework,decile_5,5,2,2,6,8,4,4,3
gasoline_car,PL,45,female,4,paid_work,decile_9,5,2,3,7,1,2,4,5
walking,PL,73,female,7,retired,decile_4,3,2,4,10,8,2,4,3
walking,PL,79,male,7,housework,decile_7,5,2,2,5,6,1,5,2
gasoline_car,PL,40,female,4,paid_work,decile_3,5,1,3,5,5,3,4,3
walking,PL,38,male,4,paid_work,decile_6,5,2,4,4,5,5,2,5
walking,PL,62,female,5,paid_work,decile_6,5,2,4,7,7,2,5,2
walking,PL,40,female,2,sick_disabled,decile_5,5,2,3,7,8,4,3,3
gasoline_car,PL,51,female,7,paid_work,decile_9,5,1,3,6,8,4,5,3
gasoline_car,PL,64,female,4,retired,decile_3,5,2,4,9,5,2,4,3
public_transport,PL,72,male,2,retired,decile_5,2,2,4,7,8,2,6,3
bicycle,PL,67,male,2,retired,decile_8,5,1,2,3,2,2,5,4
public_transport,PL,52,female,7,paid_work,decile_8,5,2,3,6,8,1,5,3
gasoline_car,PL,26,female,4,paid_work,decile_5,5,2,3,7,4,2,4,3
walking,PL,61,male,2,paid_work,decile_5,5,1,5,9,0,1,2,4
gasoline_car,PL,32,female,7,paid_work,decile_8,5,1,3,6,2,3,2,3
public_transport,PL,25,female,6,paid_work,decile_7,5,2,3,5,8,0,4,4
gasoline_car,PL,66,male,3,unemployed_not_looking,decile_3,5,2,4,9,10,3,5,3
walking,PL,41,male,7,paid_work,decile_6,5,2,1,0,5,1,5,5
gasoline_car,PL,49,male,4,paid_work,decile_7,5,2,2,8,5,3,5,4
public_transport,PL,24,male,4,education,decile_6,5,2,3,5,7,2,3,2
gasoline_car,PL,45,male,7,paid_work,decile_4,5,2,1,0,5,3,4,5
gasoline_car,PL,26,male,4,paid_work,decile_9,5,2,1,0,6,4,4,3
gasoline_car,PL,32,male,6,paid_work,decile_9,5,2,2,7,9,4,5,4
public_transport,PL,45,female,7,paid_work,decile_8,5,1,5,8,10,1,4,3
public_transport,PL,44,female,6,housework,decile_6,5,2,3,5,5,3,4,3
gasoline_car,PL,66,male,4,paid_work,decile_9,5,1,1,1,1,2,2,4
public_transport,PL,54,female,6,paid_work,decile_5,5,2,2,4,7,3,3,4
gasoline_car,PL,59,male,2,paid_work,decile_6,5,2,1,0,10,3,6,5
public_transport,PL,38,female,7,paid_work,decile_6,5,2,2,6,7,3,4,3
gasoline_car,PL,44,male,3,paid_work,decile_2,5,2,1,0,10,1,3,3
public_transport,PL,20,female,4,education,decile_4,5,2,4,7,6,3,5,4
gasoline_car,PL,30,female,4,paid_work,decile_3,5,2,4,7,4,3,4,4
public_transport,PL,26,male,4,education,decile_9,5,1,3,4,8,3,2,3
gasoline_car,PL,62,male,3,paid_work,decile_6,5,2,3,5,7,1,4,3
walking,PL,63,male,2,paid_work,decile_8,2,2,3,6,10,4,6,2
gasoline_car,PL,69,female,7,retired,decile_6,5,1,2,2,10,1,5,3
walking,PL,68,male,2,retired,decile_4,2,2,3,8,8,2,5,2
public_transport,PL,72,female,7,retired,decile_10,5,1,3,5,10,3,5,2
gasoline_car,PL,76,male,7,retired,decile_5,5,1,4,8,3,3,5,3
gasoline_car,PL,42,female,4,paid_work,decile_8,5,2,3,6,3,5,3,3
gasoline_car,PL,52,male,2,retired,decile_1,5,2,3,10,10,0,4,3
gasoline_car,PL,38,female,7,paid_work,decile_8,5,2,3,5,0,1,3,2
public_transport,PL,36,female,7,paid_work,decile_7,5,2,4,10,9,2,3,3
public_transport,PL,22,female,4,education,decile_5,5,1,4,7,1,3,5,2
bicycle,PL,52,female,2,paid_work,decile_4,3,3,3,2,5,5,5,3
gasoline_car,PL,33,female,3,paid_work,decile_8,5,2,3,7,7,2,4,3
gasoline_car,PL,41,female,7,paid_work,decile_10,5,1,4,8,0,1,5,3
walking,PL,20,male,4,education,decile_7,5,1,3,6,0,5,6,3
walking,PL,53,female,7,housework,decile_8,5,3,3,5,7,2,3,3
public_transport,PL,28,female,7,unemployed_looking,decile_6,5,2,3,8,8,4,5,1
gasoline_car,PL,41,male,7,paid_work,decile_8,5,2,2,4,1,3,4,4
walking,PL,74,female,4,retired,decile_2,5,2,4,7,5,4,4,1
gasoline_car,PL,31,female,5,paid_work,decile_8,5,2,3,5,0,2,2,3
gasoline_car,PL,52,male,4,paid_work,decile_8,5,1,3,5,10,4,6,3
public_transport,PL,22,female,4,education,decile_6,5,2,3,6,9,4,5,2
gasoline_car,PL,50,male,2,paid_work,decile_5,5,1,3,7,3,2,2,3
public_transport,PL,44,male,6,paid_work,decile_3,5,3,3,6,7,3,2,2
gasoline_car,PL,47,female,4,paid_work,decile_8,5,2,2,6,4,3,6,3
public_transport,PL,67,female,2,retired,decile_1,5,2,3,5,4,3,6,3
bicycle,PL,35,female,4,paid_work,decile_5,5,2,3,5,5,3,3,3
gasoline_car,PL,28,female,7,paid_work,decile_6,5,2,3,5,8,5,4,2
walking,PL,62,female,2,paid_work,decile_5,2,3,3,6,8,2,5,3
gasoline_car,PL,64,male,4,paid_work,decile_9,3,1,2,6,8,4,5,3
walking,PL,67,male,3,retired,decile_8,5,1,2,1,2,3,2,4
walking,PL,31,female,7,paid_work,decile_10,5,1,4,8,5,3,5,4
gasoline_car,PL,61,male,4,paid_work,decile_2,3,2,5,2,0,3,4,3
gasoline_car,PL,55,female,4,paid_work,decile_9,5,2,3,6,0,2,4,4
electric_car,PL,37,male,7,paid_work,decile_10,5,2,3,7,7,3,4,3
gasoline_car,PL,36,female,6,paid_work,decile_4,5,3,2,5,5,3,3,3
walking,PL,25,female,6,paid_work,decile_6,5,2,3,6,6,3,5,2
walking,PL,24,female,4,education,decile_2,5,2,3,6,7,5,3,4
gasoline_car,PL,51,female,7,paid_work,decile_5,5,2,5,10,5,3,5,3
gasoline_car,PL,35,male,7,paid_work,decile_10,5,2,3,5,1,4,6,5
electric_car,PL,43,female,7,housework,decile_10,4,2,3,6,5,4,4,3
bicycle,PL,50,female,2,paid_work,decile_6,5,2,3,4,0,0,2,3
gasoline_car,PL,57,female,7,paid_work,decile_10,5,1,3,5,5,4,5,4
walking,PL,70,female,5,retired,decile_4,3,1,4,5,3,4,5,3
walking,PL,70,female,7,retired,decile_8,5,2,4,8,5,4,5,2
gasoline_car,PL,30,female,4,unemployed_not_looking,decile_3,5,3,2,3,6,3,6,3
electric_car,PL,67,male,3,retired,decile_7,5,2,2,4,3,4,5,3
gasoline_car,PL,34,male,7,paid_work,decile_9,5,1,2,5,7,2,5,4
gasoline_car,PL,76,male,4,retired,decile_10,1,2,3,7,7,3,5,2
gasoline_car,PL,41,female,7,paid_work,decile_9,5,2,3,8,4,2,3,4
gasoline_car,PL,49,male,2,paid_work,decile_7,5,2,4,8,10,3,5,3
gasoline_car,PL,63,male,4,paid_work,decile_5,5,2,3,5,5,1,4,3
public_transport,PL,80,female,5,retired,decile_3,1,2,3,7,8,2,3,3
walking,PL,52,female,7,paid_work,decile_3,5,2,2,0,8,4,2,4
public_transport,PL,32,male,7,paid_work,decile_10,5,1,3,5,8,2,4,3
gasoline_car,PL,58,male,2,paid_work,decile_5,2,2,3,5,5,3,3,3
public_transport,PL,41,female,7,paid_work,decile_4,5,2,3,5,9,5,5,3
bicycle,PL,68,male,2,retired,decile_5,1,3,4,9,5,1,6,2
gasoline_car,PL,24,female,4,paid_work,decile_4,5,2,3,9,9,2,1,5
gasoline_car,PL,47,female,7,paid_work,decile_5,5,2,3,8,5,0,5,1
walking,PL,83,female,6,retired,decile_2,1,2,3,7,10,2,6,2
gasoline_car,PL,52,male,3,paid_work,decile_6,1,2,3,5,2,4,3,3
gasoline_car,PL,53,male,4,paid_work,decile_4,5,2,3,10,10,2,3,4
gasoline_car,PL,79,male,7,retired,decile_8,3,2,3,10,10,4,5,3
gasoline_car,PL,23,female,4,paid_work,decile_5,5,2,2,4,1,3,6,2
public_transport,PL,30,female,6,paid_work,decile_6,5,2,5,6,8,1,3,2
gasoline_car,PL,48,male,7,paid_work,decile_7,5,2,3,5,5,2,4,3
bicycle,PL,54,female,7,paid_work,decile_8,5,2,3,8,1,2,4,3
electric_car,PL,69,male,7,retired,decile_7,5,2,4,9,4,4,5,2
bicycle,PL,38,male,3,paid_work,decile_4,5,2,4,5,4,3,2,5
walking,PL,42,female,7,paid_work,decile_8,5,1,4,8,8,3,5,3
gasoline_car,PL,41,female,3,housework,decile_5,5,2,3,3,3,1,2,3
gasoline_car,PL,61,female,7,paid_work,decile_9,5,2,4,10,4,1,2,2
gasoline_car,PL,74,male,2,retired,decile_5,2,2,3,7,9,4,5,3
public_transport,PL,29,female,7,paid_work,decile_4,5,1,3,3,8,1,5,4
walking,PL,72,female,2,retired,decile_4,3,2,4,9,2,1,5,4
walking,PL,76,male,7,retired,decile_4,5,2,4,10,0,4,5,2
public_transport,PL,65,male,4,paid_work,decile_3,1,2,4,8,8,3,4,3
gasoline_car,PL,44,male,7,paid_work,decile_7,5,3,1,0,4,3,2,1
electric_car,PL,41,female,7,paid_work,decile_4,5,2,2,5,7,4,4,3
gasoline_car,PL,46,male,7,paid_work,decile_5,5,2,2,2,5,5,4,4
walking,PL,34,female,7,paid_work,decile_7,5,2,3,5,1,2,4,3
gasoline_car,PL,46,male,7,paid_work,decile_10,5,1,1,2,0,4,6,3
walking,PL,76,female,7,retired,decile_7,5,2,3,6,6,3,5,2
gasoline_car,PL,54,male,4,paid_work,decile_8,5,2,3,6,5,2,3,3
bicycle,PL,75,female,5,retired,decile_1,2,2,3,2,1,2,6,4
gasoline_car,PL,42,male,4,paid_work,decile_8,5,1,3,4,5,1,2,2
public_transport,PL,21,female,4,education,decile_7,5,1,4,6,7,1,4,1
gasoline_car,PL,66,female,1,retired,decile_4,5,2,3,1,5,2,3,1
gasoline_car,PL,21,female,2,paid_work,decile_8,5,2,3,1,2,6,3,4
gasoline_car,PL,26,female,6,education,decile_2,4,2,2,5,6,3,4,2
gasoline_car,PL,49,male,2,paid_work,decile_10,5,2,4,8,7,2,5,2
gasoline_car,PL,66,male,2,retired,decile_8,1,2,4,10,7,5,6,2
public_transport,PL,59,female,7,paid_work,decile_8,5,2,2,7,10,4,5,2
walking,PL,48,male,5,paid_work,decile_9,5,2,2,8,2,5,4,5
public_transport,PL,55,female,6,paid_work,decile_6,3,1,3,6,8,2,5,2
gasoline_car,PL,53,male,6,paid_work,decile_10,5,2,4,5,5,3,4,3
public_transport,PL,60,female,2,housework,decile_5,3,3,3,7,3,1,3,4
electric_car,PL,70,male,2,retired,decile_7,2,2,4,10,10,6,6,3
gasoline_car,PL,62,female,2,education,decile_5,5,2,2,0,2,1,4,3
gasoline_car,PL,43,female,7,paid_work,decile_9,5,1,5,8,10,3,6,3
walking,PL,64,female,2,retired,decile_4,5,1,4,8,10,1,6,2
walking,PL,64,male,3,retired,decile_3,3,2,3,5,5,1,5,2
walking,PL,44,male,2,paid_work,decile_2,5,2,2,1,8,3,2,2
gasoline_car,PL,40,male,6,paid_work,decile_9,5,1,2,2,3,3,3,4
walking,PL,68,male,2,retired,decile_7,5,2,3,6,7,4,5,3
walking,PL,37,female,4,paid_work,decile_3,5,3,2,5,6,3,4,4
walking,PL,44,male,6,paid_work,decile_8,5,2,2,0,10,3,3,5
gasoline_car,PL,41,male,6,paid_work,decile_6,4,2,4,10,5,0,5,3
walking,PL,62,female,7,education,decile_6,5,2,3,10,5,2,4,4
gasoline_car,PL,46,male,7,paid_work,decile_8,5,2,4,7,8,3,4,3
gasoline_car,PL,49,male,7,paid_work,decile_10,5,2,3,4,5,2,4,2
gasoline_car,PL,34,male,4,paid_work,decile_7,5,2,3,4,6,3,4,3
walking,PL,40,male,2,paid_work,decile_3,5,2,3,6,5,5,5,3
gasoline_car,PL,63,male,7,paid_work,decile_10,5,1,5,10,0,0,5,2
gasoline_car,PL,70,male,2,retired,decile_5,1,3,3,2,2,2,5,2
gasoline_car,PL,67,male,2,retired,decile_3,1,2,4,10,6,3,4,4
gasoline_car,PL,27,female,3,paid_work,decile_5,5,2,3,5,5,3,3,3
walking,PL,72,female,3,retired,decile_1,3,2,1,5,9,4,5,3
public_transport,PL,49,female,7,paid_work,decile_4,5,2,3,6,8,2,4,4
public_transport,PL,46,female,7,paid_work,decile_4,5,2,4,5,10,2,3,3
public_transport,PL,71,male,2,retired,decile_2,2,2,4,9,9,2,5,3
walking,PL,32,male,6,paid_work,decile_7,5,1,2,1,3,2,5,5
walking,PL,27,female,7,paid_work,decile_10,5,2,4,6,10,1,6,3
public_transport,PL,59,male,2,paid_work,decile_3,1,2,3,5,7,3,3,3
bicycle,PL,19,female,2,education,decile_9,4,1,3,5,5,4,5,2
walking,PL,66,female,7,paid_work,decile_9,5,1,2,3,10,4,5,2
gasoline_car,PL,66,male,4,paid_work,decile_5,1,2,3,6,5,5,6,3
electric_car,PL,46,male,7,unemployed_not_looking,decile_8,5,2,4,7,7,3,5,1
gasoline_car,PL,41,male,6,paid_work,decile_9,5,1,1,1,7,1,5,5
public_transport,PL,52,female,7,paid_work,decile_8,5,2,2,8,9,3,4,5
gasoline_car,PL,80,male,4,housework,decile_5,5,2,3,5,10,3,6,3
gasoline_car,PL,28,male,7,unemployed_looking,decile_10,5,1,2,7,10,4,6,1
bicycle,PL,40,male,6,paid_work,decile_9,5,3,5,10,0,0,0,1
gasoline_car,PL,42,male,7,paid_work,decile_9,5,2,3,8,6,3,4,3
gasoline_car,PL,59,female,2,paid_work,decile_6,1,2,2,0,5,3,3,2
walking,PL,65,male,5,other,decile_4,5,1,4,8,5,2,4,4
gasoline_car,PL,65,male,2,retired,decile_5,5,2,4,10,5,6,6,3
gasoline_car,PL,39,female,7,housework,decile_10,5,2,3,6,5,5,4,4
gasoline_car,PL,49,male,6,retired,decile_10,5,2,2,5,9,5,2,3
gasoline_car,PL,55,female,7,paid_work,decile_8,5,2,4,7,0,5,4,3
gasoline_car,PL,52,female,5,paid_work,decile_6,5,2,3,5,5,4,4,4
public_transport,PL,76,female,4,retired,decile_2,5,2,3,8,10,3,6,3
gasoline_car,PL,35,female,7,paid_work,decile_9,5,1,3,10,0,3,6,2
gasoline_car,PL,36,female,7,paid_work,decile_6,5,2,2,4,5,3,4,2
gasoline_car,PL,52,female,7,paid_work,decile_8,5,2,2,5,6,3,5,3
walking,PL,45,male,7,paid_work,decile_9,5,2,3,5,3,2,2,4
public_transport,PL,65,male,2,retired,decile_3,1,3,3,7,10,0,1,4
gasoline_car,PL,61,male,4,paid_work,decile_4,5,2,3,7,7,1,3,4
walking,PL,69,male,4,retired,decile_3,5,2,3,6,7,2,3,4
gasoline_car,PL,43,female,6,housework,decile_2,5,3,2,1,6,4,5,4
gasoline_car,PL,65,male,7,paid_work,decile_10,5,2,2,5,9,3,6,2
gasoline_car,PL,45,male,4,paid_work,decile_5,5,2,2,3,8,2,4,3
public_transport,PL,30,male,7,paid_work,decile_4,5,2,4,8,9,3,3,3
gasoline_car,PL,27,male,6,paid_work,decile_8,5,3,4,7,7,5,4,2
gasoline_car,PL,31,female,7,paid_work,decile_5,5,2,3,5,5,2,5,3
gasoline_car,PL,48,female,7,paid_work,decile_10,4,1,4,8,9,2,6,1
gasoline_car,PL,85,male,1,paid_work,decile_3,5,3,4,8,8,3,5,4
walking,PL,35,female,7,paid_work,decile_10,5,2,5,8,8,2,4,2
bicycle,PL,50,male,5,housework,decile_3,5,2,3,8,8,3,4,3
gasoline_car,PL,46,male,7,paid_work,decile_9,5,2,4,7,8,3,4,3
gasoline_car,PL,26,female,7,paid_work,decile_7,5,2,3,4,0,3,5,3
bicycle,PL,58,male,2,other,decile_4,2,3,4,7,5,4,6,3
gasoline_car,PL,47,female,7,paid_work,decile_8,5,2,4,6,4,3,4,4
gasoline_car,PL,28,female,4,paid_work,decile_1,5,2,3,4,5,4,3,3
electric_car,PL,47,female,7,paid_work,decile_10,5,2,3,7,8,4,4,5
public_transport,PL,72,male,4,retired,decile_5,5,2,2,4,10,3,1,4
gasoline_car,PL,27,female,7,paid_work,decile_5,5,1,3,4,3,3,4,4
bicycle,PL,69,male,2,retired,decile_3,5,2,3,9,8,0,3,3
gasoline_car,PL,65,male,7,paid_work,decile_9,5,2,3,5,2,2,5,3
gasoline_car,PL,47,male,6,paid_work,decile_9,5,1,3,5,10,3,4,3
gasoline_car,PL,42,female,5,housework,decile_4,5,2,4,8,2,3,4,3
gasoline_car,PL,30,male,4,paid_work,decile_9,5,1,1,0,10,1,4,5
walking,PL,43,female,7,paid_work,decile_8,5,2,4,7,9,4,4,3
gasoline_car,PL,36,female,2,housework,decile_4,5,2,3,5,0,2,5,1
public_transport,PL,70,female,3,retired,decile_4,2,3,4,6,9,0,5,5
public_transport,PL,71,male,2,retired,decile_3,1,2,3,7,3,3,6,3
walking,PL,78,male,6,retired,decile_2,3,2,3,7,10,2,4,3
walking,PL,52,male,7,retired,decile_7,5,2,3,5,5,1,6,2
public_transport,PL,70,female,4,retired,decile_2,1,2,3,6,10,3,4,3
gasoline_car,PL,74,female,2,retired,decile_5,1,1,3,4,2,3,4,4
gasoline_car,PL,62,male,7,paid_work,decile_8,5,2,4,9,10,3,4,3
gasoline_car,PL,63,male,7,paid_work,decile_9,5,1,2,7,5,3,5,4
gasoline_car,PL,62,male,7,housework,decile_3,5,2,4,9,5,4,4,3
electric_car,PL,62,male,4,paid_work,decile_7,5,2,3,5,5,3,4,3
gasoline_car,PL,39,female,7,paid_work,decile_8,5,2,3,7,4,5,5,4
gasoline_car,PL,26,male,4,paid_work,decile_7,5,1,3,5,2,5,3,2
walking,PL,74,female,4,retired,decile_4,1,2,3,8,10,3,5,2
gasoline_car,PL,50,male,7,paid_work,decile_10,5,2,3,5,6,4,6,3
walking,PL,25,male,3,paid_work,decile_4,5,2,3,5,6,5,3,3
bicycle,PL,68,female,7,retired,decile_1,2,2,2,1,6,6,0,5
gasoline_car,PL,69,male,2,retired,decile_7,2,2,4,7,9,2,4,3
gasoline_car,PL,71,male,1,retired,decile_6,1,2,2,3,0,4,6,3
electric_car,PL,77,male,7,retired,decile_8,5,2,5,10,5,3,5,2
gasoline_car,PL,57,female,7,paid_work,decile_10,5,2,2,2,9,1,5,4
gasoline_car,PL,68,female,7,retired,decile_9,5,1,4,10,10,4,5,2
gasoline_car,PL,73,male,5,retired,decile_7,5,2,4,6,5,5,4,2
gasoline_car,PL,67,male,4,housework,decile_4,2,2,3,5,10,2,5,4
public_transport,PL,58,female,7,paid_work,decile_8,5,2,4,7,5,3,3,1
gasoline_car,PL,65,female,4,retired,decile_6,2,2,3,8,8,4,4,3
walking,PL,76,female,7,retired,decile_5,4,2,4,6,4,3,3,4
gasoline_car,PL,39,male,4,paid_work,decile_4,5,2,5,1,0,5,3,5
gasoline_car,PL,29,male,6,paid_work,decile_10,5,2,4,7,1,3,6,3
public_transport,PL,54,male,2,paid_work,decile_7,5,1,4,8,6,4,4,3
gasoline_car,PL,32,female,7,paid_work,decile_7,5,2,2,2,5,3,3,3
gasoline_car,PL,53,male,3,paid_work,decile_6,5,2,5,9,0,1,5,3
public_transport,PL,45,female,7,paid_work,decile_4,5,1,3,7,8,4,3,4
gasoline_car,PL,66,female,2,retired,decile_8,5,2,2,2,3,4,2,4
gasoline_car,PL,42,female,7,paid_work,decile_10,5,2,3,9,7,3,4,4
gasoline_car,PL,33,female,4,paid_work,decile_8,5,3,3,8,0,2,3,4
gasoline_car,PL,46,male,7,paid_work,decile_10,5,1,3,7,8,4,4,3
gasoline_car,PL,73,male,4,retired,decile_4,5,1,4,8,10,3,4,3
gasoline_car,PL,45,female,4,paid_work,decile_5,5,2,3,2,10,2,2,3
gasoline_car,PL,74,male,5,retired,decile_7,5,2,3,6,8,4,5,2
gasoline_car,PL,31,female,4,housework,decile_8,5,2,3,5,6,1,5,1
walking,PL,48,female,4,paid_work,decile_9,5,2,3,5,7,4,4,3
bicycle,PL,66,male,5,unemployed_looking,decile_1,1,3,2,6,8,3,4,1
gasoline_car,PL,68,male,7,education,decile_7,5,2,3,7,6,4,5,2
walking,PL,65,female,5,retired,decile_4,4,2,2,2,4,2,4,3
walking,PL,73,male,4,retired,decile_7,1,2,3,7,10,4,4,5
gasoline_car,PL,35,male,6,paid_work,decile_6,5,1,3,5,3,4,1,4
gasoline_car,PL,25,female,6,education,decile_4,5,2,3,6,7,3,4,4
bicycle,PL,61,female,3,housework,decile_2,4,2,3,5,5,3,5,2
gasoline_car,PL,65,female,3,retired,decile_6,5,3,3,1,0,2,5,3
public_transport,PL,64,female,2,retired,decile_5,2,2,2,2,10,1,6,3
gasoline_car,PL,38,female,7,paid_work,decile_6,5,1,4,8,7,4,5,1
gasoline_car,PL,48,female,7,housework,decile_8,5,2,3,6,7,2,3,5
walking,PL,35,female,7,paid_work,decile_10,5,1,3,7,7,3,5,4
gasoline_car,PL,36,male,7,paid_work,decile_9,5,2,3,4,3,3,2,4
gasoline_car,PL,40,male,7,paid_work,decile_10,5,2,2,5,7,3,5,4
gasoline_car,PL,47,male,7,paid_work,decile_10,5,1,3,10,5,2,6,1
gasoline_car,PL,42,female,7,paid_work,decile_6,5,2,3,8,7,5,5,3
walking,PL,26,female,4,paid_work,decile_3,5,2,3,7,8,3,2,4
gasoline_car,PL,65,female,4,paid_work,decile_6,5,2,3,7,6,2,5,3
gasoline_car,PL,30,female,3,housework,decile_6,5,2,3,5,5,1,4,2
gasoline_car,PL,39,male,7,paid_work,decile_7,5,1,2,4,8,6,6,2
public_transport,PL,37,female,3,housework,decile_3,5,2,3,5,7,3,4,3
gasoline_car,PL,62,female,7,retired,decile_8,5,2,3,7,2,2,6,3
walking,PL,75,female,6,retired,decile_3,5,2,3,8,8,3,6,3
gasoline_car,PL,76,male,3,retired,decile_7,1,3,3,6,10,4,5,3
gasoline_car,PL,36,male,4,paid_work,decile_8,5,2,2,4,5,3,3,3
gasoline_car,PL,78,male,2,retired,decile_5,1,2,2,3,8,2,3,4
gasoline_car,PL,45,female,7,paid_work,decile_8,5,2,3,8,0,2,0,3
bicycle,PL,32,female,7,housework,decile_7,5,1,3,7,8,2,4,3
gasoline_car,PL,48,female,7,paid_work,decile_10,5,1,3,4,2,4,5,3
gasoline_car,PL,69,male,7,retired,decile_9,5,1,1,0,5,3,5,4
bicycle,PL,76,female,3,retired,decile_4,5,2,3,0,10,0,6,4
walking,PL,71,male,2,retired,decile_7,3,2,4,10,10,3,4,1
gasoline_car,PL,21,male,2,education,decile_6,5,3,1,0,8,4,5,5
gasoline_car,PL,23,female,4,paid_work,decile_8,5,1,2,4,0,2,3,4
gasoline_car,PL,55,female,2,housework,decile_5,2,2,3,10,0,1,6,1
gasoline_car,PL,62,male,7,paid_work,decile_10,5,2,5,9,4,4,5,4
gasoline_car,PL,26,male,4,paid_work,decile_8,5,2,3,7,9,4,4,5
walking,PL,64,male,2,retired,decile_1,1,3,3,3,0,3,2,2
walking,PL,67,male,4,retired,decile_4,5,2,4,8,9,5,5,2
bicycle,PL,25,male,3,paid_work,decile_8,5,2,3,10,0,6,6,2
gasoline_car,PL,68,male,2,retired,decile_6,1,2,3,5,10,3,3,3
public_transport,PL,37,female,7,paid_work,decile_4,5,2,4,7,1,2,2,3
public_transport,PL,66,female,7,retired,decile_5,5,1,3,5,7,3,5,4
gasoline_car,PL,47,female,7,paid_work,decile_9,5,2,3,6,3,5,5,3
gasoline_car,PL,50,female,7,paid_work,decile_6,5,2,4,7,5,3,5,2
public_transport,PL,20,female,2,education,decile_5,5,2,4,7,6,1,3,3
gasoline_car,PL,43,female,4,paid_work,decile_10,3,2,3,5,5,2,3,3
gasoline_car,PL,70,female,4,retired,decile_6,5,1,3,10,10,0,6,2
gasoline_car,PL,51,female,7,paid_work,decile_10,5,2,3,10,3,4,4,3
gasoline_car,PL,36,female,7,paid_work,decile_7,5,2,4,10,6,5,5,2
gasoline_car,PL,65,male,4,paid_work,decile_4,5,2,1,3,8,3,4,5
gasoline_car,PL,51,male,6,paid_work,decile_10,3,2,3,7,8,2,4,3
public_transport,PL,49,female,7,paid_work,decile_7,5,2,4,7,8,3,4,2
walking,PL,60,female,2,paid_work,decile_7,1,1,3,8,5,4,5,4
gasoline_car,PL,67,female,4,retired,decile_2,3,2,4,9,4,4,4,3
walking,PL,80,female,4,retired,decile_4,5,2,2,6,10,5,5,3
bicycle,PL,74,female,5,retired,decile_7,5,1,3,8,2,0,2,2
walking,PL,49,female,7,paid_work,decile_7,5,2,2,5,3,3,5,5
walking,PL,23,female,4,education,decile_8,5,2,2,4,5,3,3,2
gasoline_car,PL,66,male,3,paid_work,decile_4,5,3,3,2,10,2,6,4
walking,PL,73,male,7,retired,decile_8,5,2,3,7,7,3,5,2
gasoline_car,PL,38,female,7,paid_work,decile_3,5,3,4,7,8,2,3,1
gasoline_car,PL,28,female,6,paid_work,decile_8,5,2,2,5,0,5,6,3
gasoline_car,PL,28,male,3,paid_work,decile_10,5,2,2,7,7,3,6,4
gasoline_car,PL,26,male,4,education,decile_5,5,2,2,1,6,1,6,3
gasoline_car,PL,55,male,5,paid_work,decile_7,5,2,3,5,7,2,5,2
gasoline_car,PL,64,female,6,retired,decile_7,5,2,3,5,5,3,5,2
public_transport,PL,24,female,4,paid_work,decile_7,5,2,4,7,6,2,4,1
electric_car,PT,58,male,7,paid_work,decile_7,5,2,4,8,8,2,3,4
gasoline_car,PT,37,male,7,paid_work,decile_10,5,1,4,9,5,2,5,3
gasoline_car,PT,74,male,1,retired,decile_4,1,2,4,6,5,2,5,4
gasoline_car,PT,43,male,7,paid_work,decile_10,5,2,4,9,5,2,5,2
gasoline_car,PT,41,female,4,sick_disabled,decile_6,5,2,4,6,2,3,4,3
gasoline_car,PT,51,male,4,paid_work,decile_5,5,3,2,3,2,1,6,4
public_transport,PT,55,female,4,paid_work,decile_8,5,2,5,10,0,2,3,4
gasoline_car,PT,46,male,6,paid_work,decile_7,5,3,3,5,5,3,4,3
public_transport,PT,72,female,2,retired,decile_4,3,2,4,6,3,4,2,3
gasoline_car,PT,43,female,7,paid_work,decile_6,5,2,3,8,8,4,4,3
walking,PT,80,female,6,retired,decile_4,2,2,4,10,5,3,4,2
public_transport,PT,56,female,2,unemployed_not_looking,decile_1,4,3,4,9,10,3,4,5
gasoline_car,PT,57,female,1,paid_work,decile_1,1,4,5,10,10,6,6,2
gasoline_car,PT,63,male,7,paid_work,decile_7,5,2,3,2,0,6,2,3
electric_car,PT,51,male,7,paid_work,decile_10,5,1,3,7,4,2,4,3
gasoline_car,PT,73,male,4,retired,decile_7,5,2,3,6,4,3,5,3
bicycle,PT,55,female,7,paid_work,decile_6,5,1,4,8,2,2,2,3
walking,PT,53,female,4,housework,decile_3,4,2,4,6,6,4,4,4
electric_car,PT,43,female,7,paid_work,decile_10,5,1,4,7,4,4,4,2
gasoline_car,PT,35,male,7,paid_work,decile_6,5,3,3,7,2,2,5,2
public_transport,PT,32,male,7,paid_work,decile_10,5,1,5,6,3,4,6,2
gasoline_car,PT,51,male,4,paid_work,decile_10,5,1,3,6,7,2,5,2
gasoline_car,PT,41,male,7,paid_work,decile_8,5,2,1,0,6,2,2,3
gasoline_car,PT,48,female,6,paid_work,decile_4,5,2,3,10,4,3,5,3
public_transport,PT,22,female,4,education,decile_4,5,2,4,8,7,4,4,4
gasoline_car,PT,43,female,7,paid_work,decile_10,5,1,3,7,6,4,4,3
walking,PT,73,female,2,retired,decile_4,5,3,4,8,3,2,3,4
bicycle,PT,54,female,4,paid_work,decile_5,5,2,5,10,5,1,2,4
public_transport,PT,74,female,7,retired,decile_10,5,1,4,7,2,2,5,3
public_transport,PT,30,male,6,paid_work,decile_6,5,3,3,7,8,3,4,3
gasoline_car,PT,80,male,5,retired,decile_4,5,1,5,8,7,3,5,2
gasoline_car,PT,54,female,4,unemployed_looking,decile_4,5,2,4,8,8,3,4,2
walking,PT,75,female,2,retired,decile_1,1,3,3,8,3,3,3,3
gasoline_car,PT,52,female,4,paid_work,decile_8,3,2,4,6,5,2,4,2
gasoline_car,PT,51,male,4,paid_work,decile_4,5,2,4,3,2,1,3,2
gasoline_car,PT,48,male,6,paid_work,decile_8,5,1,4,7,3,1,4,2
walking,PT,68,female,4,retired,decile_5,1,2,5,10,9,3,6,2
gasoline_car,PT,51,female,1,unemployed_looking,decile_2,1,4,4,10,10,6,6,3
walking,PT,85,female,1,retired,decile_1,1,2,5,10,1,3,1,4
gasoline_car,PT,36,female,7,paid_work,decile_9,5,3,5,10,8,4,6,1
public_transport,PT,79,female,1,retired,decile_1,1,3,3,6,5,3,3,1
bicycle,PT,29,male,4,paid_work,decile_4,5,2,3,6,9,3,4,2
bicycle,PT,78,male,4,other,decile_5,5,3,5,10,5,1,5,1
gasoline_car,PT,59,male,1,paid_work,decile_5,5,2,1,1,5,3,2,1
walking,PT,48,female,2,paid_work,decile_5,5,1,4,9,4,4,4,2
electric_car,PT,50,male,6,paid_work,decile_9,5,3,3,6,2,3,3,4
public_transport,PT,57,male,4,paid_work,decile_3,5,3,3,5,8,4,4,4
gasoline_car,PT,52,female,7,paid_work,decile_9,5,2,4,8,3,2,3,3
gasoline_car,PT,59,female,6,paid_work,decile_5,5,3,3,10,0,1,3,4
gasoline_car,PT,56,female,4,paid_work,decile_4,5,3,4,8,4,3,5,3
electric_car,PT,36,female,6,education,decile_7,5,2,3,7,0,3,3,3
gasoline_car,PT,70,male,7,paid_work,decile_10,5,1,5,9,5,1,5,3
walking,PT,37,male,7,paid_work,decile_6,5,1,3,6,8,4,5,3
gasoline_car,PT,73,male,1,retired,decile_4,5,2,4,9,0,4,4,3
public_transport,PT,72,male,1,retired,decile_6,1,2,3,6,8,4,3,3
gasoline_car,PT,51,female,4,paid_work,decile_8,5,1,3,9,5,2,1,3
walking,PT,48,male,4,paid_work,decile_7,5,2,3,7,5,5,5,3
gasoline_car,PT,73,male,4,retired,decile_5,5,2,5,5,9,3,3,3
public_transport,PT,70,female,4,retired,decile_1,5,3,3,3,4,3,2,4
public_transport,PT,56,female,1,paid_work,decile_3,4,4,5,10,0,4,6,4
gasoline_car,PT,44,female,4,paid_work,decile_2,5,2,3,7,1,3,4,3
walking,PT,85,female,1,retired,decile_1,2,2,2,5,5,3,4,1
gasoline_car,PT,53,female,7,paid_work,decile_7,5,2,4,10,1,4,5,3
gasoline_car,PT,48,female,7,paid_work,decile_8,4,2,4,7,9,5,5,3
walking,PT,90,female,1,retired,decile_1,1,4,3,7,6,4,4,3
gasoline_car,PT,53,male,4,paid_work,decile_5,5,4,3,4,0,3,3,4
walking,PT,32,female,7,paid_work,decile_9,5,1,4,4,3,5,4,2
electric_car,PT,39,female,6,paid_work,decile_8,5,2,4,8,7,4,3,4
public_transport,PT,47,female,2,paid_work,decile_6,5,2,3,10,9,3,3,3
gasoline_car,PT,63,female,4,paid_work,decile_3,5,2,5,7,2,5,5,3
walking,PT,28,female,4,education,decile_6,5,3,5,5,4,5,5,3
gasoline_car,PT,72,female,1,retired,decile_3,5,2,4,10,8,6,6,3
gasoline_car,PT,38,female,4,paid_work,decile_8,5,2,5,0,0,4,3,3
gasoline_car,PT,39,female,4,paid_work,decile_6,5,2,4,8,3,4,5,2
gasoline_car,PT,48,male,7,paid_work,decile_6,5,2,4,6,6,3,5,4
gasoline_car,PT,48,female,6,paid_work,decile_7,5,2,4,10,8,5,4,2
gasoline_car,PT,46,female,4,paid_work,decile_6,5,2,3,5,2,3,5,3
gasoline_car,PT,66,male,2,unemployed_not_looking,decile_2,1,3,3,5,2,2,4,3
gasoline_car,PT,25,female,7,paid_work,decile_7,5,2,3,4,1,3,6,3
gasoline_car,PT,68,male,1,retired,decile_3,2,2,3,10,0,6,0,3
electric_car,PT,37,female,7,paid_work,decile_9,5,2,4,8,2,4,5,3
public_transport,PT,52,female,7,unemployed_looking,decile_4,4,2,3,7,5,0,5,4
gasoline_car,PT,33,female,6,paid_work,decile_7,5,1,3,6,5,4,3,3
gasoline_car,PT,81,male,6,retired,decile_5,1,2,3,5,7,3,4,3
gasoline_car,PT,74,male,4,retired,decile_8,2,2,4,8,5,3,4,3
gasoline_car,PT,71,female,2,retired,decile_2,1,3,2,5,5,5,5,5
public_transport,PT,23,male,6,paid_work,decile_4,5,3,3,3,2,4,3,3
gasoline_car,PT,43,male,4,paid_work,decile_8,5,1,3,7,6,5,4,3
gasoline_car,PT,37,female,7,paid_work,decile_7,5,2,3,3,0,3,3,4
gasoline_car,PT,51,female,2,paid_work,decile_3,2,2,3,5,7,3,5,4
gasoline_car,PT,33,female,6,paid_work,decile_9,5,1,4,8,1,4,5,3
public_transport,PT,60,female,1,paid_work,decile_2,1,3,4,7,3,3,3,4
electric_car,PT,34,male,7,paid_work,decile_10,5,1,3,0,8,3,6,2
gasoline_car,PT,26,female,4,paid_work,decile_4,5,2,4,6,1,3,4,3
gasoline_car,PT,57,female,7,paid_work,decile_6,5,2,4,9,2,5,5,3
public_transport,PT,56,male,4,paid_work,decile_7,5,3,3,5,6,3,3,3
gasoline_car,PT,63,female,2,paid_work,decile_2,5,2,4,5,8,3,4,3
gasoline_car,PT,52,female,1,paid_work,decile_5,2,1,3,8,7,5,4,2
gasoline_car,PT,26,female,7,paid_work,decile_9,5,2,3,7,8,6,5,3
walking,PT,51,male,7,paid_work,decile_3,5,4,4,8,10,4,2,3
gasoline_car,PT,61,male,7,paid_work,decile_9,5,1,4,7,7,3,5,2
walking,PT,54,female,4,unemployed_looking,decile_1,5,4,5,10,5,2,0,5
gasoline_car,PT,60,male,7,paid_work,decile_10,5,1,3,7,3,3,5,5
gasoline_car,PT,34,female,4,paid_work,decile_2,5,4,3,5,0,1,4,3
gasoline_car,PT,25,male,4,paid_work,decile_1,5,2,5,8,5,0,4,4
gasoline_car,PT,77,female,6,retired,decile_7,5,1,4,8,0,2,2,4
gasoline_car,PT,76,female,2,retired,decile_1,4,3,3,8,4,2,3,3
gasoline_car,PT,66,male,6,paid_work,decile_7,5,3,4,9,3,3,4,3
gasoline_car,PT,55,female,4,paid_work,decile_3,5,2,3,7,5,4,4,3
gasoline_car,PT,83,male,7,retired,decile_9,5,1,4,10,5,4,5,3
gasoline_car,PT,70,female,6,retired,decile_9,5,1,3,7,5,3,4,2
gasoline_car,PT,43,male,5,paid_work,decile_5,5,2,4,7,5,2,5,3
gasoline_car,PT,54,male,6,paid_work,decile_8,5,1,4,7,6,4,4,2
gasoline_car,PT,67,female,6,paid_work,decile_7,5,2,3,5,2,5,5,2
gasoline_car,PT,60,male,4,paid_work,decile_7,5,2,3,5,0,3,3,3
gasoline_car,PT,49,female,7,paid_work,decile_5,5,3,5,10,3,0,1,4
walking,PT,42,female,2,paid_work,decile_3,5,4,4,9,1,4,4,4
gasoline_car,PT,51,female,6,paid_work,decile_5,5,2,3,8,9,4,3,3
public_transport,PT,79,male,4,retired,decile_4,1,2,2,6,5,1,1,2
gasoline_car,PT,29,female,7,paid_work,decile_6,5,2,3,6,9,4,5,3
public_transport,PT,41,female,2,paid_work,decile_6,5,2,4,8,9,6,4,5
gasoline_car,PT,42,male,7,paid_work,decile_4,5,2,3,8,7,4,4,4
gasoline_car,PT,50,female,7,paid_work,decile_6,5,2,4,10,7,3,6,5
gasoline_car,PT,29,female,7,paid_work,decile_7,5,1,3,7,9,2,5,2
gasoline_car,PT,41,female,7,paid_work,decile_10,5,1,3,7,3,4,5,3
gasoline_car,PT,64,male,1,paid_work,decile_5,1,2,4,10,10,4,3,3
gasoline_car,PT,65,female,2,retired,decile_1,5,4,5,8,1,1,6,1
public_transport,PT,48,female,6,paid_work,decile_9,5,2,4,6,5,4,3,3
gasoline_car,PT,47,female,4,paid_work,decile_7,5,2,5,10,5,4,5,3
gasoline_car,PT,36,male,7,paid_work,decile_10,5,1,4,7,2,4,5,2
electric_car,PT,42,female,4,paid_work,decile_9,5,2,3,5,8,4,3,3
gasoline_car,PT,49,female,4,paid_work,decile_7,5,3,4,10,3,1,2,3
gasoline_car,PT,68,male,1,paid_work,decile_2,1,3,4,5,4,5,4,3
gasoline_car,PT,45,male,7,paid_work,decile_10,5,1,5,10,7,5,5,3
gasoline_car,PT,48,female,7,paid_work,decile_10,5,1,5,10,0,3,3,4
gasoline_car,PT,38,female,6,housework,decile_5,5,2,3,5,4,3,3,3
gasoline_car,PT,61,male,1,paid_work,decile_3,5,2,3,2,3,5,5,2
walking,PT,67,female,1,paid_work,decile_3,1,2,4,10,5,5,5,2
gasoline_car,PT,63,male,2,retired,decile_7,5,1,3,8,7,6,6,4
gasoline_car,PT,56,female,7,paid_work,decile_4,5,2,3,3,7,3,5,3
gasoline_car,PT,75,male,2,retired,decile_6,5,2,3,5,9,3,5,3
gasoline_car,PT,67,female,6,paid_work,decile_9,5,1,4,9,5,5,3,3
gasoline_car,PT,29,female,4,paid_work,decile_4,5,3,2,4,1,5,5,2
gasoline_car,PT,60,female,2,housework,decile_2,2,2,4,9,5,2,2,3
gasoline_car,PT,43,female,7,paid_work,decile_7,5,2,4,8,1,1,4,3
gasoline_car,PT,52,male,7,paid_work,decile_9,5,2,4,8,6,4,5,3
gasoline_car,PT,52,female,2,paid_work,decile_4,4,2,4,10,4,4,5,3
gasoline_car,PT,38,female,4,other,decile_6,5,2,3,4,4,4,4,2
gasoline_car,PT,67,male,1,other,decile_1,1,3,3,8,6,4,4,3
gasoline_car,PT,57,male,4,unemployed_looking,decile_7,5,2,4,5,4,3,3,3
walking,PT,65,female,2,retired,decile_8,5,1,4,10,4,4,5,4
electric_car,PT,63,male,4,paid_work,decile_9,5,2,3,9,7,1,1,4
gasoline_car,PT,47,female,6,paid_work,decile_7,5,3,4,8,7,3,5,2
walking,PT,51,female,7,paid_work,decile_1,5,3,5,9,6,1,1,3
public_transport,PT,65,female,2,unemployed_looking,decile_1,1,4,4,5,7,3,3,3
gasoline_car,PT,62,male,4,paid_work,decile_6,5,2,2,8,7,2,3,4
gasoline_car,PT,63,male,1,paid_work,decile_3,3,3,4,7,4,4,4,3
gasoline_car,PT,33,female,6,paid_work,decile_5,5,3,5,10,5,0,4,2
gasoline_car,PT,26,male,4,education,decile_6,5,2,3,4,0,5,4,3
gasoline_car,PT,81,female,7,retired,decile_10,5,1,4,10,7,4,5,2
gasoline_car,PT,34,female,4,paid_work,decile_3,5,3,3,6,5,3,4,2
public_transport,PT,59,female,7,paid_work,decile_4,5,1,4,9,5,4,4,4
gasoline_car,PT,28,female,7,paid_work,decile_3,5,2,4,10,8,2,4,4
gasoline_car,PT,40,female,6,paid_work,decile_5,5,2,2,4,2,3,5,4
gasoline_car,SI,50,female,2,sick_disabled,decile_3,5,3,3,5,1,6,5,2
gasoline_car,SI,64,female,4,retired,decile_4,2,1,4,9,7,5,6,2
gasoline_car,SI,65,female,3,retired,decile_5,2,1,3,8,1,4,4,3
public_transport,SI,73,female,6,retired,decile_8,5,1,5,8,1,3,5,3
gasoline_car,SI,56,female,4,paid_work,decile_2,5,2,3,5,3,5,6,5
gasoline_car,SI,42,female,6,paid_work,decile_6,5,2,3,5,6,3,5,4
gasoline_car,SI,57,female,3,paid_work,decile_9,5,1,3,5,5,4,5,5
bicycle,SI,42,female,6,paid_work,decile_9,5,2,4,5,7,3,6,3
walking,SI,39,female,7,paid_work,decile_5,5,1,3,8,7,1,2,2
gasoline_car,SI,59,female,4,unemployed_looking,decile_4,5,2,4,6,2,2,4,3
gasoline_car,SI,82,male,3,retired,decile_5,4,2,3,9,6,6,5,3
gasoline_car,SI,64,female,6,paid_work,decile_10,5,1,4,9,2,3,2,3
gasoline_car,SI,38,male,7,paid_work,decile_8,5,1,3,3,6,3,6,3
gasoline_car,SI,54,male,5,sick_disabled,decile_6,5,3,4,6,5,4,5,3
gasoline_car,SI,44,female,6,housework,decile_6,5,2,5,8,5,3,5,3
gasoline_car,SI,25,female,6,paid_work,decile_6,5,1,3,3,5,4,5,4
gasoline_car,SI,49,female,3,paid_work,decile_5,5,3,1,5,10,4,3,3
gasoline_car,SI,41,male,3,paid_work,decile_4,5,2,2,5,5,4,4,3
public_transport,SI,35,female,6,unemployed_not_looking,decile_9,5,1,3,5,5,6,4,4
gasoline_car,SI,26,female,4,education,decile_6,5,1,3,5,2,2,4,3
walking,SI,51,female,3,paid_work,decile_7,5,2,4,3,0,3,4,4
gasoline_car,SI,30,female,6,paid_work,decile_7,5,2,3,7,5,4,4,4
walking,SI,22,female,4,education,decile_8,5,1,3,8,6,5,6,3
gasoline_car,SI,31,female,7,paid_work,decile_3,5,1,5,10,0,4,6,3
gasoline_car,SI,22,female,4,unemployed_looking,decile_5,5,1,3,3,2,5,3,4
gasoline_car,SI,46,female,6,paid_work,decile_8,5,1,3,7,3,3,5,4
gasoline_car,SI,24,female,4,education,decile_6,5,1,4,6,2,3,4,3
gasoline_car,SI,54,male,4,paid_work,decile_8,5,1,4,9,5,3,3,3
gasoline_car,SI,55,male,5,paid_work,decile_10,5,1,4,8,5,3,5,4
gasoline_car,SI,58,female,3,housework,decile_1,1,2,5,7,10,0,2,5
gasoline_car,SI,37,female,4,paid_work,decile_9,5,1,4,10,0,6,4,5
gasoline_car,SI,50,female,7,paid_work,decile_4,5,1,3,5,3,3,5,2
bicycle,SI,62,female,6,paid_work,decile_10,5,1,1,0,9,3,6,2
gasoline_car,SI,40,female,6,paid_work,decile_6,5,1,3,5,10,2,5,3
walking,SI,70,female,6,housework,decile_5,5,2,3,6,5,1,4,3
gasoline_car,SI,80,female,3,retired,decile_1,1,1,4,10,10,0,6,3
gasoline_car,SI,61,female,4,paid_work,decile_2,5,2,3,8,2,3,4,4
gasoline_car,SI,40,female,4,paid_work,decile_8,5,1,4,9,6,2,5,4
gasoline_car,SI,23,female,4,education,decile_8,5,1,5,9,9,0,4,4
bicycle,SI,53,male,6,paid_work,decile_6,5,1,4,7,6,3,6,2
walking,SI,82,male,3,retired,decile_9,5,1,2,0,5,3,3,1
gasoline_car,SI,62,male,3,sick_disabled,decile_2,5,2,3,5,3,4,4,4
gasoline_car,SI,70,male,4,retired,decile_5,2,1,3,5,4,6,5,3
gasoline_car,SI,48,female,5,education,decile_3,5,1,3,7,1,4,5,4
bicycle,SI,73,male,7,paid_work,decile_5,5,1,5,7,10,3,3,3
gasoline_car,SI,79,male,3,retired,decile_3,1,1,3,5,10,6,6,3
gasoline_car,SI,50,male,3,paid_work,decile_7,2,1,4,8,5,3,5,3
gasoline_car,SI,52,male,3,paid_work,decile_5,5,1,1,0,5,3,6,1
bicycle,SI,64,female,6,paid_work,decile_10,5,1,4,8,5,2,3,3
walking,SI,38,female,7,paid_work,decile_5,5,1,2,8,2,1,3,3
walking,SI,60,female,2,paid_work,decile_3,5,2,3,5,7,1,2,3
walking,SI,76,female,5,retired,decile_5,2,1,3,6,8,4,5,3
walking,SI,73,male,4,housework,decile_5,5,1,2,6,8,4,5,3
gasoline_car,SI,34,male,5,paid_work,decile_7,5,1,1,5,5,4,4,4
bicycle,SI,66,male,5,retired,decile_10,3,1,3,4,3,5,5,3
electric_car,SI,52,male,2,paid_work,decile_8,5,1,3,7,6,4,5,4
gasoline_car,SI,39,male,4,paid_work,decile_7,5,1,3,10,4,6,5,2
gasoline_car,SI,50,female,7,paid_work,decile_5,5,1,3,10,0,4,3,4
gasoline_car,SI,32,female,3,housework,decile_3,5,2,3,8,1,3,3,3
electric_car,SI,51,male,4,paid_work,decile_7,5,2,2,3,0,3,4,2
gasoline_car,SI,75,male,2,retired,decile_2,2,3,4,9,6,2,3,4
gasoline_car,SI,66,male,3,paid_work,decile_6,3,2,3,6,9,4,6,2
gasoline_car,SI,69,female,5,retired,decile_6,5,1,3,6,3,4,4,3
walking,SI,62,male,3,unemployed_not_looking,decile_8,5,1,3,9,8,3,5,3
walking,SI,70,male,4,retired,decile_4,5,1,3,5,2,5,6,4
gasoline_car,SI,73,male,6,retired,decile_9,4,1,4,8,5,2,5,3
bicycle,SI,49,female,6,paid_work,decile_6,5,2,5,8,8,2,3,2
gasoline_car,SI,41,female,4,paid_work,decile_5,5,1,3,5,8,4,4,3
walking,SI,40,female,5,housework,decile_4,5,2,3,5,9,4,6,3
gasoline_car,SI,63,female,4,retired,decile_4,2,1,4,7,1,4,5,3
gasoline_car,SI,78,male,3,retired,decile_2,1,2,3,5,5,2,5,3
gasoline_car,SI,36,male,6,paid_work,decile_6,5,1,1,5,5,2,0,3
gasoline_car,SI,24,female,4,education,decile_4,5,1,2,6,9,5,5,3
gasoline_car,SI,46,male,6,paid_work,decile_7,5,1,3,8,7,5,6,4
gasoline_car,SI,62,female,7,paid_work,decile_10,4,1,2,10,0,3,6,2
gasoline_car,SI,67,male,6,paid_work,decile_10,5,1,3,5,2,5,5,4
public_transport,SI,77,male,3,retired,decile_4,5,2,4,8,5,4,6,4
walking,SI,71,female,3,retired,decile_1,1,2,3,6,10,4,5,3
gasoline_car,SI,33,male,7,paid_work,decile_8,5,1,3,6,7,6,5,3
gasoline_car,SI,66,female,4,retired,decile_6,3,1,4,7,4,6,2,2
gasoline_car,SI,72,male,3,retired,decile_4,2,2,4,8,2,6,6,3
walking,SI,31,male,7,paid_work,decile_8,5,1,3,3,3,4,5,2
bicycle,SI,67,female,5,retired,decile_4,5,3,4,7,8,4,4,3
gasoline_car,SI,63,male,4,paid_work,decile_5,5,1,4,2,2,5,5,3
gasoline_car,SI,61,female,5,paid_work,decile_5,5,1,4,6,1,6,5,3
gasoline_car,SI,33,female,4,paid_work,decile_7,5,1,3,4,4,5,4,4
gasoline_car,SI,68,female,4,retired,decile_5,1,2,4,2,2,3,5,3
gasoline_car,SI,79,male,3,retired,decile_5,1,1,4,8,0,2,0,4
gasoline_car,SI,56,male,7,paid_work,decile_5,5,1,3,0,9,5,3,4
gasoline_car,SI,22,female,4,education,decile_9,5,1,4,2,4,6,4,4
gasoline_car,SI,85,female,2,paid_work,decile_2,5,3,4,6,5,0,5,3
walking,SI,68,female,6,retired,decile_8,5,1,4,5,9,3,4,3
public_transport,SI,76,male,4,retired,decile_3,1,2,5,10,8,0,0,2
gasoline_car,SI,51,female,4,paid_work,decile_9,5,1,3,4,2,5,5,2
gasoline_car,SI,60,female,6,paid_work,decile_8,5,1,4,8,1,3,4,3
gasoline_car,SI,56,male,7,paid_work,decile_8,5,1,4,5,4,2,4,3
walking,SI,20,male,2,education,decile_3,5,1,3,5,3,0,6,5
gasoline_car,SI,47,female,5,paid_work,decile_9,5,1,3,10,3,2,5,3
walking,SI,63,female,5,housework,decile_5,5,2,4,6,5,4,4,3
gasoline_car,SI,64,male,2,paid_work,decile_6,2,1,4,9,7,2,3,3
gasoline_car,SI,60,female,2,unemployed_not_looking,decile_3,5,2,3,10,0,3,5,3
electric_car,SI,52,male,6,paid_work,decile_9,5,1,5,6,0,5,5,4
public_transport,SI,23,male,4,education,decile_8,5,1,4,8,6,5,4,3
public_transport,SI,65,female,7,retired,decile_5,4,1,4,6,3,5,5,3
gasoline_car,SI,43,female,5,unemployed_not_looking,decile_6,5,1,5,8,8,5,5,3
gasoline_car,SI,30,female,5,housework,decile_6,5,1,4,9,4,6,6,3
gasoline_car,SI,72,female,2,housework,decile_1,1,3,3,10,10,6,4,4
gasoline_car,SI,38,female,2,paid_work,decile_8,5,2,3,8,10,6,6,2
electric_car,SI,65,male,5,paid_work,decile_6,5,2,4,3,1,4,5,2
gasoline_car,SI,58,female,5,paid_work,decile_9,5,1,3,5,1,2,3,3
public_transport,SI,20,female,2,education,decile_5,5,1,4,6,7,4,5,3
gasoline_car,SI,60,female,3,paid_work,decile_8,5,1,5,10,7,2,5,5
electric_car,SI,30,female,7,paid_work,decile_8,5,1,3,7,7,5,6,3
gasoline_car,SI,54,female,4,paid_work,decile_4,5,1,3,6,10,2,6,1
gasoline_car,SI,65,female,3,retired,decile_1,5,4,4,7,0,0,3,5
gasoline_car,SI,46,female,6,paid_work,decile_9,4,1,3,7,0,5,5,5
walking,SI,64,female,4,retired,decile_4,5,2,3,5,7,5,5,3
walking,SI,85,male,6,retired,decile_6,1,1,3,7,5,4,6,1
bicycle,SI,31,female,7,paid_work,decile_6,5,2,3,8,7,2,3,3
gasoline_car,SI,57,male,3,paid_work,decile_6,5,2,3,5,3,4,5,3
gasoline_car,SI,73,male,3,retired,decile_4,2,2,3,5,5,4,4,4
electric_car,SI,58,female,6,paid_work,decile_10,5,1,4,9,9,3,5,2
public_transport,SI,22,female,4,education,decile_5,5,1,3,5,0,6,2,4
gasoline_car,SI,66,female,4,housework,decile_5,5,2,2,5,0,3,3,3
gasoline_car,SI,51,male,6,paid_work,decile_9,5,1,3,7,5,1,3,3
gasoline_car,SI,48,female,6,paid_work,decile_6,5,1,4,8,4,5,4,4
gasoline_car,SI,34,male,2,paid_work,decile_10,5,2,2,0,10,5,4,3
bicycle,SI,25,female,4,education,decile_2,5,2,4,6,2,2,3,3
bicycle,SI,69,male,1,paid_work,decile_2,1,3,1,8,9,0,6,5
gasoline_car,SI,49,female,4,paid_work,decile_2,4,2,3,6,7,3,4,2
gasoline_car,SI,24,female,4,education,decile_7,5,1,5,8,3,2,3,3
gasoline_car,SI,57,female,4,paid_work,decile_10,5,1,3,5,6,4,5,3
gasoline_car,SI,24,female,4,education,decile_5,5,1,3,6,6,3,4,3
gasoline_car,SI,41,female,6,paid_work,decile_8,5,1,3,5,5,4,3,3
walking,SI,69,male,6,retired,decile_8,5,2,3,8,6,5,5,3
gasoline_car,SI,42,male,4,paid_work,decile_6,5,1,2,2,3,4,4,3
gasoline_car,SI,38,male,3,paid_work,decile_4,5,1,3,2,5,5,5,3
gasoline_car,SI,45,female,7,paid_work,decile_6,5,1,3,9,6,2,3,3
gasoline_car,SI,49,male,6,paid_work,decile_8,5,1,3,5,6,6,4,2
walking,SI,43,male,4,paid_work,decile_5,5,1,4,6,10,3,4,3
gasoline_car,SI,83,male,4,retired,decile_4,2,1,4,0,1,1,0,5
public_transport,SI,46,female,3,paid_work,decile_7,5,2,3,5,9,5,5,3
electric_car,SI,47,female,6,paid_work,decile_9,5,2,3,5,0,4,3,3
gasoline_car,SI,58,female,7,paid_work,decile_10,5,1,4,7,2,5,6,3
walking,SI,80,female,4,housework,decile_5,2,1,4,9,9,3,5,2
gasoline_car,SI,74,female,5,retired,decile_7,3,1,3,5,0,4,4,2
gasoline_car,SI,34,female,6,paid_work,decile_8,5,1,3,7,4,4,4,3
electric_car,SI,57,female,4,paid_work,decile_4,5,1,3,6,6,3,5,1
walking,SI,73,male,4,retired,decile_4,5,2,4,8,7,2,4,4
walking,SI,69,female,6,housework,decile_8,5,1,4,10,3,1,4,2
gasoline_car,SI,47,male,4,paid_work,decile_10,5,1,4,5,1,1,5,2
gasoline_car,SI,59,male,3,paid_work,decile_5,5,2,4,7,5,4,4,3
gasoline_car,SI,28,male,4,paid_work,decile_3,5,2,3,10,5,6,6,1
electric_car,SI,51,female,4,paid_work,decile_9,5,1,4,8,4,5,6,3
gasoline_car,SI,34,male,6,sick_disabled,decile_4,5,1,4,6,5,4,3,3
public_transport,SI,22,female,4,education,decile_9,5,1,2,4,4,4,2,4
gasoline_car,SI,27,male,6,education,decile_9,5,1,3,7,2,6,6,3
gasoline_car,SI,36,female,6,paid_work,decile_5,5,2,4,6,4,3,2,4
gasoline_car,SI,56,male,3,retired,decile_4,1,2,3,4,2,4,6,1
gasoline_car,SI,35,male,4,paid_work,decile_7,5,1,3,7,5,2,2,3
walking,SI,72,female,7,retired,decile_5,5,1,3,5,8,3,5,3
gasoline_car,SI,79,male,6,retired,decile_6,1,2,4,7,6,4,5,4
gasoline_car,SI,25,male,4,paid_work,decile_10,5,1,2,1,3,5,5,4
bicycle,SI,23,male,4,paid_work,decile_2,3,2,4,8,5,5,6,4
walking,SI,48,male,3,paid_work,decile_8,5,1,3,5,5,2,2,4
bicycle,SI,70,female,2,retired,decile_4,5,1,4,10,10,1,5,3
gasoline_car,SI,32,male,7,paid_work,decile_7,5,1,1,1,2,2,4,4
gasoline_car,SI,26,female,6,paid_work,decile_10,5,1,3,5,6,3,3,3
gasoline_car,SI,30,female,4,paid_work,decile_2,5,3,4,8,2,4,4,4
gasoline_car,SI,58,male,4,paid_work,decile_4,5,1,2,5,5,2,6,1
gasoline_car,SI,29,male,6,paid_work,decile_8,5,1,2,5,2,3,3,2
gasoline_car,SI,38,female,7,paid_work,decile_8,5,1,3,5,4,3,4,3
gasoline_car,SI,22,female,4,education,decile_5,5,1,4,7,0,5,5,4
electric_car,SI,70,male,6,retired,decile_7,5,1,4,9,6,5,6,1
public_transport,SI,24,female,4,education,decile_6,5,1,4,8,3,0,5,3
gasoline_car,SI,55,female,3,paid_work,decile_8,5,1,2,4,7,1,3,3
gasoline_car,SI,65,female,4,paid_work,decile_7,5,1,3,6,6,5,4,2
gasoline_car,SI,29,male,4,paid_work,decile_7,5,1,1,10,10,3,2,5
walking,SI,71,male,6,retired,decile_5,5,1,2,5,5,1,6,2
gasoline_car,SI,57,male,6,paid_work,decile_8,5,1,3,7,5,4,5,4
gasoline_car,SI,34,male,4,paid_work,decile_7,5,2,2,3,7,3,3,3
walking,SI,34,male,4,paid_work,decile_2,5,1,4,5,5,3,5,3
gasoline_car,SI,39,male,7,paid_work,decile_8,5,2,3,5,7,4,4,3
walking,SI,66,male,6,retired,decile_7,5,1,2,5,7,3,6,2
bicycle,SI,41,female,5,paid_work,decile_6,5,1,3,6,8,3,5,3
gasoline_car,SI,30,female,4,paid_work,decile_9,5,1,3,5,4,5,5,4
gasoline_car,SI,60,male,6,paid_work,decile_8,5,1,3,8,5,2,5,3
walking,SI,63,female,3,retired,decile_3,5,1,4,8,0,6,5,5
gasoline_car,SI,71,female,6,paid_work,decile_4,5,2,3,8,2,1,6,3
electric_car,SI,52,male,6,paid_work,decile_9,5,1,3,4,1,2,5,3
public_transport,SI,71,female,2,retired,decile_1,5,3,4,10,4,2,6,2
walking,SI,76,female,2,retired,decile_1,1,4,3,5,2,2,4,4
gasoline_car,SI,37,male,4,paid_work,decile_10,5,2,3,3,10,3,0,5
gasoline_car,SI,27,female,3,housework,decile_4,5,2,3,4,2,3,2,3
gasoline_car,SI,58,male,4,paid_work,decile_9,5,1,4,9,1,5,5,4
gasoline_car,SI,34,female,7,paid_work,decile_9,5,1,4,8,8,1,5,2
gasoline_car,SI,79,male,6,retired,decile_6,3,1,4,6,7,4,6,3
gasoline_car,SI,58,female,6,paid_work,decile_6,5,1,3,7,6,6,5,2
gasoline_car,SI,30,male,6,paid_work,decile_9,5,1,2,4,5,5,5,3
gasoline_car,SI,52,female,6,paid_work,decile_10,5,1,3,7,0,3,4,3
bicycle,SI,63,male,3,retired,decile_10,5,1,3,0,10,2,5,1
gasoline_car,SI,55,male,3,paid_work,decile_9,5,1,3,5,7,3,5,2
gasoline_car,SI,55,female,6,paid_work,decile_8,5,1,3,5,0,4,5,3
gasoline_car,SI,44,female,4,paid_work,decile_2,5,2,4,8,2,2,3,3
gasoline_car,SI,50,female,4,paid_work,decile_3,5,2,3,5,0,4,3,4
walking,SI,59,male,5,paid_work,decile_8,5,2,2,10,5,4,5,3
gasoline_car,SI,56,female,4,paid_work,decile_3,5,1,4,8,5,3,3,3
gasoline_car,SI,50,male,3,paid_work,decile_10,5,1,2,5,0,5,3,3
gasoline_car,SI,60,male,3,paid_work,decile_4,1,3,4,3,0,1,0,4
electric_car,SI,66,female,4,retired,decile_7,3,1,5,9,3,5,4,2
bicycle,SI,31,female,4,education,decile_6,5,1,4,7,8,2,5,2
public_transport,SI,25,female,4,paid_work,decile_4,5,2,4,7,3,5,4,4
bicycle,SI,75,male,5,retired,decile_6,5,1,4,7,10,4,5,2
gasoline_car,SI,27,male,6,paid_work,decile_9,5,1,3,6,0,4,5,3
gasoline_car,SI,71,male,5,retired,decile_9,5,1,3,5,5,5,6,2
gasoline_car,SI,61,male,5,retired,decile_8,5,1,3,8,0,3,4,3
walking,SI,71,female,4,retired,decile_1,5,4,4,4,0,1,3,3
gasoline_car,SI,64,female,4,retired,decile_1,5,2,4,7,5,3,3,3
gasoline_car,SI,43,male,6,paid_work,decile_8,5,2,4,7,6,4,4,4
public_transport,SI,78,female,6,retired,decile_6,5,1,3,0,5,3,4,1
gasoline_car,SI,38,male,4,paid_work,decile_6,5,2,4,7,3,4,5,3
gasoline_car,SI,37,female,4,paid_work,decile_3,5,2,3,5,0,1,4,3
electric_car,SI,70,female,4,retired,decile_6,5,1,2,5,8,6,5,3
walking,SI,66,female,6,retired,decile_10,5,1,3,5,5,5,5,2
gasoline_car,SI,56,male,6,paid_work,decile_5,5,2,4,8,2,2,2,2
public_transport,SI,22,female,4,education,decile_7,5,1,3,8,0,6,4,4
walking,SI,41,female,7,paid_work,decile_10,5,1,4,6,3,3,6,2
gasoline_car,SI,44,female,4,paid_work,decile_9,5,1,3,7,0,1,6,3
gasoline_car,SI,58,male,6,paid_work,decile_9,5,1,3,5,7,2,5,2
gasoline_car,SI,37,male,5,paid_work,decile_8,5,1,4,2,3,3,4,4
gasoline_car,SI,72,female,6,retired,decile_3,5,2,4,0,0,2,2,3
gasoline_car,SI,23,male,4,education,decile_5,5,2,3,8,7,5,5,3
bicycle,SI,70,female,5,retired,decile_5,5,2,3,4,4,6,5,3
bicycle,SI,78,male,6,retired,decile_6,5,1,4,7,9,4,4,3
gasoline_car,SI,31,male,4,paid_work,decile_10,5,1,2,5,8,5,6,2
electric_car,SI,37,male,4,paid_work,decile_7,5,1,2,5,7,5,5,3
walking,SI,63,female,6,paid_work,decile_8,5,1,4,10,5,4,5,3
gasoline_car,SI,21,female,4,education,decile_5,5,2,4,9,10,1,3,4
gasoline_car,SI,62,female,4,paid_work,decile_8,3,2,4,9,7,6,4,3
electric_car,SI,66,male,4,retired,decile_1,5,2,4,8,10,3,4,1
gasoline_car,SI,71,male,6,retired,decile_7,5,1,2,0,5,3,6,2
gasoline_car,SI,35,female,4,paid_work,decile_4,5,2,3,6,5,2,3,3
gasoline_car,SI,66,male,2,retired,decile_3,3,3,3,10,3,6,6,2
gasoline_car,SI,38,female,6,housework,decile_10,5,1,2,4,5,4,5,3
gasoline_car,SI,21,female,2,education,decile_5,5,1,4,5,0,4,2,3
bicycle,SI,72,male,6,retired,decile_9,5,1,2,4,9,5,6,2
gasoline_car,SI,27,male,5,paid_work,decile_8,5,2,2,5,9,4,5,3
gasoline_car,SI,23,female,4,education,decile_6,5,2,3,7,7,5,4,4
gasoline_car,SI,36,female,6,housework,decile_5,5,1,4,6,3,1,4,3
walking,SI,61,female,4,paid_work,decile_3,5,2,2,4,6,3,5,3
gasoline_car,SI,90,male,5,retired,decile_2,1,3,3,5,8,2,4,2
gasoline_car,SI,41,male,6,paid_work,decile_10,5,1,4,9,4,3,5,4
public_transport,SI,52,female,6,paid_work,decile_7,5,1,4,7,7,3,5,3
walking,SI,32,male,5,paid_work,decile_10,5,1,3,8,8,4,2,2
gasoline_car,SI,52,male,6,paid_work,decile_9,5,1,4,7,5,4,4,4
gasoline_car,SI,20,female,2,education,decile_7,4,1,3,5,5,3,4,3
gasoline_car,SI,34,female,7,paid_work,decile_8,5,1,3,8,7,3,5,2
walking,SI,69,female,5,retired,decile_5,5,1,3,7,6,4,5,3
gasoline_car,SI,22,male,4,education,decile_5,5,1,3,6,9,5,3,4
gasoline_car,SI,36,female,6,paid_work,decile_3,5,1,4,9,0,5,6,4
gasoline_car,SI,41,male,6,paid_work,decile_9,5,1,3,8,2,2,4,3
walking,SI,74,female,3,housework,decile_4,1,4,5,10,4,3,4,4
gasoline_car,SI,47,female,4,housework,decile_3,5,2,2,1,5,2,4,3
walking,SI,72,male,4,retired,decile_4,3,2,3,9,9,5,5,4
gasoline_car,SI,30,female,6,paid_work,decile_10,5,1,3,4,4,3,3,4
gasoline_car,SI,40,female,6,paid_work,decile_9,5,1,5,10,0,3,5,5
gasoline_car,SI,54,female,5,sick_disabled,decile_2,2,3,3,8,5,4,4,3
gasoline_car,SI,20,male,2,education,decile_9,5,1,3,3,0,4,1,4
gasoline_car,SI,32,female,6,paid_work,decile_8,5,2,4,8,8,4,4,5
gasoline_car,SI,31,female,6,paid_work,decile_10,5,1,3,7,2,2,5,4
gasoline_car,SI,53,female,6,paid_work,decile_10,5,1,4,0,4,5,3,4
gasoline_car,SI,62,female,5,paid_work,decile_5,4,2,3,5,5,3,5,2
walking,SI,67,male,4,paid_work,decile_4,5,1,3,1,0,0,4,3
gasoline_car,SI,58,male,5,paid_work,decile_4,5,2,3,5,5,3,5,3
gasoline_car,SI,49,female,6,paid_work,decile_9,4,1,3,7,2,6,6,2
gasoline_car,SI,66,male,3,retired,decile_4,5,2,5,10,0,6,6,4
gasoline_car,SI,44,male,3,paid_work,decile_2,5,1,3,6,7,5,4,3
gasoline_car,SI,79,female,6,retired,decile_8,5,1,2,8,5,6,6,2
gasoline_car,SI,61,male,3,retired,decile_4,5,1,2,5,5,5,4,3
gasoline_car,SI,28,male,4,paid_work,decile_9,5,1,2,3,5,4,4,4
gasoline_car,SI,20,female,2,education,decile_9,5,1,4,7,8,4,3,3
gasoline_car,SI,44,female,3,paid_work,decile_5,5,2,3,8,1,4,5,4
bicycle,SI,44,male,6,paid_work,decile_7,5,1,3,5,5,1,4,3
gasoline_car,SI,32,male,4,paid_work,decile_9,5,1,3,7,10,6,5,4
gasoline_car,SI,57,female,6,paid_work,decile_7,5,2,4,9,4,2,4,3
walking,SI,46,female,3,paid_work,decile_3,5,2,3,5,5,3,2,3
gasoline_car,SI,58,female,4,paid_work,decile_5,5,1,1,2,0,1,5,2
bicycle,SI,70,male,4,retired,decile_4,1,3,4,5,7,4,6,2
walking,SI,73,male,6,retired,decile_5,5,1,1,3,8,5,5,4
gasoline_car,SI,25,female,4,paid_work,decile_9,5,1,4,8,3,5,5,4
gasoline_car,SI,60,male,6,paid_work,decile_10,4,1,4,2,5,6,3,2
gasoline_car,SI,79,male,6,retired,decile_7,2,1,4,6,3,4,6,3
gasoline_car,SI,51,female,7,paid_work,decile_10,5,1,3,3,4,3,4,3
gasoline_car,SI,39,female,4,paid_work,decile_8,5,1,3,8,7,6,5,4
gasoline_car,SI,74,female,4,retired,decile_5,5,1,5,10,8,6,6,2
gasoline_car,SI,68,female,2,retired,decile_5,5,1,3,5,4,3,3,3
gasoline_car,SI,54,female,6,paid_work,decile_10,5,1,3,5,6,3,5,2
gasoline_car,SI,51,female,3,other,decile_4,5,3,5,6,5,3,5,4
electric_car,SI,59,male,4,paid_work,decile_6,5,1,4,6,3,4,4,2
gasoline_car,SI,60,male,6,paid_work,decile_7,5,2,1,0,0,6,5,5
walking,SI,23,male,4,unemployed_not_looking,decile_7,5,1,2,3,3,5,5,2
walking,SI,80,male,4,retired,decile_5,2,3,3,5,5,3,3,3
electric_car,SI,53,female,6,paid_work,decile_10,5,1,4,8,0,4,4,2
gasoline_car,SI,38,male,4,paid_work,decile_3,5,2,4,8,4,4,2,4
walking,SI,28,female,6,education,decile_5,5,1,4,8,8,4,5,4
gasoline_car,SI,21,male,3,education,decile_2,5,1,1,5,5,3,3,3
gasoline_car,SI,61,male,3,paid_work,decile_10,2,1,3,6,3,4,5,3
walking,SI,21,female,2,education,decile_1,5,3,4,5,5,1,2,3
walking,SI,70,male,3,retired,decile_4,2,1,3,5,10,2,4,2
gasoline_car,SI,48,male,6,paid_work,decile_8,5,1,3,7,4,4,5,3
gasoline_car,SI,73,male,6,retired,decile_7,5,1,3,5,4,3,5,2
gasoline_car,SI,62,female,5,paid_work,decile_10,5,1,4,5,3,6,5,3
walking,SI,37,female,6,paid_work,decile_5,4,1,3,5,7,4,5,2
gasoline_car,SI,56,male,4,paid_work,decile_5,5,2,3,4,2,5,5,3
gasoline_car,SI,34,female,6,paid_work,decile_6,5,1,3,2,0,5,4,5
gasoline_car,SI,21,male,2,education,decile_6,5,1,3,5,5,6,6,3
gasoline_car,SI,42,female,7,paid_work,decile_10,5,1,3,5,5,4,4,3
walking,SI,33,male,7,paid_work,decile_10,5,1,4,6,3,4,5,2
gasoline_car,SI,49,female,6,paid_work,decile_2,5,4,1,5,5,3,6,1
gasoline_car,SI,49,female,6,paid_work,decile_6,5,1,4,9,2,3,5,3
public_transport,SI,56,female,6,paid_work,decile_7,5,2,4,8,8,4,5,3
gasoline_car,SI,58,male,6,unemployed_not_looking,decile_5,3,1,4,8,3,5,5,3
bicycle,SI,23,female,4,education,decile_7,5,1,3,8,8,4,5,2
walking,SI,38,male,4,paid_work,decile_6,5,1,4,4,0,4,5,4
walking,SI,71,male,4,retired,decile_4,5,2,4,9,2,4,6,3
gasoline_car,SI,36,female,6,paid_work,decile_7,5,2,4,5,0,0,2,4
gasoline_car,SI,82,male,6,retired,decile_8,3,1,3,4,3,5,2,4
gasoline_car,SI,50,female,7,paid_work,decile_10,5,1,2,4,8,4,6,3
walking,SI,69,female,2,retired,decile_3,3,2,4,8,6,3,5,4
gasoline_car,SI,59,female,4,paid_work,decile_8,5,1,4,8,6,2,5,4
gasoline_car,SI,51,female,6,paid_work,decile_10,5,1,4,5,2,3,5,3
gasoline_car,SI,53,male,6,paid_work,decile_7,5,1,3,5,0,3,2,4
gasoline_car,SI,70,female,4,retired,decile_3,4,2,3,3,4,3,5,5
walking,SI,76,male,4,retired,decile_5,1,2,3,7,7,3,6,2
gasoline_car,SI,55,female,3,paid_work,decile_5,2,2,3,5,3,3,5,3
walking,SI,45,female,4,paid_work,decile_7,5,2,3,7,4,2,3,2
gasoline_car,SI,31,female,7,paid_work,decile_9,5,1,3,8,2,2,5,3
walking,SI,74,female,4,retired,decile_2,3,2,4,7,8,3,5,3
gasoline_car,SI,36,male,6,paid_work,decile_10,5,1,5,6,4,3,6,1
public_transport,SI,25,male,6,education,decile_6,5,1,3,3,6,2,4,4
gasoline_car,SI,72,male,4,retired,decile_6,5,1,3,6,8,2,5,2
gasoline_car,SI,57,male,7,paid_work,decile_7,5,1,3,6,7,6,5,2
gasoline_car,SI,90,male,5,retired,decile_6,1,1,2,3,9,5,5,2
public_transport,SI,90,male,3,retired,decile_5,5,2,3,1,9,2,5,4
walking,SI,71,female,6,retired,decile_10,4,2,5,5,8,3,5,3
gasoline_car,SI,51,male,5,paid_work,decile_7,5,1,2,5,1,4,5,4
gasoline_car,SI,67,female,3,retired,decile_5,5,2,4,10,5,1,6,3
gasoline_car,SI,49,female,2,paid_work,decile_3,4,3,3,5,5,4,5,3
gasoline_car,SI,60,female,7,paid_work,decile_8,5,1,3,6,8,4,5,1
gasoline_car,SI,50,female,4,paid_work,decile_4,5,1,3,6,6,2,3,2
gasoline_car,SI,23,male,4,education,decile_4,5,1,3,6,8,4,5,3
gasoline_car,SI,51,male,4,paid_work,decile_7,5,1,5,5,4,6,6,4
bicycle,SI,36,female,7,education,decile_2,5,2,4,8,7,3,5,3
gasoline_car,SI,44,female,4,paid_work,decile_3,5,1,3,5,7,3,3,3
gasoline_car,SI,55,female,6,sick_disabled,decile_10,5,1,5,8,1,2,3,3
gasoline_car,SI,46,female,6,paid_work,decile_9,5,1,3,5,6,3,3,4
gasoline_car,SI,26,female,6,education,decile_8,5,1,4,5,5,0,5,3
gasoline_car,SI,70,male,4,retired,decile_4,3,2,3,10,0,3,4,4
gasoline_car,SI,22,male,4,education,decile_2,4,2,2,5,5,2,2,3
gasoline_car,SI,39,male,4,paid_work,decile_5,2,4,4,5,10,4,2,4
gasoline_car,SI,38,female,6,paid_work,decile_4,5,1,4,10,5,1,6,4
gasoline_car,SI,78,female,4,retired,decile_5,5,2,3,5,5,6,3,4
gasoline_car,SI,43,female,4,paid_work,decile_8,5,1,3,2,8,5,6,4
gasoline_car,SI,43,male,3,paid_work,decile_7,5,1,2,0,3,2,4,3
gasoline_car,SI,68,male,3,retired,decile_5,2,1,4,5,6,3,6,3
gasoline_car,SI,51,male,3,paid_work,decile_8,5,1,3,3,2,3,4,4
gasoline_car,SI,68,female,4,retired,decile_3,3,1,4,9,0,3,5,2
gasoline_car,SI,33,female,6,paid_work,decile_10,5,1,4,7,3,4,5,2
gasoline_car,SI,45,female,6,paid_work,decile_6,5,1,4,8,2,3,2,2
walking,SI,60,male,4,retired,decile_1,5,4,5,5,3,1,3,3
gasoline_car,SI,47,female,6,paid_work,decile_9,5,2,3,7,5,0,5,2
gasoline_car,SI,36,female,6,paid_work,decile_6,5,1,3,7,0,5,5,3
gasoline_car,SI,65,female,4,housework,decile_4,5,2,3,9,5,4,3,2
gasoline_car,SI,85,male,3,retired,decile_3,1,1,3,3,3,3,6,3
gasoline_car,SI,46,male,4,paid_work,decile_3,5,2,3,5,8,2,5,4
public_transport,SI,56,female,7,paid_work,decile_10,5,1,3,7,3,3,4,3
gasoline_car,SI,24,female,4,education,decile_8,5,1,4,7,0,4,5,3
bicycle,SI,32,female,4,paid_work,decile_9,5,1,4,7,3,4,6,2
gasoline_car,SI,60,female,3,paid_work,decile_2,2,1,4,7,0,2,5,4
walking,SI,85,male,4,retired,decile_6,5,1,2,8,10,2,6,4
gasoline_car,SI,33,male,4,paid_work,decile_8,5,2,3,6,10,0,4,4
bicycle,SI,48,female,6,paid_work,decile_5,5,1,3,4,5,5,4,2
gasoline_car,SI,43,male,4,paid_work,decile_4,5,1,4,8,6,2,4,4
gasoline_car,SI,35,female,6,housework,decile_6,5,1,3,4,0,1,5,3
walking,SI,60,female,6,paid_work,decile_9,5,1,5,7,3,5,5,2
walking,SI,53,male,5,paid_work,decile_8,5,1,3,8,3,2,4,4
gasoline_car,SI,78,male,6,retired,decile_5,4,2,4,6,7,4,6,2
